,name,github_id,description,resource,category,homepage,contributor_count,github_url,license,created_at,updated_at,fork_count,open_issue_count,star_count,projectrank,show,dependent_project_count,github_dependent_project_count,pypi_id,conda_id,npm_id,pypi_url,pypi_latest_release_published_at,latest_stable_release_published_at,latest_stable_release_number,release_count,pypi_dependent_project_count,pypi_monthly_downloads,monthly_downloads,conda_url,conda_latest_release_published_at,conda_total_downloads,npm_url,npm_latest_release_published_at,npm_dependent_project_count,npm_monthly_downloads,projectrank_placing,labels,dockerhub_id,helm_id,dockerhub_url,dockerhub_latest_release_published_at,dockerhub_stars,dockerhub_pulls,trending,conda_dependent_project_count,brew_id,docs_url,gitlab_id,gitlab_url,closed_issue_count
0,best-of-ml-python - Computer Vision,ml-tooling/best-of-ml-python,Collection of computer vision and image processing libraries.,True,computer-vision,https://github.com/ml-tooling/best-of-ml-python,57.0,https://github.com/ml-tooling/best-of-ml-python,CC-BY-SA-4.0,2020-11-29 19:41:36.000,2024-10-03 18:53:57.000,2360.0,27.0,16330.0,0,True,,,,,,,,,,,,,,,,,,,,,,,,,,,,,,,,,,,
1,best-of-web-python - Web UI,ml-tooling/best-of-web-python,Collection of libraries to implement web-based UIs.,True,gui-dev,https://github.com/ml-tooling/best-of-web-python,17.0,https://github.com/ml-tooling/best-of-web-python,CC-BY-SA-4.0,2021-01-05 13:09:27.000,2025-10-09 17:36:28.000,192.0,3.0,2617.0,0,True,,,,,,,,,,,,,,,,,,,,,,,,,,,,,,,,,,,
2,best-of-python-dev,ml-tooling/best-of-python-dev,A ranked list of awesome python developer tools and libraries. Updated weekly.,True,dev-utils,https://github.com/ml-tooling/best-of-python-dev,8.0,https://github.com/ml-tooling/best-of-python-dev,CC-BY-SA-4.0,2021-01-08 14:46:24.000,2025-10-09 16:30:15.000,53.0,4.0,1186.0,0,True,,,,,,,,,,,,,,,,,,,,,,,,,,,,,,,,,,,
3,best-of-web-python,ml-tooling/best-of-web-python,A ranked list of awesome python libraries for web development. Updated weekly.,True,web-dev,https://github.com/ml-tooling/best-of-web-python,17.0,https://github.com/ml-tooling/best-of-web-python,CC-BY-SA-4.0,2021-01-05 13:09:27.000,2025-10-09 17:36:28.000,192.0,3.0,2617.0,0,True,,,,,,,,,,,,,,,,,,,,,,,,,,,,,,,,,,,
4,best-of-ml-python,ml-tooling/best-of-ml-python,A ranked list of awesome machine learning Python libraries. Updated weekly.,True,machine-learning,https://github.com/ml-tooling/best-of-ml-python,57.0,https://github.com/ml-tooling/best-of-ml-python,CC-BY-SA-4.0,2020-11-29 19:41:36.000,2024-10-03 18:53:57.000,2360.0,27.0,16330.0,0,True,,,,,,,,,,,,,,,,,,,,,,,,,,,,,,,,,,,
5,python-patterns,faif/python-patterns,Collection of design patterns/idioms in Python.,True,algorithms,https://github.com/faif/python-patterns,150.0,https://github.com/faif/python-patterns,,2012-06-06 21:02:35.000,2026-03-13 17:04:16.000,7027.0,15.0,42722.0,0,True,24.0,24.0,,,,,,,,,,,,,,,,,,,,,,,,,,,,,,,,,
6,best-of-ml-python - NLP,ml-tooling/best-of-ml-python,Collection of text processing and NLP libraries.,True,text,https://github.com/ml-tooling/best-of-ml-python#text-data--nlp,57.0,https://github.com/ml-tooling/best-of-ml-python,CC-BY-SA-4.0,2020-11-29 19:41:36.000,2024-10-03 18:53:57.000,2360.0,27.0,16330.0,0,True,,,,,,,,,,,,,,,,,,,,,,,,,,,,,,,,,,,
7,protobuf,protocolbuffers/protobuf,Protocol Buffers - Googles data interchange format.,,serialization,https://github.com/protocolbuffers/protobuf,1467.0,https://github.com/protocolbuffers/protobuf,BSD-3-Clause,2014-08-26 15:52:15.000,2026-07-30 07:02:20.000,16199.0,306.0,71660.0,40,True,1011052.0,994777.0,protobuf,conda-forge/protobuf,google-protobuf,https://pypi.org/project/protobuf,2026-07-09 21:29:35.000,2026-06-11 21:55:31.000,7.35.1,223.0,12454.0,831239313.0,853428159.0,https://anaconda.org/conda-forge/protobuf,2026-06-13 13:38:31.120,33584097.0,https://www.npmjs.com/package/google-protobuf,2026-02-24 10:57:24.592,3821.0,21735007.0,1.0,,,,,,,,,,,,,,
8,pandas,pandas-dev/pandas,"Flexible and powerful data analysis / manipulation library for Python, providing labeled data structures similar to R..",,data-containers,https://github.com/pandas-dev/pandas,4256.0,https://github.com/pandas-dev/pandas,BSD-3-Clause,2010-08-24 01:37:33.000,2026-07-28 22:38:07.254,20152.0,2910.0,49291.0,40,True,2988121.0,2859682.0,pandas,conda-forge/pandas,,https://pypi.org/project/pandas,2026-07-22 22:17:48.000,2026-07-22 22:17:48.000,3.0.5,140.0,128439.0,735032234.0,736339794.0,https://anaconda.org/conda-forge/pandas,2026-07-28 22:38:07.254,90221667.0,,,,,1.0,['pandas'],,,,,,,,,,,,,
9,numpy,numpy/numpy,The fundamental package for scientific computing with Python.,,data-containers,https://github.com/numpy/numpy,2117.0,https://github.com/numpy/numpy,,2010-09-13 23:02:39.000,2026-07-13 13:30:24.000,12563.0,2398.0,32355.0,38,False,3870202.0,3671677.0,numpy,conda-forge/numpy,,https://pypi.org/project/numpy,2026-07-04 17:06:12.000,2026-07-04 17:06:12.000,2.5.1,194.0,198525.0,1093710899.0,1095707301.0,https://anaconda.org/conda-forge/numpy,2026-07-05 00:25:51.477,145737386.0,,,,,1.0,,,,,,,,,,,,,,
10,click,pallets/click,Python composable command line interface toolkit.,,cli-helpers,https://github.com/pallets/click,451.0,https://github.com/pallets/click,BSD-3-Clause,2014-04-24 09:52:19.000,2026-07-03 13:30:39.434,1836.0,100.0,17565.0,38,True,2458500.0,2387410.0,click,conda-forge/click,,https://pypi.org/project/click,2026-06-24 17:45:13.000,2026-06-24 17:45:13.000,8.4.2,64.0,71090.0,1043537316.0,1044648383.0,https://anaconda.org/conda-forge/click,2026-07-03 13:30:39.434,68886168.0,,,,,1.0,,,,,,,,,,,,,,
11,boto3,boto/boto3,"Boto3, an AWS SDK for Python.",,db-clients,https://github.com/boto/boto3,173.0,https://github.com/boto/boto3,Apache-2.0,2014-10-03 21:38:03.000,2026-07-29 19:33:23.000,1977.0,188.0,9868.0,38,True,631982.0,609912.0,boto3,conda-forge/boto3,,https://pypi.org/project/boto3,2026-07-29 19:33:23.000,2026-07-29 19:33:23.000,1.43.59,2083.0,22070.0,3594641803.0,3595106802.0,https://anaconda.org/conda-forge/boto3,2026-07-29 14:32:43.673,34409984.0,,,,,1.0,,,,,,,,,,,,,,
12,SQLAlchemy,sqlalchemy/sqlalchemy,The Database Toolkit for Python.,,db-clients,https://github.com/sqlalchemy/sqlalchemy,855.0,https://github.com/sqlalchemy/sqlalchemy,MIT,2018-11-27 03:35:03.000,2026-06-27 20:21:20.000,1704.0,207.0,11945.0,37,True,1218559.0,1197677.0,SQLAlchemy,conda-forge/sqlalchemy,,https://pypi.org/project/SQLAlchemy,2026-06-27 18:52:29.000,2026-06-15 15:41:20.000,2.0.51,329.0,20882.0,406176295.0,406623232.0,https://anaconda.org/conda-forge/sqlalchemy,2026-06-15 18:35:52.735,29944812.0,,,,,1.0,,,,,,,,,,,,,,
13,botocore,boto/botocore,"The low-level, core functionality of boto3 and the AWS CLI.",,infrastructure,https://github.com/boto/botocore,223.0,https://github.com/boto/botocore,Apache-2.0,2012-11-13 13:25:36.000,2026-07-29 19:33:10.000,1168.0,183.0,1634.0,37,True,445104.0,440334.0,botocore,conda-forge/botocore,,https://pypi.org/project/botocore,2026-07-29 19:33:10.000,2026-07-29 19:33:10.000,1.43.59,2481.0,4770.0,1443077777.0,1443783475.0,https://anaconda.org/conda-forge/botocore,2026-07-29 07:57:56.550,47987531.0,,,,,1.0,,,,,,,,,,,,,,
14,rich,Textualize/rich,Rich is a Python library for rich text and beautiful formatting in the terminal.,,cli-helpers,https://github.com/Textualize/rich,289.0,https://github.com/Textualize/rich,MIT,2019-11-10 15:28:09.000,2026-04-12 11:02:00.080,2156.0,325.0,56361.0,36,True,599183.0,555415.0,rich,conda-forge/rich,,https://pypi.org/project/rich,2026-04-12 08:24:02.000,2026-04-12 08:24:02.000,15.0.0,207.0,43768.0,589362402.0,589685931.0,https://anaconda.org/conda-forge/rich,2026-04-12 11:02:00.080,23294095.0,,,,,1.0,,,,,,,,,,,,,,
15,Airflow,apache/airflow,"Platform to programmatically author, schedule, and monitor workflows.",,data-pipelines,https://github.com/apache/airflow,4516.0,https://github.com/apache/airflow,Apache-2.0,2015-04-13 18:04:58.000,2026-07-30 13:11:36.000,17488.0,1822.0,46960.0,36,True,20705.0,19772.0,apache-airflow,conda-forge/airflow,,https://pypi.org/project/apache-airflow,2026-07-06 13:55:35.000,2026-07-06 13:55:35.000,3.3.0,298.0,933.0,21747894.0,33772285.0,https://anaconda.org/conda-forge/airflow,2026-07-11 21:37:30.615,2103605.0,,,,,1.0,,apache/airflow,stable/airflow,https://hub.docker.com/r/apache/airflow,2026-07-19 02:57:52.872820,634.0,1619348712.0,,,,,,,
16,Celery,celery/celery,Asynchronous task queue/job queue based on distributed message passing.,,data-pipelines,https://github.com/celery/celery,1529.0,https://github.com/celery/celery,BSD-3-Clause,2009-04-24 11:31:24.000,2026-07-26 04:00:56.633,5082.0,789.0,28618.0,36,True,191611.0,188970.0,celery,conda-forge/celery,,https://pypi.org/project/celery,2026-03-26 12:14:49.000,2026-03-26 12:14:49.000,5.6.3,227.0,2641.0,56007709.0,56048146.0,https://anaconda.org/conda-forge/celery,2026-07-26 04:00:56.633,2951927.0,,,,,1.0,,,,,,,,,,,,,,
17,pydantic,samuelcolvin/pydantic,Data validation using Python type hints.,,data-validation,https://github.com/pydantic/pydantic,792.0,,MIT,2020-07-11 13:47:24.542,2026-05-22 13:23:40.000,2636.0,,27832.0,36,True,1119322.0,1036158.0,pydantic,conda-forge/pydantic,,https://pypi.org/project/pydantic,2026-05-22 13:23:40.000,2026-05-06 13:43:02.000,2.13.4,203.0,83164.0,1057002451.0,1057375200.0,https://anaconda.org/conda-forge/pydantic,2026-05-06 21:37:07.138,26837948.0,,,,,1.0,,,,,,,,,,,,,,
18,ansible,ansible/ansible,Ansible is a radically simple IT automation platform that makes your applications and systems easier to deploy and..,,infrastructure,https://github.com/ansible/ansible,6947.0,https://github.com/ansible/ansible,GPL-3.0,2012-03-06 14:58:02.000,2026-07-27 19:43:54.000,24228.0,818.0,69714.0,35,True,42969.0,42371.0,ansible,conda-forge/ansible,,https://pypi.org/project/ansible,2026-07-14 15:47:28.000,2026-07-14 15:47:28.000,14.2.0,436.0,598.0,12985387.0,13011769.0,https://anaconda.org/conda-forge/ansible,2026-07-14 23:09:32.831,1952269.0,,,,,1.0,,,,,,,,,,,,,,
19,Datasets,huggingface/datasets,"The largest hub of ready-to-use datasets for AI models with fast, easy-to-use and efficient data manipulation tools.",,data-loading,https://github.com/huggingface/datasets,688.0,https://github.com/huggingface/datasets,Apache-2.0,2020-03-26 09:23:22.000,2026-07-29 15:15:36.086,3315.0,1175.0,21777.0,35,True,139106.0,131977.0,datasets,conda-forge/datasets,,https://pypi.org/project/datasets,2026-07-28 11:09:10.000,2026-07-28 11:09:10.000,5.0.1,119.0,7129.0,133308943.0,133357743.0,https://anaconda.org/conda-forge/datasets,2026-07-29 15:15:36.086,3269616.0,,,,,1.0,,,,,,,,,,,,,,
20,Faker,joke2k/faker,Faker is a Python package that generates fake data for you.,,data-loading,https://github.com/joke2k/faker,681.0,https://github.com/joke2k/faker,MIT,2012-11-12 23:00:09.000,2026-07-25 11:34:52.762,2110.0,29.0,19343.0,35,True,301025.0,297559.0,Faker,conda-forge/faker,,https://pypi.org/project/Faker,2026-07-24 21:11:31.000,2026-07-24 21:11:31.000,40.36.0,503.0,3466.0,78584069.0,78613490.0,https://anaconda.org/conda-forge/faker,2026-07-25 11:34:52.762,2147777.0,,,,,1.0,,,,,,,,,,,,,,
21,python-dotenv,theskumar/python-dotenv,Reads key-value pairs from a .env file and can set them as environment variables. It helps in developing applications..,,configuration,https://github.com/theskumar/python-dotenv,114.0,https://github.com/theskumar/python-dotenv,BSD-3-Clause,2014-09-06 05:35:17.000,2026-04-19 19:39:11.000,520.0,89.0,8732.0,35,True,1772897.0,1735519.0,python-dotenv,conda-forge/python-dotenv,,https://pypi.org/project/python-dotenv,2026-03-01 16:00:25.000,2026-03-01 16:00:25.000,1.2.2,50.0,37378.0,709348428.0,709540783.0,https://anaconda.org/conda-forge/python-dotenv,2026-03-01 18:10:36.939,13849570.0,,,,,1.0,,,,,,,,,,,,,,
22,cryptography,pyca/cryptography,cryptography is a package designed to expose cryptographic primitives and recipes to Python developers.,,cryptography,https://github.com/pyca/cryptography,559.0,https://github.com/pyca/cryptography,,2013-08-07 02:23:38.000,2026-07-30 13:01:57.000,1796.0,30.0,7681.0,35,False,1002126.0,979416.0,cryptography,conda-forge/cryptography,,https://pypi.org/project/cryptography,2026-06-12 20:01:21.000,2026-06-12 20:01:21.000,49.0.0,158.0,22710.0,1417481957.0,1418610816.0,https://anaconda.org/conda-forge/cryptography,2026-06-13 21:33:57.541,81277887.0,,,,,1.0,,,,,,,,,,,,,,
23,alembic,sqlalchemy/alembic,A database migrations tool for SQLAlchemy.,,db-clients,https://github.com/sqlalchemy/alembic,224.0,https://github.com/sqlalchemy/alembic,MIT,2018-11-27 03:02:53.000,2026-06-26 07:55:07.832,343.0,118.0,4221.0,35,True,352108.0,347925.0,alembic,conda-forge/alembic,,https://pypi.org/project/alembic,2026-06-25 15:20:56.000,2026-06-25 15:20:56.000,1.18.5,145.0,4183.0,206732240.0,206894713.0,https://anaconda.org/conda-forge/alembic,2026-06-26 07:55:07.832,11373138.0,,,,,1.0,,,,,,,,,,,,,,
24,Pygments,pygments/pygments,Pygments is a generic syntax highlighter written in Python.,,others,https://github.com/pygments/pygments,950.0,https://github.com/pygments/pygments,BSD-2-Clause,2019-08-31 15:46:03.000,2026-07-21 19:28:05.000,837.0,582.0,2191.0,35,True,1168079.0,1157573.0,pygments,conda-forge/pygments,,https://pypi.org/project/pygments,2026-03-29 13:29:30.000,2026-03-29 13:29:30.000,2.20.0,69.0,10506.0,1215023440.0,1215982157.0,https://anaconda.org/conda-forge/pygments,2026-03-29 15:07:36.556,67110210.0,,,,,1.0,,,,,,,,,,,,,,
25,cpython,python/cpython,The Python programming language.,,python-implementations,https://github.com/python/cpython,3970.0,https://github.com/python/cpython,MIT,2017-02-10 19:23:51.000,2026-07-22 09:05:07.000,34970.0,9458.0,73860.0,34,True,629878.0,629851.0,cpython,conda-forge/typing,@buckpkg/python,https://pypi.org/project/cpython,2020-07-22 03:00:52.000,2020-07-22 03:00:52.000,0.0.6,11.0,21.0,12.0,58649.0,https://anaconda.org/conda-forge/typing,2025-04-22 14:56:21.050,4339159.0,https://www.npmjs.com/package/@buckpkg/python,2017-08-03 05:51:22.671,6.0,,1.0,,,,,,,,,,,,,,
26,polars,pola-rs/polars,"Extremely fast Query Engine for DataFrames, written in Rust.",,data-containers,https://github.com/pola-rs/polars,745.0,https://github.com/pola-rs/polars,MIT,2020-05-13 19:45:33.000,2026-07-27 12:08:21.000,2974.0,2808.0,39112.0,34,True,42761.0,35388.0,polars,,,https://pypi.org/project/polars,2026-07-27 12:06:33.000,2026-07-27 12:06:33.000,1.43.1,453.0,7373.0,67536156.0,67536156.0,,,,,,,,1.0,,,,,,,,,,,,,,
27,flatbuffers,google/flatbuffers,FlatBuffers: Memory Efficient Serialization Library.,,serialization,https://github.com/google/flatbuffers,776.0,https://github.com/google/flatbuffers,Apache-2.0,2014-05-19 18:33:01.000,2026-06-22 13:45:05.000,3606.0,248.0,26237.0,34,True,204102.0,203105.0,flatbuffers,conda-forge/flatbuffers,flatbuffers,https://pypi.org/project/flatbuffers,2025-12-19 23:16:13.000,2025-12-19 23:16:13.000,25.12.19,38.0,705.0,96169774.0,125671293.0,https://anaconda.org/conda-forge/flatbuffers,2025-12-22 07:41:54.888,2291638.0,https://www.npmjs.com/package/flatbuffers,2025-09-24 05:25:45.967,292.0,29467819.0,1.0,,,,,,,,,,,,,,
28,redis,redis/redis-py,Redis Python client.,,db-clients,https://github.com/redis/redis-py,558.0,https://github.com/redis/redis-py,MIT,2009-11-06 10:22:26.000,2026-07-30 08:50:58.000,2703.0,88.0,13600.0,34,True,13028.0,,redis,conda-forge/redis-py,,https://pypi.org/project/redis,2026-07-30 08:50:58.000,2026-07-30 08:50:58.000,8.1.0,170.0,13028.0,258152397.0,258189156.0,https://anaconda.org/conda-forge/redis-py,2026-06-24 01:59:58.879,2683475.0,,,,,1.0,,,,,,,,,,,,,,
29,paramiko,paramiko/paramiko,The leading native Python SSHv2 protocol library.,,infrastructure,https://github.com/paramiko/paramiko,189.0,https://github.com/paramiko/paramiko,LGPL-2.1,2009-02-02 03:41:08.000,2026-05-19 17:31:29.752,2047.0,1162.0,9744.0,34,True,130306.0,125693.0,paramiko,conda-forge/paramiko,,https://pypi.org/project/paramiko,2026-05-09 18:28:50.000,2026-05-09 18:28:50.000,5.0.0,151.0,4613.0,154170096.0,154298318.0,https://anaconda.org/conda-forge/paramiko,2026-05-19 17:31:29.752,9231987.0,,,,,2.0,,,,,,,,,,,,,,
30,tenacity,jd/tenacity,Retrying library for Python.,,utilities,https://github.com/jd/tenacity,113.0,https://github.com/jd/tenacity,Apache-2.0,2016-08-11 12:44:02.000,2026-03-23 17:21:20.000,322.0,34.0,8557.0,34,True,413712.0,407421.0,tenacity,conda-forge/tenacity,,https://pypi.org/project/tenacity,2026-02-07 10:45:32.000,2026-02-07 10:45:32.000,9.1.4,62.0,6291.0,412702478.0,412921680.0,https://anaconda.org/conda-forge/tenacity,2026-02-08 00:23:11.740,15124959.0,,,,,1.0,,,,,,,,,,,,,,
31,orjson,ijl/orjson,"Fast, correct Python JSON library supporting dataclasses, datetimes, and numpy.",,serialization,https://github.com/ijl/orjson,24.0,https://github.com/ijl/orjson,Apache-2.0,2018-11-21 23:43:14.000,2026-07-24 14:27:52.000,315.0,,8176.0,34,True,229133.0,222840.0,orjson,conda-forge/orjson,,https://pypi.org/project/orjson,2026-05-06 15:09:14.000,2026-05-06 15:09:14.000,3.11.9,151.0,6293.0,213081831.0,213168734.0,https://anaconda.org/conda-forge/orjson,2026-05-13 17:52:40.534,6430836.0,,,,,1.0,,,,,,,,1.0,,,,,,
32,docker,docker/docker-py,A Python library for the Docker Engine API.,,infrastructure,https://github.com/docker/docker-py,465.0,https://github.com/docker/docker-py,Apache-2.0,2013-05-23 16:15:07.000,2026-07-12 17:13:55.574,1724.0,562.0,7193.0,34,True,132825.0,126979.0,docker,conda-forge/docker-py,,https://pypi.org/project/docker,2026-07-09 14:53:45.000,2026-07-09 14:53:45.000,7.2.0,69.0,5846.0,175386895.0,175491650.0,https://anaconda.org/conda-forge/docker-py,2026-07-12 17:13:55.574,7647186.0,,,,,2.0,,,,,,,,,,,,,,
33,attrs,python-attrs/attrs,Python Classes Without Boilerplate.,,utilities,https://github.com/python-attrs/attrs,187.0,https://github.com/python-attrs/attrs,MIT,2015-01-27 15:01:01.000,2026-03-30 18:18:57.000,424.0,135.0,5757.0,34,True,1470202.0,1459112.0,attrs,conda-forge/attrs,,https://pypi.org/project/attrs,2026-03-19 14:22:23.000,2026-03-19 14:22:23.000,26.1.0,36.0,11090.0,889196575.0,890212180.0,https://anaconda.org/conda-forge/attrs,2026-03-19 15:56:59.596,72108018.0,,,,,1.0,,,,,,,,,,,,,,
34,google-cloud-storage,googleapis/google-cloud-python,Google Cloud Client Libraries for Python.,,db-clients,https://github.com/googleapis/google-cloud-python,1118.0,https://github.com/googleapis/google-cloud-python,Apache-2.0,2014-01-28 15:51:47.000,2026-07-29 00:38:59.000,1735.0,598.0,5356.0,34,True,5864.0,2616.0,google-cloud-storage,conda-forge/google-cloud-storage,,https://pypi.org/project/google-cloud-storage,2026-07-13 19:09:52.000,2026-07-13 19:09:52.000,3.13.0,123.0,3248.0,255117041.0,255219718.0,https://anaconda.org/conda-forge/google-cloud-storage,2026-07-14 14:11:48.601,7392756.0,,,,,1.0,,,,,,,,,,,,,,
35,more-itertools,more-itertools/more-itertools,"More routines for operating on iterables, beyond itertools.",,utilities,https://github.com/more-itertools/more-itertools,152.0,https://github.com/more-itertools/more-itertools,MIT,2012-04-26 05:15:14.000,2026-05-22 19:30:08.242,318.0,7.0,4066.0,34,True,301560.0,296608.0,more-itertools,conda-forge/more-itertools,,https://pypi.org/project/more-itertools,2026-05-22 14:14:28.000,2026-05-22 14:14:28.000,11.1.0,55.0,4952.0,337342979.0,337816942.0,https://anaconda.org/conda-forge/more-itertools,2026-05-22 19:30:08.242,34599309.0,,,,,1.0,,,,,,,,,,,,,,
36,cachetools,tkem/cachetools,Extensible memoizing collections and decorators.,,caching,https://github.com/tkem/cachetools,24.0,https://github.com/tkem/cachetools,MIT,2014-03-22 10:15:14.000,2026-07-24 03:27:19.831,198.0,2.0,2770.0,34,True,706496.0,701287.0,cachetools,conda-forge/cachetools,,https://pypi.org/project/cachetools,2026-07-23 22:47:52.000,2026-07-23 22:47:52.000,7.1.6,79.0,5209.0,332197826.0,332495906.0,https://anaconda.org/conda-forge/cachetools,2026-07-24 03:27:19.831,22057965.0,,,,,1.0,,,,,,,,,,,,,,
37,anyio,agronholm/anyio,High level asynchronous concurrency and networking framework that works on top of either Trio or asyncio.,,async,https://github.com/agronholm/anyio,89.0,https://github.com/agronholm/anyio,MIT,2018-08-19 21:07:18.000,2026-07-12 20:57:40.133,184.0,83.0,2405.0,34,True,669560.0,662248.0,anyio,conda-forge/anyio,,https://pypi.org/project/anyio,2026-07-12 20:29:05.000,2026-06-24 20:56:04.000,4.14.1,70.0,7312.0,990942362.0,991471129.0,https://anaconda.org/conda-forge/anyio,2026-07-12 20:57:40.133,39128816.0,,,,,1.0,,,,,,,,,,,,,,
38,wrapt,GrahamDumpleton/wrapt,"A Python module for decorators, wrappers and monkey patching.",,others,https://github.com/GrahamDumpleton/wrapt,40.0,https://github.com/GrahamDumpleton/wrapt,BSD-2-Clause,2013-05-29 10:22:45.000,2026-07-28 06:04:04.000,253.0,,2292.0,34,True,634447.0,631076.0,wrapt,conda-forge/wrapt,,https://pypi.org/project/wrapt,2026-07-28 06:04:04.000,2026-07-28 06:04:04.000,2.3.0,104.0,3371.0,474397409.0,474960324.0,https://anaconda.org/conda-forge/wrapt,2026-06-22 13:22:20.736,38841140.0,,,,,1.0,,,,,,,,,,,,,,
39,h5py,h5py/h5py,HDF5 for Python -- The h5py package is a Pythonic interface to the HDF5 binary data format.,,data-containers,https://github.com/h5py/h5py,221.0,https://github.com/h5py/h5py,BSD-3-Clause,2012-09-21 00:40:02.000,2026-05-22 20:56:48.000,559.0,325.0,2227.0,34,True,372747.0,362155.0,h5py,conda-forge/h5py,,https://pypi.org/project/h5py,2026-03-06 13:47:35.000,2026-03-06 13:47:35.000,3.16.0,46.0,10592.0,40094072.0,40478978.0,https://anaconda.org/conda-forge/h5py,2026-04-07 17:40:51.548,28098141.0,,,,,1.0,,,,,,,,,,,,,,
40,filesystem_spec,fsspec/filesystem_spec,A specification that python filesystems should adhere to.,,file-path-utils,https://github.com/fsspec/filesystem_spec,336.0,https://github.com/fsspec/filesystem_spec,BSD-3-Clause,2018-04-23 16:45:08.000,2026-07-29 11:41:12.123,464.0,346.0,1332.0,34,True,310780.0,306840.0,fsspec,conda-forge/fsspec,,https://pypi.org/project/fsspec,2026-07-28 16:34:49.000,2026-07-28 16:34:49.000,2026.7.0,101.0,3940.0,846267132.0,846762253.0,https://anaconda.org/conda-forge/fsspec,2026-07-29 11:41:12.123,36639002.0,,,,,1.0,,,,,,,,,,,,,,
41,pulumi,pulumi/pulumi,Pulumi - Infrastructure as Code in any programming language.,,infrastructure,https://github.com/pulumi/pulumi,3489.0,https://github.com/pulumi/pulumi,Apache-2.0,2016-10-31 21:02:47.000,2026-07-30 13:24:34.000,1406.0,2466.0,25492.0,33,True,12744.0,11249.0,pulumi,,@pulumi/pulumi,https://pypi.org/project/pulumi,2026-07-28 13:38:19.000,2026-07-28 13:38:19.000,3.255.0,5344.0,561.0,8042532.0,17849552.0,,,,https://www.npmjs.com/package/@pulumi/pulumi,2026-07-28 13:38:08.275,934.0,9807020.0,2.0,,,,,,,,,,,,,,
42,Typer,tiangolo/typer,"Typer, build great CLIs. Easy to code. Based on Python type hints.",,cli-helpers,https://github.com/fastapi/typer,105.0,,MIT,2020-06-26 01:31:29.764,2026-07-16 02:15:40.885,944.0,,19760.0,33,True,301247.0,270041.0,typer,conda-forge/typer,,https://pypi.org/project/typer,2026-07-15 19:21:05.000,2026-07-15 19:21:05.000,0.27.0,88.0,31206.0,357160899.0,357338380.0,https://anaconda.org/conda-forge/typer,2026-07-16 02:15:40.885,12956124.0,,,,,2.0,,,,,,,,,,,,,,
43,rq,rq/rq,Simple job queues for Python.,,data-pipelines,https://github.com/rq/rq,354.0,https://github.com/rq/rq,BSD-3-Clause,2011-11-14 10:53:48.000,2026-06-22 05:40:46.905,1480.0,248.0,10652.0,33,True,22336.0,21924.0,rq,conda-forge/rq,,https://pypi.org/project/rq,2026-06-20 03:11:47.000,2026-06-20 03:11:47.000,2.10.0,96.0,412.0,11490198.0,11495079.0,https://anaconda.org/conda-forge/rq,2026-06-22 05:40:46.905,331970.0,,,,,1.0,,,,,,,,,,,,,,
44,Beam,apache/beam,"Unified programming model to define and execute data processing pipelines, including ETL, batch and stream processing.",,data-pipelines,https://github.com/apache/beam,1941.0,https://github.com/apache/beam,Apache-2.0,2016-02-02 08:00:06.000,2026-07-30 13:21:15.000,4615.0,3959.0,8636.0,33,True,9982.0,9792.0,apache-beam,conda-forge/apache-beam-with-aws,,https://pypi.org/project/apache-beam,2026-07-08 06:21:11.000,2026-06-02 17:25:55.000,2.74.0,172.0,190.0,5998240.0,6004178.0,https://anaconda.org/conda-forge/apache-beam-with-aws,2026-07-11 18:51:46.091,344405.0,,,,,1.0,,,,,,,,,,,,,,
45,PyMySQL,PyMySQL/PyMySQL,MySQL client library for Python.,,db-clients,https://github.com/PyMySQL/PyMySQL,133.0,https://github.com/PyMySQL/PyMySQL,MIT,2011-07-27 17:38:47.000,2026-05-19 11:34:44.346,1440.0,14.0,7837.0,33,True,295395.0,292732.0,PyMySQL,conda-forge/pymysql,,https://pypi.org/project/PyMySQL,2026-05-19 08:26:20.000,2026-05-01 09:09:53.000,1.1.3,46.0,2663.0,92261257.0,92294710.0,https://anaconda.org/conda-forge/pymysql,2026-05-19 11:34:44.346,2408640.0,,,,,1.0,,,,,,,,,,,,,,
46,marshmallow,marshmallow-code/marshmallow,A lightweight library for converting complex objects to and from simple Python datatypes.,,serialization,https://github.com/marshmallow-code/marshmallow,227.0,https://github.com/marshmallow-code/marshmallow,MIT,2013-11-10 21:32:24.000,2026-06-27 15:54:38.000,698.0,140.0,7241.0,33,True,233745.0,230919.0,marshmallow,conda-forge/marshmallow,,https://pypi.org/project/marshmallow,2026-04-03 21:46:31.000,2026-04-03 21:46:31.000,4.3.0,200.0,2826.0,121023848.0,121083618.0,https://anaconda.org/conda-forge/marshmallow,2026-04-28 16:06:25.073,4363276.0,,,,,2.0,,,,,,,,,,,,,,
47,kafka-python,dpkp/kafka-python,Python client for Apache Kafka.,,db-clients,https://github.com/dpkp/kafka-python,237.0,https://github.com/dpkp/kafka-python,Apache-2.0,2012-09-24 13:00:26.000,2026-07-21 23:22:24.612,1466.0,19.0,5900.0,33,True,38108.0,37016.0,kafka-python,conda-forge/kafka-python,,https://pypi.org/project/kafka-python,2026-07-21 18:19:25.000,2026-07-21 18:19:25.000,3.0.9,80.0,1092.0,27783171.0,27790695.0,https://anaconda.org/conda-forge/kafka-python,2026-07-21 23:22:24.612,526706.0,,,,,1.0,,,,,,,,,,,,,,
48,azure-storage-blob,Azure/azure-sdk-for-python,This repository is for active development of the Azure SDK for Python. For consumers of the SDK we recommend visiting..,,db-clients,https://github.com/Azure/azure-sdk-for-python,1220.0,https://github.com/Azure/azure-sdk-for-python,MIT,2012-04-24 16:46:12.000,2026-07-30 03:57:40.000,3343.0,1152.0,5578.0,33,True,4650.0,2754.0,azure-storage-blob,conda-forge/azure-storage-blob,,https://pypi.org/project/azure-storage-blob,2026-06-08 11:45:37.000,2026-06-08 11:45:37.000,12.30.0,89.0,1896.0,135094816.0,135120513.0,https://anaconda.org/conda-forge/azure-storage-blob,2026-06-08 14:07:36.695,1875935.0,,,,,1.0,,,,,,,,,,,,,,
49,elasticsearch,elastic/elasticsearch-py,Official Python client for Elasticsearch.,,db-clients,https://github.com/elastic/elasticsearch-py,232.0,https://github.com/elastic/elasticsearch-py,Apache-2.0,2013-05-01 22:47:39.000,2026-05-27 09:51:10.705,1207.0,67.0,4373.0,33,True,67669.0,65506.0,elasticsearch,conda-forge/elasticsearch,,https://pypi.org/project/elasticsearch,2026-05-26 16:28:36.000,2026-05-26 16:28:36.000,9.4.1,172.0,2163.0,53837283.0,53863811.0,https://anaconda.org/conda-forge/elasticsearch,2026-05-27 09:51:10.705,1963094.0,,,,,1.0,,,,,,,,,,,,,,
50,joblib,joblib/joblib,Computing with Python functions.,,data-pipelines,https://github.com/joblib/joblib,158.0,https://github.com/joblib/joblib,BSD-3-Clause,2010-05-07 06:48:26.000,2026-03-03 10:14:42.000,450.0,429.0,4333.0,33,True,750666.0,741112.0,joblib,conda-forge/joblib,,https://pypi.org/project/joblib,2025-12-15 08:41:44.000,2025-12-15 08:41:44.000,1.5.3,116.0,9554.0,202603246.0,203296277.0,https://anaconda.org/conda-forge/joblib,2025-12-15 10:23:16.147,49898247.0,,,,,1.0,,,,,,,,,,,,,,
51,PyYAML,yaml/pyyaml,Canonical source repository for PyYAML.,,file-formats,https://github.com/yaml/pyyaml,40.0,https://github.com/yaml/pyyaml,MIT,2011-11-03 05:09:49.000,2026-02-04 17:33:51.501,574.0,345.0,2865.0,33,True,1901186.0,1846501.0,pyyaml,conda-forge/pyyaml,,https://pypi.org/project/pyyaml,2025-09-25 21:31:46.000,2025-09-25 21:31:46.000,6.0.3,43.0,54685.0,1141533894.0,1142800418.0,https://anaconda.org/conda-forge/pyyaml,2026-02-04 17:33:51.501,88656701.0,,,,,1.0,,,,,,,,,,,,,,
52,cookiecutter,cookiecutter/cookiecutter,"A cross-platform command-line utility that creates projects from cookiecutters (project templates), e.g. Python..",,others,https://github.com/cookiecutter/cookiecutter,333.0,https://github.com/cookiecutter/cookiecutter,BSD-3-Clause,2013-07-14 18:31:22.000,2026-03-04 13:25:22.620,2201.0,267.0,24714.0,32,True,38905.0,37726.0,cookiecutter,conda-forge/cookiecutter,,https://pypi.org/project/cookiecutter,2026-03-04 04:06:01.000,2026-03-04 04:06:01.000,2.7.1,44.0,1179.0,9928961.0,9963625.0,https://anaconda.org/conda-forge/cookiecutter,2026-03-04 13:25:22.620,2149207.0,,,,,1.0,,,,,,,,,,,,,,
53,Prefect,PrefectHQ/prefect,Prefect is a workflow orchestration framework for building resilient data pipelines in Python.,,data-pipelines,https://github.com/PrefectHQ/prefect,711.0,https://github.com/PrefectHQ/prefect,Apache-2.0,2018-06-29 21:59:26.000,2026-07-30 09:02:00.000,2429.0,833.0,23510.0,32,True,8942.0,8384.0,prefect,conda-forge/prefect,,https://pypi.org/project/prefect,2026-07-30 09:02:00.000,2026-07-23 22:31:00.000,3.8.0,850.0,558.0,11993365.0,12009690.0,https://anaconda.org/conda-forge/prefect,2026-07-28 16:13:00.595,1208104.0,,,,,2.0,,,,,,,,,,,,,,
54,awscli,aws/aws-cli,Universal Command Line Interface for Amazon Web Services.,,infrastructure,https://github.com/aws/aws-cli,510.0,https://github.com/aws/aws-cli,Apache-2.0,2012-11-20 16:07:36.000,2026-07-29 19:33:18.000,4614.0,671.0,17148.0,32,True,784.0,5.0,awscli,conda-forge/awscli,,https://pypi.org/project/awscli,2026-07-29 19:33:18.000,2026-07-29 19:33:18.000,1.45.59,2647.0,779.0,334153245.0,334987019.0,https://anaconda.org/conda-forge/awscli,2026-07-29 15:31:41.289,60031782.0,,,,,2.0,,,,,,,,,,,,,,
55,Dagster,dagster-io/dagster,"An orchestration platform for the development, production, and observation of data assets.",,data-pipelines,https://github.com/dagster-io/dagster,692.0,https://github.com/dagster-io/dagster,Apache-2.0,2018-04-30 16:30:04.000,2026-07-27 21:11:48.000,2223.0,2602.0,15908.0,32,True,5272.0,4852.0,dagster,conda-forge/dagster,,https://pypi.org/project/dagster,2026-07-23 15:21:17.000,2026-07-23 15:21:17.000,1.13.15,752.0,420.0,9227160.0,9269331.0,https://anaconda.org/conda-forge/dagster,2026-07-24 12:58:16.249,3120656.0,,,,,2.0,,,,,,,,,,,,,,
56,peewee,coleifer/peewee,"a small, expressive orm -- supports postgresql, mysql, sqlite, now with asyncio.",,db-clients,https://github.com/coleifer/peewee,163.0,https://github.com/coleifer/peewee,MIT,2010-10-11 20:14:11.000,2026-07-18 01:07:57.937,1381.0,,11981.0,32,True,1357.0,24.0,peewee,conda-forge/peewee,,https://pypi.org/project/peewee,2026-07-17 18:11:19.000,2026-07-17 18:11:19.000,4.2.6,218.0,1333.0,49926167.0,49957574.0,https://anaconda.org/conda-forge/peewee,2026-07-18 01:07:57.937,2229900.0,,,,,2.0,,,,,,,,,,,,,,
57,uvloop,MagicStack/uvloop,Ultra fast asyncio event loop.,,async,https://github.com/MagicStack/uvloop,79.0,https://github.com/MagicStack/uvloop,Apache-2.0,2015-11-08 04:14:54.000,2025-11-07 00:03:03.823,583.0,147.0,11385.0,32,True,229789.0,227837.0,uvloop,conda-forge/uvloop,,https://pypi.org/project/uvloop,2025-10-16 22:16:11.000,2025-10-16 22:16:11.000,0.22.1,84.0,1952.0,245499071.0,245562387.0,https://anaconda.org/conda-forge/uvloop,2025-11-07 00:03:03.823,4368810.0,,,,,2.0,,,,,,,,,,,,,,
58,arrow,arrow-py/arrow,Better dates & times for Python.,,date-time-utils,https://github.com/arrow-py/arrow,289.0,https://github.com/arrow-py/arrow,Apache-2.0,2012-11-18 20:23:27.000,2026-03-30 02:18:26.000,732.0,133.0,9036.0,32,True,186333.0,184049.0,arrow,conda-forge/arrow,,https://pypi.org/project/arrow,2025-10-18 17:46:45.000,2025-10-18 17:46:45.000,1.4.0,65.0,2284.0,77436748.0,77623034.0,https://anaconda.org/conda-forge/arrow,2025-10-18 23:46:59.986,13598890.0,,,,,1.0,,,,,,,,,,,,,,
59,xarray,pydata/xarray,N-D labeled arrays and datasets in Python.,,data-containers,https://github.com/pydata/xarray,621.0,https://github.com/pydata/xarray,Apache-2.0,2013-09-30 17:21:10.000,2026-07-09 21:46:38.762,1271.0,1381.0,4154.0,32,True,51501.0,45188.0,xarray,conda-forge/xarray,,https://pypi.org/project/xarray,2026-07-09 17:38:24.000,2026-04-13 19:45:34.000,2026.4.0,106.0,6313.0,20140940.0,20371571.0,https://anaconda.org/conda-forge/xarray,2026-07-09 21:46:38.762,16605499.0,,,,,2.0,,,,,,,,,,,,,,
60,colorama,tartley/colorama,Simple cross-platform colored terminal text in Python.,,cli-helpers,https://github.com/tartley/colorama,53.0,https://github.com/tartley/colorama,BSD-3-Clause,2014-04-17 20:18:25.000,2025-07-09 17:06:02.000,264.0,129.0,3705.0,32,True,1475838.0,1460905.0,colorama,conda-forge/colorama,,https://pypi.org/project/colorama,2022-10-25 02:38:17.509,2022-10-25 02:38:17.509,0.4.6,46.0,14933.0,415103625.0,416146422.0,https://anaconda.org/conda-forge/colorama,2025-04-22 14:56:22.542,71953060.0,,,,,2.0,,,,,,,,,,,,,,
61,dateparser,scrapinghub/dateparser,python parser for human readable dates.,,date-time-utils,https://github.com/scrapinghub/dateparser,160.0,https://github.com/scrapinghub/dateparser,BSD-3-Clause,2014-11-24 17:30:12.000,2026-06-30 14:09:33.000,500.0,346.0,2837.0,32,True,40918.0,39266.0,dateparser,conda-forge/dateparser,,https://pypi.org/project/dateparser,2026-06-15 08:45:45.000,2026-06-15 08:45:45.000,1.4.1,35.0,1652.0,46257625.0,46282122.0,https://anaconda.org/conda-forge/dateparser,2026-06-15 12:48:19.600,1788310.0,,,,,1.0,,,,,,,,,,,,,,
62,pexpect,pexpect/pexpect,A Python module for controlling interactive programs in a pseudo-terminal.,,process-utils,https://github.com/pexpect/pexpect,109.0,https://github.com/pexpect/pexpect,ISC,2013-09-17 17:36:44.000,2025-04-22 14:56:22.014,486.0,163.0,2729.0,32,False,526228.0,524470.0,pexpect,conda-forge/pexpect,,https://pypi.org/project/pexpect,2023-11-25 06:56:14.000,2023-11-25 06:56:14.000,4.9.0,20.0,1758.0,190561954.0,191151193.0,https://anaconda.org/conda-forge/pexpect,2025-04-22 14:56:22.014,40657507.0,,,,,1.0,,,,,,,,,,,,,,
63,chardet,chardet/chardet,Python character encoding detector.,,text,https://github.com/chardet/chardet,57.0,https://github.com/chardet/chardet,0BSD,2012-07-26 20:30:54.000,2026-04-14 04:27:15.326,295.0,,2595.0,32,True,974594.0,967502.0,chardet,conda-forge/chardet,@pypi/chardet,https://pypi.org/project/chardet,2026-04-13 21:32:47.000,2026-04-13 21:32:47.000,7.4.3,28.0,7085.0,189475297.0,189958005.0,https://anaconda.org/conda-forge/chardet,2026-04-14 04:27:15.326,33783299.0,https://www.npmjs.com/package/@pypi/chardet,2017-08-20 08:18:15.011,7.0,90.0,1.0,,,,,,,,,,,,,,
64,pyparsing,pyparsing/pyparsing,Python library for creating PEG parsers.,,others,https://github.com/pyparsing/pyparsing,82.0,https://github.com/pyparsing/pyparsing,MIT,2017-05-14 18:07:01.000,2026-01-21 14:00:18.207,300.0,39.0,2441.0,32,True,1297010.0,1290667.0,pyparsing,conda-forge/pyparsing,,https://pypi.org/project/pyparsing,2026-01-21 03:57:55.000,2026-01-21 03:57:55.000,3.3.2,89.0,6343.0,397934422.0,399234126.0,https://anaconda.org/conda-forge/pyparsing,2026-01-21 14:00:18.207,74083156.0,,,,,1.0,,,,,,,,,,,,,,
65,greenlet,python-greenlet/greenlet,Lightweight in-process concurrent programming.,,async,https://github.com/python-greenlet/greenlet,89.0,https://github.com/python-greenlet/greenlet,,2011-12-17 21:12:01.000,2026-07-24 09:38:42.703,270.0,21.0,1834.0,32,False,612214.0,609555.0,greenlet,conda-forge/greenlet,,https://pypi.org/project/greenlet,2026-07-22 11:37:56.000,2026-07-22 11:37:56.000,3.5.4,68.0,2659.0,457329405.0,457637483.0,https://anaconda.org/conda-forge/greenlet,2026-07-24 09:38:42.703,22489700.0,,,,,2.0,,,,,,,,,,,,,,
66,s3fs,fsspec/s3fs,S3 Filesystem.,,db-clients,https://github.com/fsspec/s3fs,158.0,https://github.com/fsspec/s3fs,BSD-3-Clause,2016-03-16 00:19:32.000,2026-07-28 17:14:09.000,299.0,174.0,1042.0,32,True,30494.0,28357.0,s3fs,conda-forge/s3fs,,https://pypi.org/project/s3fs,2026-07-28 17:14:09.000,2026-07-28 17:14:09.000,2026.7.0,91.0,2137.0,682161042.0,682329284.0,https://anaconda.org/conda-forge/s3fs,2026-06-16 14:55:30.229,11945198.0,,,,,2.0,,,,,,,,,,,,,,
67,six,benjaminp/six,Python 2 and 3 compatibility library.,,compatibility,https://github.com/benjaminp/six,68.0,https://github.com/benjaminp/six,MIT,2017-01-02 23:30:47.000,2025-07-22 15:47:12.245,274.0,107.0,993.0,32,True,2808004.0,2782747.0,six,conda-forge/six,,https://pypi.org/project/six,2024-12-04 17:35:26.000,2024-12-04 17:35:26.000,1.17.0,29.0,25257.0,1132829385.0,1134205050.0,https://anaconda.org/conda-forge/six,2025-07-22 15:47:12.245,101799275.0,,,,,1.0,,,,,,,,,,,,,,
68,decorator,micheles/decorator,Decorators for Humans.,,others,https://github.com/micheles/decorator,33.0,https://github.com/micheles/decorator,BSD-2-Clause,2013-11-24 05:55:49.000,2026-05-18 14:40:59.043,116.0,6.0,906.0,32,True,774722.0,771869.0,decorator,conda-forge/decorator,,https://pypi.org/project/decorator,2026-05-18 06:03:26.000,2026-05-18 06:03:26.000,5.3.1,42.0,2853.0,234315485.0,235103184.0,https://anaconda.org/conda-forge/decorator,2026-05-18 14:40:59.043,49625040.0,,,,,1.0,,,,,,,,,,,,,,
69,traitlets,ipython/traitlets,A lightweight Traits like module.,,configuration,https://github.com/ipython/traitlets,122.0,https://github.com/ipython/traitlets,BSD-3-Clause,2013-12-06 20:45:45.000,2026-06-03 17:39:14.998,211.0,108.0,653.0,32,True,615736.0,613536.0,traitlets,conda-forge/traitlets,,https://pypi.org/project/traitlets,2026-06-03 12:26:04.000,2026-06-03 12:26:04.000,5.15.1,55.0,2200.0,148566536.0,149333944.0,https://anaconda.org/conda-forge/traitlets,2026-06-03 17:39:14.998,53718609.0,,,,,2.0,,,,,,,,,,,,,,
70,pytz,stub42/pytz,pytz Python historical timezone library and database.,,date-time-utils,https://github.com/stub42/pytz,27.0,https://github.com/stub42/pytz,MIT,2016-07-12 12:22:30.000,2026-07-26 14:45:12.500,108.0,37.0,393.0,32,True,2513442.0,2497169.0,pytz,conda-forge/pytz,,https://pypi.org/project/pytz,2026-07-25 15:12:05.000,2023-01-14 12:26:16.208,2022.7.1,123.0,16273.0,528668589.0,530052596.0,https://anaconda.org/conda-forge/pytz,2026-07-26 14:45:12.500,94112512.0,,,,,1.0,,,,,,,,,,,,,,
71,watchdog,gorakhargosh/watchdog,Python library and shell utilities to monitor filesystem events.,,file-path-utils,https://github.com/gorakhargosh/watchdog,176.0,https://github.com/gorakhargosh/watchdog,Apache-2.0,2010-10-23 12:00:17.000,2026-03-04 07:34:00.440,724.0,216.0,7106.0,31,True,273194.0,270533.0,watchdog,conda-forge/watchdog,,https://pypi.org/project/watchdog,2024-11-01 14:06:24.000,2024-11-01 14:06:24.000,6.0.0,54.0,2661.0,107416423.0,107499126.0,https://anaconda.org/conda-forge/watchdog,2026-03-04 07:34:00.440,6037386.0,,,,,2.0,,,,,,,,,,,,,,
72,xmltodict,martinblech/xmltodict,Python module that makes working with XML feel like you are working with JSON.,,data-loading,https://github.com/martinblech/xmltodict,58.0,https://github.com/martinblech/xmltodict,MIT,2012-04-17 14:38:21.000,2026-02-22 14:25:14.045,469.0,1.0,5726.0,31,True,92467.0,88547.0,xmltodict,conda-forge/xmltodict,,https://pypi.org/project/xmltodict,2026-02-22 02:21:21.000,2026-02-22 02:21:21.000,1.0.4,39.0,3920.0,122353952.0,122496797.0,https://anaconda.org/conda-forge/xmltodict,2026-02-22 14:25:14.045,7142290.0,,,,,1.0,,,,,,,,,,,,,,
73,jsonschema,Julian/jsonschema,An implementation of JSON Schema validation for Python.,,data-validation,https://github.com/python-jsonschema/jsonschema,122.0,,MIT,2020-10-13 01:20:59.365,2026-01-08 02:41:02.580,633.0,,4960.0,31,True,859177.0,849555.0,jsonschema,conda-forge/jsonschema,,https://pypi.org/project/jsonschema,2026-01-07 13:41:05.000,2026-01-07 13:41:05.000,4.26.0,109.0,9622.0,574375550.0,575096647.0,https://anaconda.org/conda-forge/jsonschema,2026-01-08 02:41:02.580,49755745.0,,,,,1.0,,,,,,,,,,,,,,
74,Prometheus Client,prometheus/client_python,Prometheus instrumentation library for Python applications.,,db-clients,https://github.com/prometheus/client_python,182.0,https://github.com/prometheus/client_python,Apache-2.0,2015-02-10 22:47:25.000,2026-07-25 21:48:28.068,867.0,142.0,4347.0,31,True,4794.0,,prometheus_client,conda-forge/prometheus_client,,https://pypi.org/project/prometheus_client,2026-07-24 19:36:40.000,2026-07-24 19:36:40.000,0.26.0,60.0,4794.0,171485643.0,171850179.0,https://anaconda.org/conda-forge/prometheus_client,2026-07-25 21:48:28.068,26975669.0,,,,,2.0,,,,,,,,2.0,,,,,,
75,pymongo,mongodb/mongo-python-driver,PyMongo - the Official MongoDB Python driver.,,db-clients,https://github.com/mongodb/mongo-python-driver,247.0,https://github.com/mongodb/mongo-python-driver,Apache-2.0,2009-01-15 15:18:06.000,2026-04-21 10:54:52.503,1139.0,14.0,4340.0,31,True,6398.0,,pymongo,conda-forge/pymongo,,https://pypi.org/project/pymongo,2026-04-20 16:37:20.000,2026-04-20 16:37:20.000,4.17.0,171.0,6398.0,115064259.0,115161971.0,https://anaconda.org/conda-forge/pymongo,2026-04-21 10:54:52.503,7035304.0,,,,,2.0,,,,,,,,,,,,,,
76,psycopg2,psycopg/psycopg2,PostgreSQL database adapter for the Python programming language.,,db-clients,https://github.com/psycopg/psycopg2,144.0,https://github.com/psycopg/psycopg2,BSD-3-Clause-Attribution,2013-01-21 11:05:11.000,2026-04-20 23:33:13.000,533.0,24.0,3627.0,31,False,869603.0,865048.0,psycopg2,psycopg2,,https://pypi.org/project/psycopg2,2026-04-20 23:33:13.000,2026-04-20 23:33:13.000,2.9.12,65.0,4517.0,56566251.0,56569546.0,https://anaconda.org/anaconda/psycopg2,2025-12-19 17:27:30.555,421881.0,,,,,2.0,,,,,,,,,38.0,,,,,
77,pycryptodomex,Legrandin/pycryptodome,A self-contained cryptographic library for Python.,,cryptography,https://github.com/Legrandin/pycryptodome,167.0,https://github.com/Legrandin/pycryptodome,BSD-3-Clause,2014-05-02 15:11:38.000,2026-03-29 07:51:10.000,558.0,87.0,3230.0,31,True,145774.0,144159.0,pycryptodomex,conda-forge/pycryptodomex,,https://pypi.org/project/pycryptodomex,2025-05-17 17:22:07.000,2025-05-17 17:22:07.000,3.23.0,52.0,1615.0,73404025.0,73445554.0,https://anaconda.org/conda-forge/pycryptodomex,2025-09-13 06:28:04.340,2990111.0,,,,,2.0,,,,,,,,,,,,,,
78,python-magic,ahupp/python-magic,A python wrapper for libmagic.,,data-loading,https://github.com/ahupp/python-magic,67.0,https://github.com/ahupp/python-magic,MIT,2010-03-31 22:40:33.000,2026-07-20 17:21:25.000,304.0,27.0,2914.0,31,True,88350.0,86808.0,python-magic,conda-forge/python-magic,,https://pypi.org/project/python-magic,2022-06-07 20:16:57.000,2022-06-07 20:16:57.000,0.4.27,28.0,1542.0,29312718.0,29325875.0,https://anaconda.org/conda-forge/python-magic,2026-06-19 10:26:15.408,907860.0,,,,,1.0,,,,,,,,,,,,,,
79,dill,uqfoundation/dill,serialize all of Python.,,serialization,https://github.com/uqfoundation/dill,51.0,https://github.com/uqfoundation/dill,BSD-3-Clause,2013-06-28 16:42:27.000,2026-01-19 23:02:44.504,188.0,198.0,2419.0,31,True,253912.0,249674.0,dill,conda-forge/dill,,https://pypi.org/project/dill,2026-01-19 02:36:55.000,2026-01-19 02:36:55.000,0.4.1,30.0,4238.0,199911321.0,200182716.0,https://anaconda.org/conda-forge/dill,2026-01-19 23:02:44.504,19811872.0,,,,,2.0,,,,,,,,,,,,,,
80,omegaconf,omry/omegaconf,Flexible Python configuration system. The last one you will ever need.,,configuration,https://github.com/omry/omegaconf,46.0,https://github.com/omry/omegaconf,BSD-3-Clause,2018-09-03 14:59:01.000,2026-07-29 04:57:29.000,159.0,35.0,2412.0,31,True,66528.0,63919.0,omegaconf,conda-forge/omegaconf,,https://pypi.org/project/omegaconf,2026-07-29 04:57:00.000,2026-06-11 05:05:09.000,2.3.1,156.0,2609.0,41684443.0,41720247.0,https://anaconda.org/conda-forge/omegaconf,2025-04-22 14:57:19.651,2649563.0,,,,,2.0,,,,,,,,,,,,,,
81,pyrsistent,tobgu/pyrsistent,Persistent/Immutable/Functional data structures for Python.,,data-structures,https://github.com/tobgu/pyrsistent,77.0,https://github.com/tobgu/pyrsistent,MIT,2013-06-20 14:11:13.000,2026-01-11 12:02:00.000,160.0,29.0,2167.0,31,True,368779.0,367739.0,pyrsistent,conda-forge/pyrsistent,,https://pypi.org/project/pyrsistent,2023-10-25 21:06:04.000,2023-10-25 21:06:04.000,0.20.0,75.0,1040.0,40630019.0,40938008.0,https://anaconda.org/conda-forge/pyrsistent,2025-10-04 17:03:24.308,22175236.0,,,,,1.0,,,,,,,,,,,,,,
82,holidays,vacanza/holidays,Open World Holidays Framework.,,date-time-utils,https://github.com/vacanza/holidays,339.0,https://github.com/vacanza/holidays,MIT,2014-08-24 15:17:18.000,2026-07-21 04:44:19.000,706.0,85.0,1909.0,31,True,28076.0,27456.0,holidays,conda-forge/holidays,,https://pypi.org/project/holidays,2026-07-20 20:44:42.000,2023-06-21 16:43:02.350,0.27.1,129.0,620.0,29459563.0,29524084.0,https://anaconda.org/conda-forge/holidays,2026-07-21 01:56:44.683,4645574.0,,,,,2.0,,,,,,,,,,,,,,
83,simplejson,simplejson/simplejson,"simplejson is a simple, fast, extensible JSON encoder/decoder for Python.",,serialization,https://github.com/simplejson/simplejson,50.0,https://github.com/simplejson/simplejson,MIT,2011-02-06 05:47:45.000,2026-04-25 10:26:40.931,356.0,18.0,1710.0,31,True,154978.0,152038.0,simplejson,conda-forge/simplejson,,https://pypi.org/project/simplejson,2026-04-24 19:22:20.000,2026-04-24 19:22:20.000,4.1.1,114.0,2940.0,59922827.0,59995029.0,https://anaconda.org/conda-forge/simplejson,2026-04-25 10:26:40.931,5343019.0,,,,,2.0,,,,,,,,,,,,,,
84,pluggy,pytest-dev/pluggy,A minimalist production ready plugin system.,,others,https://github.com/pytest-dev/pluggy,61.0,https://github.com/pytest-dev/pluggy,MIT,2015-04-28 15:32:26.000,2026-04-20 20:54:33.000,146.0,58.0,1611.0,31,True,821862.0,819239.0,pluggy,conda-forge/pluggy,,https://pypi.org/project/pluggy,2025-05-15 12:30:06.000,2025-05-15 12:30:06.000,1.6.0,24.0,2623.0,1220791074.0,1221591808.0,https://anaconda.org/conda-forge/pluggy,2025-12-05 01:07:44.457,55250678.0,,,,,2.0,,,,,,,,,,,,,,
85,argcomplete,kislyuk/argcomplete,"Python and tab completion, better together.",,cli-helpers,https://github.com/kislyuk/argcomplete,86.0,https://github.com/kislyuk/argcomplete,Apache-2.0,2012-11-19 15:37:34.000,2026-07-01 06:48:22.478,145.0,71.0,1568.0,31,True,77009.0,74732.0,argcomplete,conda-forge/argcomplete,,https://pypi.org/project/argcomplete,2026-06-30 22:28:20.000,2026-06-30 22:28:20.000,3.7.0,137.0,2277.0,81754196.0,81806121.0,https://anaconda.org/conda-forge/argcomplete,2026-07-01 06:48:22.478,3738618.0,,,,,2.0,,,,,,,,1.0,,,,,,
86,future,PythonCharmers/python-future,"Easy, clean, reliable Python 2/3 compatibility.",,compatibility,https://github.com/PythonCharmers/python-future,130.0,https://github.com/PythonCharmers/python-future,MIT,2013-07-14 13:57:47.000,2025-05-19 20:20:19.000,294.0,189.0,1182.0,31,False,387592.0,381615.0,future,conda-forge/future,,https://pypi.org/project/future,2024-02-21 11:52:35.000,2024-02-21 11:52:35.000,1.0.0,52.0,5977.0,69059133.0,69320765.0,https://anaconda.org/conda-forge/future,2025-04-22 14:56:25.097,18052653.0,,,,,2.0,,,,,,,,,,,,,,
87,filelock,tox-dev/py-filelock,A platform independent file lock.,,file-path-utils,https://github.com/tox-dev/py-filelock,67.0,,MIT,2020-05-19 17:08:47.301,2026-07-30 01:54:01.259,138.0,,973.0,31,True,739087.0,733663.0,filelock,conda-forge/filelock,,https://pypi.org/project/filelock,2026-07-29 22:46:03.000,2026-07-29 22:46:03.000,3.32.2,114.0,5424.0,687432552.0,688064302.0,https://anaconda.org/conda-forge/filelock,2026-07-30 01:54:01.259,46749573.0,,,,,2.0,,,,,,,,,,,,,,
88,confluent-kafka-python,confluentinc/confluent-kafka-python,Confluents Kafka Python Client.,,db-clients,https://github.com/confluentinc/confluent-kafka-python,149.0,https://github.com/confluentinc/confluent-kafka-python,Apache-2.0,2016-04-14 07:40:41.000,2026-07-12 19:32:56.281,955.0,210.0,492.0,31,True,18730.0,17727.0,confluent-kafka,conda-forge/python-confluent-kafka,,https://pypi.org/project/confluent-kafka,2026-06-30 19:47:43.000,2026-06-30 19:47:43.000,2.15.0,63.0,1003.0,61093617.0,61123365.0,https://anaconda.org/conda-forge/python-confluent-kafka,2026-07-12 19:32:56.281,2052622.0,,,,,2.0,,,,,,,,,,,,,,
89,pyasn1,etingof/pyasn1,Generic ASN.1 library for Python.,,serialization,https://github.com/etingof/pyasn1,16.0,https://github.com/etingof/pyasn1,BSD-2-Clause,2016-02-24 22:30:54.000,2026-07-09 04:45:27.645,118.0,60.0,243.0,31,True,709584.0,707161.0,pyasn1,conda-forge/pyasn1,,https://pypi.org/project/pyasn1,2026-07-09 01:12:32.000,2026-07-09 01:12:32.000,0.6.4,44.0,2423.0,549111127.0,549776556.0,https://anaconda.org/conda-forge/pyasn1,2026-07-09 04:45:27.645,22624616.0,,,,,2.0,,,,,,,,,,,,,,
90,tzlocal,regebro/tzlocal,A Python module that tries to figure out what your local timezone is.,,date-time-utils,https://github.com/regebro/tzlocal,31.0,https://github.com/regebro/tzlocal,MIT,2012-09-11 12:34:21.000,2026-06-29 19:01:13.551,64.0,1.0,219.0,31,True,225913.0,223489.0,tzlocal,conda-forge/tzlocal,,https://pypi.org/project/tzlocal,2026-06-29 08:03:38.000,2026-06-29 08:03:38.000,5.4.4,54.0,2424.0,216201264.0,216311614.0,https://anaconda.org/conda-forge/tzlocal,2026-06-29 19:01:13.551,6510708.0,,,,,2.0,,,,,,,,,,,,,,
91,diagrams,mingrammer/diagrams,Diagram as Code for prototyping cloud system architectures.,,others,https://github.com/mingrammer/diagrams,178.0,https://github.com/mingrammer/diagrams,MIT,2020-02-02 15:23:24.000,2026-05-19 13:17:20.000,2724.0,390.0,42281.0,30,True,2648.0,2508.0,diagrams,conda-forge/diagrams,,https://pypi.org/project/diagrams,2025-11-22 02:27:15.000,2025-11-22 02:27:15.000,0.25.1,51.0,140.0,7321927.0,7326831.0,https://anaconda.org/conda-forge/diagrams,2025-11-24 15:46:24.848,362908.0,,,,,2.0,,,,,,,,,,,,,,
92,python-fire,google/python-fire,Python Fire is a library for automatically generating command line interfaces (CLIs) from absolutely any Python object.,,cli-helpers,https://github.com/google/python-fire,67.0,https://github.com/google/python-fire,Apache-2.0,2017-02-21 21:35:07.000,2025-09-12 20:33:44.970,1455.0,153.0,27827.0,30,True,56922.0,53955.0,fire,conda-forge/fire,,https://pypi.org/project/fire,2025-08-16 20:20:22.000,2025-08-16 20:20:22.000,0.7.1,13.0,2967.0,20250788.0,20275259.0,https://anaconda.org/conda-forge/fire,2025-09-12 20:33:44.970,1615115.0,,,,,2.0,,,,,,,,,,,,,,
93,luigi,spotify/luigi,"Luigi is a Python module that helps you build complex pipelines of batch jobs. It handles dependency resolution,..",,data-pipelines,https://github.com/spotify/luigi,640.0,https://github.com/spotify/luigi,Apache-2.0,2012-09-20 15:06:38.000,2026-07-30 12:01:09.538,2460.0,164.0,18755.0,30,True,3031.0,2851.0,luigi,luigi,,https://pypi.org/project/luigi,2026-05-07 13:32:23.000,2026-07-30 11:29:08.000,3.8.1,89.0,177.0,1237506.0,1237700.0,https://anaconda.org/anaconda/luigi,2026-07-30 12:01:09.538,24251.0,,,,,2.0,,,stable/luigi,,,,,,3.0,,,,,
94,sqlmodel,tiangolo/sqlmodel,"SQLModel, SQL databases in Python, designed for simplicity, compatibility, and robustness.",,db-clients,https://github.com/fastapi/sqlmodel,112.0,,MIT,2021-08-27 18:23:42.453,2026-06-26 18:46:33.747,878.0,,18234.0,30,True,34248.0,32392.0,sqlmodel,conda-forge/sqlmodel,,https://pypi.org/project/sqlmodel,2026-06-25 13:01:37.000,2026-06-25 13:01:37.000,0.0.39,42.0,1856.0,20296097.0,20300672.0,https://anaconda.org/conda-forge/sqlmodel,2026-06-26 18:46:33.747,269960.0,,,,,2.0,['pydantic'],,,,,,,,,,,,,
95,Great Expectations,great-expectations/great_expectations,Always know what to expect from your data.,,data-pipelines,https://greatexpectations.io,471.0,,Apache-2.0,2020-05-21 12:22:47.871,2026-07-24 20:16:37.040,1783.0,,11667.0,30,True,192.0,4.0,great_expectations,conda-forge/great-expectations,,https://pypi.org/project/great_expectations,2026-07-24 13:31:41.000,2026-07-13 14:58:22.000,1.19.0,368.0,188.0,26797004.0,26818997.0,https://anaconda.org/conda-forge/great-expectations,2026-07-24 20:16:37.040,1627505.0,,,,,2.0,,,,,,,,1.0,,,,,,
96,sh,amoffat/sh,Python process launching.,,process-utils,https://github.com/amoffat/sh,112.0,https://github.com/amoffat/sh,MIT,2012-01-15 05:52:06.000,2026-07-25 21:44:41.000,506.0,2.0,7246.0,30,True,19470.0,18605.0,sh,conda-forge/sh,,https://pypi.org/project/sh,2026-07-25 21:44:41.000,2026-07-25 21:44:41.000,2.4.0,55.0,865.0,11690060.0,11697138.0,https://anaconda.org/conda-forge/sh,2026-06-06 22:32:21.088,488422.0,,,,,2.0,,,,,,,,,,,,,,
97,boltons,mahmoud/boltons,"Like builtins, but boltons. 250+ constructs, recipes, and snippets which extend (and rely on nothing but) the Python..",,utilities,https://github.com/mahmoud/boltons,110.0,https://github.com/mahmoud/boltons,BSD-3-Clause,2013-02-20 06:17:12.000,2026-07-22 07:42:58.045,405.0,73.0,6906.0,30,True,12524.0,12067.0,boltons,conda-forge/boltons,,https://pypi.org/project/boltons,2026-07-17 18:38:41.000,2026-07-17 18:38:41.000,26.1.0,58.0,457.0,25055442.0,25276053.0,https://anaconda.org/conda-forge/boltons,2026-07-22 07:42:58.045,16104669.0,,,,,2.0,,,,,,,,,,,,,,
98,gdown,wkentaro/gdown,Google Drive public file downloader when curl/wget fails.,,data-loading,https://github.com/wkentaro/gdown,26.0,https://github.com/wkentaro/gdown,MIT,2015-10-17 03:01:23.000,2026-05-30 18:25:36.696,419.0,,5269.0,30,True,61238.0,59781.0,gdown,conda-forge/gdown,,https://pypi.org/project/gdown,2026-05-30 11:56:20.000,2026-05-30 11:56:20.000,6.1.0,96.0,1457.0,3698537.0,3706186.0,https://anaconda.org/conda-forge/gdown,2026-05-30 18:25:36.696,558421.0,,,,,2.0,,,,,,,,,,,,,,
99,Tablib,jazzband/tablib,"Python Module for Tabular Datasets in XLS, CSV, JSON, YAML, &c.",,data-loading,https://github.com/jazzband/tablib,139.0,https://github.com/jazzband/tablib,MIT,2011-03-28 02:36:50.000,2026-07-16 06:06:26.000,607.0,47.0,4756.0,30,True,132338.0,132129.0,tablib,conda-forge/tablib,,https://pypi.org/project/tablib,2025-10-15 18:21:44.000,2025-10-15 18:21:44.000,3.9.0,50.0,209.0,4669889.0,4675640.0,https://anaconda.org/conda-forge/tablib,2025-10-15 20:08:53.249,385322.0,,,,,2.0,,,,,,,,,,,,,,
100,MongoEngine,MongoEngine/mongoengine,A Python Object-Document-Mapper for working with MongoDB.,,db-clients,https://github.com/MongoEngine/mongoengine,402.0,https://github.com/MongoEngine/mongoengine,MIT,2012-03-05 12:10:20.000,2026-03-10 19:06:13.810,1232.0,347.0,4349.0,30,True,28505.0,28051.0,mongoengine,conda-forge/mongoengine,,https://pypi.org/project/mongoengine,2026-03-10 15:19:16.000,2026-03-10 15:19:16.000,0.29.3,79.0,454.0,2415564.0,2425949.0,https://anaconda.org/conda-forge/mongoengine,2026-03-10 19:06:13.810,716568.0,,,,,2.0,,,,,,,,,,,,,,
101,netmiko,ktbyers/netmiko,Multi-vendor library to simplify Paramiko SSH connections to network devices.,,infrastructure,https://github.com/ktbyers/netmiko,276.0,https://github.com/ktbyers/netmiko,MIT,2014-11-28 21:42:52.000,2026-05-12 18:26:12.000,1374.0,62.0,4165.0,30,True,5924.0,5650.0,netmiko,,,https://pypi.org/project/netmiko,2026-05-12 18:26:12.000,2026-05-12 18:26:12.000,4.7.0,47.0,274.0,1178190.0,1178190.0,,,,,,,,2.0,,,,,,,,,,,,,,
102,XlsxWriter,jmcnamara/XlsxWriter,A Python module for creating Excel XLSX files.,,file-formats,https://github.com/jmcnamara/XlsxWriter,58.0,https://github.com/jmcnamara/XlsxWriter,BSD-2-Clause,2013-01-04 01:07:06.000,2026-03-22 15:38:27.000,663.0,27.0,3934.0,30,True,114217.0,113743.0,xlsxwriter,conda-forge/xlsxwriter,,https://pypi.org/project/xlsxwriter,2025-09-16 00:16:20.000,2025-09-16 00:16:20.000,3.2.9,175.0,474.0,109024597.0,109093016.0,https://anaconda.org/conda-forge/xlsxwriter,2025-10-12 21:28:27.859,5063074.0,,,,,3.0,,,,,,,,,,,,,,
103,pycparser,eliben/pycparser,Complete C99 parser in pure Python.,,others,https://github.com/eliben/pycparser,95.0,https://github.com/eliben/pycparser,,2013-06-09 22:01:56.000,2026-07-06 12:56:56.000,647.0,31.0,3554.0,30,False,1153903.0,1150761.0,pycparser,conda-forge/pycparser,,https://pypi.org/project/pycparser,2026-01-21 14:26:50.000,,,24.0,3142.0,1061280547.0,1062385415.0,https://anaconda.org/conda-forge/pycparser,2026-05-20 16:46:20.199,80655403.0,,,,,2.0,,,,,,,,,,,,,,
104,aiofiles,Tinche/aiofiles,File support for asyncio.,,file-path-utils,https://github.com/Tinche/aiofiles,43.0,https://github.com/Tinche/aiofiles,Apache-2.0,2015-03-29 20:28:14.000,2026-01-01 18:02:19.764,166.0,56.0,3248.0,30,True,259784.0,252058.0,aiofiles,conda-forge/aiofiles,,https://pypi.org/project/aiofiles,2025-10-09 20:51:03.000,2025-10-09 20:51:03.000,25.1.0,17.0,7726.0,155950967.0,155989211.0,https://anaconda.org/conda-forge/aiofiles,2026-01-01 18:02:19.764,2638837.0,,,,,2.0,,,,,,,,,,,,,,
105,schema,keleshev/schema,Schema validation just got Pythonic.,,data-validation,https://github.com/keleshev/schema,75.0,https://github.com/keleshev/schema,MIT,2012-08-19 18:56:20.000,2026-07-20 18:42:51.707,223.0,103.0,2944.0,30,True,17592.0,16701.0,schema,conda-forge/schema,,https://pypi.org/project/schema,2025-10-11 13:15:40.000,2025-10-11 13:15:40.000,0.7.8,28.0,891.0,27664713.0,27674210.0,https://anaconda.org/conda-forge/schema,2026-07-20 18:42:51.707,683847.0,,,,,2.0,,,,,,,,,,,,,,
106,deepdiff,seperman/deepdiff,Deep Difference and Search of any Python object/data. Recreate objects by adding adding deltas to each other.,,inspect,https://zepworks.com/deepdiff/,106.0,,MIT,2020-06-23 16:10:42.151,2026-05-16 14:18:08.306,268.0,,2504.0,30,True,23170.0,21691.0,deepdiff,conda-forge/deepdiff,,https://pypi.org/project/deepdiff,2026-05-15 20:18:03.000,2026-05-15 20:18:03.000,9.1.0,93.0,1479.0,79111808.0,79124484.0,https://anaconda.org/conda-forge/deepdiff,2026-05-16 14:18:08.306,925368.0,,,,,1.0,,,,,,,,,,,,,,
107,xlrd,python-excel/xlrd,Please use openpyxl where you can...,,data-loading,https://github.com/python-excel/xlrd,53.0,https://github.com/python-excel/xlrd,BSD-3-Clause,2012-03-07 04:50:48.000,2025-08-26 01:03:05.873,437.0,3.0,2203.0,30,True,257268.0,253759.0,xlrd,conda-forge/xlrd,,https://pypi.org/project/xlrd,2025-06-14 08:46:37.000,2025-06-14 08:46:37.000,2.0.2,25.0,3509.0,83014191.0,83093163.0,https://anaconda.org/conda-forge/xlrd,2025-08-26 01:03:05.873,5686052.0,,,,,2.0,,,,,,,,,,,,,,
108,zarr,zarr-developers/zarr-python,"An implementation of chunked, compressed, N-dimensional arrays for Python.",,data-containers,https://github.com/zarr-developers/zarr-python,179.0,https://github.com/zarr-developers/zarr-python,MIT,2015-12-15 14:49:40.000,2026-07-29 20:19:42.000,434.0,513.0,2029.0,30,True,10906.0,8772.0,zarr,conda-forge/zarr,,https://pypi.org/project/zarr,2026-05-05 12:37:20.000,2026-05-05 12:37:20.000,3.2.1,119.0,2134.0,10008536.0,10094230.0,https://anaconda.org/conda-forge/zarr,2026-05-05 14:00:00.553,6169972.0,,,,,2.0,,,,,,,,,,,,,,
109,jsonpickle,jsonpickle/jsonpickle,Python library for serializing any arbitrary object graph into JSON. It can take almost any Python object and turn the..,,serialization,https://github.com/jsonpickle/jsonpickle,89.0,https://github.com/jsonpickle/jsonpickle,BSD-3-Clause,2009-12-10 03:59:23.000,2026-05-28 12:16:36.210,179.0,30.0,1318.0,30,True,51987.0,50379.0,jsonpickle,conda-forge/jsonpickle,,https://pypi.org/project/jsonpickle,2026-05-28 04:06:32.000,2026-05-28 03:50:10.000,4.1.2,61.0,1608.0,20057539.0,20096085.0,https://anaconda.org/conda-forge/jsonpickle,2026-05-28 12:16:36.210,2428437.0,,,,,3.0,,,,,,,,,,,,,,
110,python-bigquery,googleapis/python-bigquery,This library has moved to https://github.com/googleapis/google-cloud-python/tree/main/packages/google-cloud-bigquery.,,db-clients,https://github.com/googleapis/python-bigquery,177.0,https://github.com/googleapis/python-bigquery,Apache-2.0,2019-12-10 00:09:04.000,2026-07-11 17:06:10.398,324.0,,799.0,30,True,1815.0,,google-cloud-bigquery,conda-forge/google-cloud-bigquery,,https://pypi.org/project/google-cloud-bigquery,2026-07-08 17:03:09.000,2026-07-08 17:03:09.000,3.42.2,189.0,1815.0,247761701.0,247817479.0,https://anaconda.org/conda-forge/google-cloud-bigquery,2026-07-11 17:06:10.398,4016072.0,,,,,2.0,,,,,,,,,,,,,,
111,wcwidth,jquast/wcwidth,Python library that measures the width of strings in a terminal.,,cli-helpers,https://github.com/jquast/wcwidth,23.0,https://github.com/jquast/wcwidth,,2014-04-05 09:57:11.000,2026-07-29 19:40:02.000,71.0,1.0,460.0,30,False,774082.0,771420.0,wcwidth,conda-forge/wcwidth,,https://pypi.org/project/wcwidth,2026-06-29 18:11:09.000,2026-06-29 18:11:09.000,0.8.2,41.0,2662.0,296480394.0,297145478.0,https://anaconda.org/conda-forge/wcwidth,2026-06-29 22:24:18.430,48551199.0,,,,,2.0,,,,,,,,,,,,,,
112,kivy,kivy/kivy,"Open source UI framework written in Python, running on Windows, Linux, macOS, Android and iOS.",,gui-dev,https://github.com/kivy/kivy,639.0,https://github.com/kivy/kivy,MIT,2010-11-03 20:27:32.000,2026-03-29 21:34:21.210,3137.0,851.0,18598.0,29,True,18152.0,17794.0,kivy,conda-forge/kivy,,https://pypi.org/project/kivy,2024-12-26 16:13:26.000,2024-12-26 16:13:26.000,2.3.1,52.0,358.0,256218.0,265389.0,https://anaconda.org/conda-forge/kivy,2026-03-29 21:34:21.210,678717.0,,,,,1.0,,,,,,,,,,,,,,
113,dbt,dbt-labs/dbt-core,dbt enables data analysts and engineers to transform their data using the same practices that software engineers use..,,data-pipelines,https://github.com/dbt-labs/dbt-core,450.0,https://github.com/dbt-labs/dbt-core,Apache-2.0,2016-03-10 02:38:00.000,2026-07-29 04:50:17.000,2484.0,1452.0,13539.0,29,True,10014.0,9978.0,dbt,conda-forge/dbt,,https://pypi.org/project/dbt,2026-07-29 04:50:17.000,2021-12-06 20:32:12.000,1.0.0,341.0,36.0,136810.0,144156.0,https://anaconda.org/conda-forge/dbt,2025-04-22 14:56:29.479,852241.0,,,,,2.0,,,,,,,,,,dbt,,,,
114,schedule,dbader/schedule,Python job scheduling for humans.,,infrastructure,https://github.com/dbader/schedule,60.0,https://github.com/dbader/schedule,MIT,2013-05-19 12:51:20.000,2025-04-22 14:57:18.289,958.0,159.0,11703.0,29,False,59973.0,59268.0,schedule,conda-forge/schedule,,https://pypi.org/project/schedule,2024-05-25 18:41:59.000,2024-05-25 18:41:59.000,1.2.2,27.0,705.0,9304994.0,9307348.0,https://anaconda.org/conda-forge/schedule,2025-04-22 14:57:18.289,155409.0,,,,,2.0,,,,,,,,,,,,,,
115,Kedro,kedro-org/kedro,Kedro is a toolbox for production-ready data science. It uses software engineering best practices to help you create..,,data-pipelines,https://github.com/kedro-org/kedro,292.0,https://github.com/kedro-org/kedro,Apache-2.0,2019-04-18 10:29:56.000,2026-06-29 14:53:18.000,1046.0,163.0,10904.0,29,True,3437.0,3275.0,kedro,,,https://pypi.org/project/kedro,2026-06-29 14:53:18.000,2026-06-29 14:53:18.000,1.5.0,73.0,162.0,875567.0,875567.0,,,,,,,,2.0,,,,,,,,,,,,,,
116,supervisor,Supervisor/supervisor,Supervisor process control system for Unix (supervisord).,,process-utils,https://github.com/Supervisor/supervisor,183.0,https://github.com/Supervisor/supervisor,Repoze Public License,2010-12-08 00:48:48.000,2026-02-27 16:21:02.213,1261.0,168.0,8915.0,29,True,14057.0,13897.0,supervisor,conda-forge/supervisor,,https://pypi.org/project/supervisor,2025-08-23 18:25:00.000,2025-08-23 18:25:00.000,4.3.0,52.0,160.0,12643159.0,12654225.0,https://anaconda.org/conda-forge/supervisor,2026-02-27 16:21:02.213,763597.0,,,,,3.0,,,,,,,,,,,,,,
117,docopt,docopt/docopt,Create *beautiful* command-line interfaces with Python.,,cli-helpers,https://github.com/docopt/docopt,34.0,https://github.com/docopt/docopt,MIT,2012-04-07 17:45:14.000,2025-06-23 09:03:15.000,563.0,265.0,7986.0,29,False,151605.0,148238.0,docopt,conda-forge/docopt,,https://pypi.org/project/docopt,2014-06-16 11:18:57.000,2014-06-16 11:18:57.000,0.6.2,11.0,3367.0,18018954.0,18169098.0,https://anaconda.org/conda-forge/docopt,2025-04-22 14:56:22.100,2852740.0,,,,,2.0,,,,,,,,,,,,,,
118,Ibis,ibis-project/ibis,the portable Python dataframe library.,,db-clients,https://github.com/ibis-project/ibis,520.0,https://github.com/ibis-project/ibis,Apache-2.0,2015-04-17 20:43:46.000,2026-06-01 13:41:59.261,722.0,499.0,6544.0,29,True,5476.0,5344.0,ibis-framework,conda-forge/ibis-framework,,https://pypi.org/project/ibis-framework,2026-02-07 14:31:10.000,2026-02-07 14:31:10.000,12.0.0,181.0,132.0,3127784.0,3142741.0,https://anaconda.org/conda-forge/ibis-framework,2026-06-01 13:41:59.261,1091894.0,,,,,2.0,,,,,,,,,,,,,,
119,python-dependency-injector,ets-labs/python-dependency-injector,Dependency injection framework for Python.,,utilities,https://github.com/ets-labs/python-dependency-injector,49.0,https://github.com/ets-labs/python-dependency-injector,BSD-3-Clause,2015-01-04 13:23:05.000,2026-06-19 11:25:21.013,347.0,209.0,4882.0,29,True,6176.0,5752.0,dependency-injector,conda-forge/dependency_injector,,https://pypi.org/project/dependency-injector,2026-06-18 17:50:58.000,2026-06-18 17:50:58.000,4.49.1,303.0,424.0,7959945.0,7962389.0,https://anaconda.org/conda-forge/dependency_injector,2026-06-19 11:25:21.013,141757.0,,,,,2.0,,,,,,,,,,,,,,
120,AWS Data Wrangler,awslabs/aws-data-wrangler,Pandas on AWS.,,db-clients,https://aws-sdk-pandas.readthedocs.io/,182.0,,Apache-2.0,2020-05-20 12:37:42.777,2026-06-26 11:18:07.722,733.0,,4110.0,29,True,2721.0,2575.0,awswrangler,conda-forge/awswrangler,,https://pypi.org/project/awswrangler,2026-06-25 12:01:20.000,2026-06-25 12:01:20.000,3.17.0,166.0,146.0,85339878.0,85351944.0,https://anaconda.org/conda-forge/awswrangler,2026-06-26 11:18:07.722,892926.0,,,,,2.0,['pandas'],,,,,,,,,,,,,
121,phonenumbers,daviddrysdale/python-phonenumbers,Python port of Googles libphonenumber.,,text,https://github.com/daviddrysdale/python-phonenumbers,33.0,https://github.com/daviddrysdale/python-phonenumbers,Apache-2.0,2011-04-21 03:06:38.000,2026-07-26 14:45:28.302,441.0,13.0,3762.0,29,True,962.0,,phonenumbers,conda-forge/phonenumbers,,https://pypi.org/project/phonenumbers,2026-07-26 08:28:14.000,2026-07-26 08:28:14.000,9.0.35,299.0,962.0,37187390.0,37228229.0,https://anaconda.org/conda-forge/phonenumbers,2026-07-26 14:45:28.302,2532034.0,,,,,1.0,,,,,,,,,,,,,,
122,xlwings,xlwings/xlwings,xlwings is a Python library that makes it easy to call Python from Excel and vice versa. It works with Excel on..,,data-loading,https://github.com/xlwings/xlwings,67.0,https://github.com/xlwings/xlwings,BSD-3-Clause,2014-03-17 13:03:20.000,2026-07-14 05:23:57.042,534.0,406.0,3379.0,29,True,34586.0,34287.0,xlwings,conda-forge/xlwings,,https://pypi.org/project/xlwings,2026-07-13 14:47:53.000,2026-07-13 14:47:53.000,0.36.10,214.0,299.0,924209.0,951800.0,https://anaconda.org/conda-forge/xlwings,2026-07-14 05:23:57.042,2041775.0,,,,,2.0,,,,,,,,,,,,,,
123,cerberus,pyeve/cerberus,"Lightweight, extensible data validation library for Python.",,data-validation,https://github.com/pyeve/cerberus,67.0,https://github.com/pyeve/cerberus,ISC,2012-10-10 10:03:49.000,2026-07-17 15:18:12.676,240.0,14.0,3268.0,29,True,19200.0,18433.0,cerberus,conda-forge/cerberus,,https://pypi.org/project/cerberus,2025-11-06 18:29:38.000,2025-11-06 18:29:38.000,1.3.8,30.0,767.0,6471331.0,6487229.0,https://anaconda.org/conda-forge/cerberus,2026-07-17 15:18:12.676,874427.0,,,,,2.0,,,,,,,,,,,,,,
124,pyodbc,mkleehammer/pyodbc,Python ODBC bridge.,,db-clients,https://github.com/mkleehammer/pyodbc,64.0,https://github.com/mkleehammer/pyodbc,MIT-0,2008-10-03 15:19:37.000,2026-06-27 05:29:12.699,570.0,56.0,3082.0,29,False,76176.0,74658.0,pyodbc,conda-forge/pyodbc,,https://pypi.org/project/pyodbc,2025-10-17 18:02:58.000,2025-10-17 18:02:58.000,5.3.0,66.0,1518.0,42240395.0,42276190.0,https://anaconda.org/conda-forge/pyodbc,2026-06-27 05:29:12.699,2469882.0,,,,,2.0,,,,,,,,,,,,,,
125,plumbum,tomerfiliba/plumbum,Plumbum: Shell Combinators.,,infrastructure,https://github.com/tomerfiliba/plumbum,127.0,https://github.com/tomerfiliba/plumbum,MIT,2012-04-27 08:51:34.000,2026-07-23 04:52:55.777,205.0,137.0,3054.0,29,True,9987.0,9595.0,plumbum,conda-forge/plumbum,,https://pypi.org/project/plumbum,2026-07-22 04:13:10.000,2026-07-22 04:13:10.000,2.0.2,34.0,392.0,6122097.0,6146349.0,https://anaconda.org/conda-forge/plumbum,2026-07-23 04:52:55.777,1576409.0,,,,,2.0,,,,,,,,,,,,,,
126,PyPika,kayak/pypika,PyPika is a python SQL query builder that exposes the full richness of the SQL language using a syntax that reflects..,,db-clients,https://github.com/kayak/pypika,119.0,https://github.com/kayak/pypika,Apache-2.0,2016-07-06 14:08:50.000,2026-02-04 11:27:46.000,330.0,230.0,2905.0,29,True,47229.0,46997.0,pypika,conda-forge/pypika,,https://pypi.org/project/pypika,2026-02-04 11:27:46.000,2026-02-04 11:27:46.000,0.51.1,217.0,232.0,13277745.0,13279652.0,https://anaconda.org/conda-forge/pypika,2026-02-02 19:08:16.299,108700.0,,,,,2.0,,,,,,,,,,,,,,
127,python-dateutil,dateutil/dateutil,Useful extensions to the standard Python datetime features.,,date-time-utils,https://github.com/dateutil/dateutil,133.0,https://github.com/dateutil/dateutil,Apache-2.0,2014-11-19 18:56:16.000,2026-03-03 05:40:58.000,540.0,433.0,2609.0,29,True,11585.0,,python-dateutil,conda-forge/python-dateutil,,https://pypi.org/project/python-dateutil,2024-03-01 18:36:18.000,2024-03-01 03:52:51.000,2.9.0,34.0,11585.0,1144297415.0,1146020559.0,https://anaconda.org/conda-forge/python-dateutil,2025-06-28 09:49:03.395,103388640.0,,,,,3.0,,,,,,,,,,,,,,
128,mysqlclient,PyMySQL/mysqlclient,MySQL/MariaDB connector for Python.,,db-clients,https://github.com/PyMySQL/mysqlclient,92.0,https://github.com/PyMySQL/mysqlclient,GPL-2.0,2014-04-28 05:09:06.000,2026-03-03 16:43:52.172,446.0,10.0,2525.0,29,True,211013.0,209929.0,mysqlclient,conda-forge/mysqlclient,,https://pypi.org/project/mysqlclient,2026-02-10 10:58:40.000,2026-02-10 10:58:40.000,2.2.8,44.0,1084.0,20858035.0,20871097.0,https://anaconda.org/conda-forge/mysqlclient,2026-03-03 16:43:52.172,940470.0,,,,,2.0,,,,,,,,,,,,,,
129,numexpr,pydata/numexpr,"Fast numerical array expression evaluator for Python, NumPy, Pandas, PyTables and more.",,data-containers,https://github.com/pydata/numexpr,89.0,https://github.com/pydata/numexpr,MIT,2013-11-30 22:33:48.000,2026-07-18 15:46:00.239,225.0,,2518.0,29,True,102096.0,100748.0,numexpr,conda-forge/numexpr,,https://pypi.org/project/numexpr,2026-07-18 10:51:37.000,2026-07-18 10:51:37.000,2.14.2,64.0,1348.0,,192605.0,https://anaconda.org/conda-forge/numexpr,2026-07-18 15:46:00.239,14060200.0,,,,,2.0,,,,,,,,,,,,,,
130,Motor,mongodb/motor,Motor - the async Python driver for MongoDB and Tornado or asyncio.,,db-clients,https://github.com/mongodb/motor,65.0,https://github.com/mongodb/motor,Apache-2.0,2013-01-11 21:34:44.000,2025-07-30 19:55:54.000,211.0,1.0,2502.0,29,True,130087.0,129333.0,motor,conda-forge/motor,,https://pypi.org/project/motor,2025-05-14 18:56:31.000,2025-05-14 18:56:31.000,3.7.1,58.0,754.0,11045899.0,11047946.0,https://anaconda.org/conda-forge/motor,2025-05-15 13:30:49.535,141277.0,,,,,2.0,,,,,,,,,,,,,,
131,msgpack,msgpack/msgpack-python,MessagePack serializer implementation for Python msgpack.org[Python].,,serialization,https://github.com/msgpack/msgpack-python,92.0,https://github.com/msgpack/msgpack-python,,2011-08-21 08:24:41.000,2026-07-01 15:13:56.000,246.0,6.0,2100.0,29,False,4110.0,,msgpack,conda-forge/msgpack-python,,https://pypi.org/project/msgpack,2026-06-18 16:12:31.000,2026-06-18 16:12:31.000,1.2.1,33.0,4110.0,275190834.0,275763216.0,https://anaconda.org/conda-forge/msgpack-python,2026-06-26 08:04:29.560,39494389.0,,,,,3.0,,,,,,,,,,,,,,
132,emoji,carpedm20/emoji,emoji terminal output for Python.,,text,https://github.com/carpedm20/emoji,70.0,https://github.com/carpedm20/emoji,BSD-3-Clause,2014-08-18 02:55:59.000,2025-09-21 16:23:07.951,294.0,25.0,2032.0,29,True,94202.0,92859.0,emoji,conda-forge/emoji,,https://pypi.org/project/emoji,2025-09-21 12:13:01.000,2025-09-21 12:13:01.000,2.15.0,55.0,1343.0,16907973.0,16911651.0,https://anaconda.org/conda-forge/emoji,2025-09-21 16:23:07.951,261194.0,,,,,1.0,,,,,,,,,,,,,,
133,humanize,jmoiron/humanize,python humanize functions.,,text,https://github.com/jmoiron/humanize,62.0,https://github.com/jmoiron/humanize,MIT,2011-10-07 23:44:01.000,2026-07-01 11:45:34.841,149.0,,1680.0,29,True,1941.0,,humanize,conda-forge/humanize,,https://pypi.org/project/humanize,2026-06-30 16:17:28.000,2026-06-30 16:17:28.000,4.16.0,58.0,1941.0,69951630.0,69972342.0,https://anaconda.org/conda-forge/humanize,2026-07-01 11:45:34.841,1511980.0,,,,,1.0,,,,,,,,,,,,,,
134,python-slugify,un33k/python-slugify,Returns unicode slugs.,,text,https://github.com/un33k/python-slugify,40.0,https://github.com/un33k/python-slugify,MIT,2012-10-15 01:44:50.000,2026-04-27 11:17:17.000,131.0,16.0,1622.0,29,True,121489.0,120023.0,python-slugify,conda-forge/python-slugify,,https://pypi.org/project/python-slugify,2024-02-08 18:32:43.000,2024-02-08 18:32:43.000,8.0.4,48.0,1466.0,85787131.0,85841687.0,https://anaconda.org/conda-forge/python-slugify,2025-04-22 14:56:28.010,3928096.0,,,,,1.0,,,,,,,,,,,,,,
135,bidict,jab/bidict,The bidirectional mapping library for Python.,,data-structures,https://github.com/jab/bidict,24.0,https://github.com/jab/bidict,MPL-2.0,2014-09-23 14:00:27.000,2026-05-14 13:58:00.000,66.0,,1579.0,29,True,45600.0,45117.0,bidict,conda-forge/bidict,,https://pypi.org/project/bidict,2024-02-18 19:09:04.000,2024-02-18 19:09:04.000,0.23.1,43.0,483.0,28536965.0,28549533.0,https://anaconda.org/conda-forge/bidict,2025-04-22 14:56:27.833,904932.0,,,,,1.0,,,,,,,,,,,,,,
136,Cassandra Driver,datastax/python-driver,Apache Cassandra Python Driver.,,db-clients,https://github.com/apache/cassandra-python-driver/,217.0,,Apache-2.0,2020-08-11 00:16:00.446,2026-07-11 16:20:44.630,581.0,,1427.0,29,True,11103.0,10770.0,cassandra-driver,conda-forge/cassandra-driver,,https://pypi.org/project/cassandra-driver,2026-07-06 20:12:57.000,2026-07-06 20:12:57.000,3.30.1,81.0,333.0,8534494.0,8544036.0,https://anaconda.org/conda-forge/cassandra-driver,2026-07-11 16:20:44.630,677519.0,,,,,2.0,,,,,,,,,,,,,,
137,keyring,jaraco/keyring,Store and access your passwords safely.,,cryptography,https://github.com/jaraco/keyring,130.0,https://github.com/jaraco/keyring,,2015-02-24 14:10:21.000,2025-11-16 19:29:59.624,175.0,82.0,1388.0,29,False,168673.0,164534.0,keyring,conda-forge/keyring,,https://pypi.org/project/keyring,2025-11-16 16:26:08.000,2025-11-16 16:26:08.000,25.7.0,204.0,4139.0,233110724.0,233364952.0,https://anaconda.org/conda-forge/keyring,2025-11-16 19:29:59.624,18304451.0,,,,,2.0,,,,,,,,,,,,,,
138,validators,kvesteri/validators,Python Data Validation for Humans.,,data-validation,https://python-validators.github.io/validators,64.0,,MIT,2020-07-16 11:30:58.403,2025-05-03 10:14:30.474,189.0,,1120.0,29,False,159721.0,152153.0,validators,conda-forge/validators,,https://pypi.org/project/validators,2025-05-01 05:42:04.000,2025-05-01 05:42:04.000,0.35.0,60.0,7568.0,30773011.0,30793928.0,https://anaconda.org/conda-forge/validators,2025-05-03 10:14:30.474,1506061.0,,,,,2.0,,,,,,,,,,,,,,
139,fastcore,fastai/fastcore,Python supercharged for fastai development.,,others,http://fastcore.fast.ai,84.0,,Apache-2.0,2021-12-30 08:08:43.937,2026-07-29 21:40:22.707,293.0,,1100.0,29,True,14540.0,13346.0,fastcore,conda-forge/fastcore,,https://pypi.org/project/fastcore,2026-07-29 13:52:36.000,2026-07-29 13:52:36.000,2.1.15,329.0,1194.0,43891481.0,43897470.0,https://anaconda.org/conda-forge/fastcore,2026-07-29 21:40:22.707,329441.0,,,,,2.0,,,,,,,,,,,,,,
140,s3transfer,boto/s3transfer,Amazon S3 Transfer Manager for Python.,,db-clients,https://github.com/boto/s3transfer,49.0,https://github.com/boto/s3transfer,Apache-2.0,2016-01-12 23:19:42.000,2026-07-23 15:32:50.063,155.0,68.0,236.0,29,True,385636.0,384701.0,s3transfer,conda-forge/s3transfer,,https://pypi.org/project/s3transfer,2026-07-22 19:30:43.000,2026-07-22 19:30:43.000,0.19.2,63.0,935.0,,437151.0,https://anaconda.org/conda-forge/s3transfer,2026-07-23 15:32:50.063,30163476.0,,,,,2.0,,,,,,,,-4.0,,,,,,
141,isodate,gweis/isodate,ISO 8601 date/time parser.,,date-time-utils,https://github.com/gweis/isodate,24.0,https://github.com/gweis/isodate,BSD-3-Clause,2012-10-29 23:32:06.000,2025-04-22 14:56:20.901,60.0,27.0,168.0,29,False,127339.0,126468.0,isodate,conda-forge/isodate,,https://pypi.org/project/isodate,2024-10-08 23:04:09.000,2024-10-08 23:04:09.000,0.7.2,19.0,871.0,223182280.0,223363123.0,https://anaconda.org/conda-forge/isodate,2025-04-22 14:56:20.901,9946378.0,,,,,3.0,,,,,,,,,,,,,,
142,zipp,jaraco/zipp,Backport of pathlib-compatible object wrapper for zip files.,,file-path-utils,https://github.com/jaraco/zipp,34.0,https://github.com/jaraco/zipp,,2018-11-15 21:24:48.000,2026-05-19 03:06:07.565,61.0,6.0,67.0,29,False,912547.0,909160.0,zipp,conda-forge/zipp,,https://pypi.org/project/zipp,2026-05-18 20:08:57.000,2026-05-18 20:08:57.000,4.1.0,64.0,3387.0,511333808.0,512509179.0,https://anaconda.org/conda-forge/zipp,2026-05-19 03:06:07.565,82276027.0,,,,,3.0,,,,,,,,,,,,,,
143,docker-compose,docker/compose,Define and run multi-container applications with Docker.,,infrastructure,https://github.com/docker/compose,650.0,https://github.com/docker/compose,Apache-2.0,2013-12-09 11:40:58.000,2026-07-24 13:35:40.000,5770.0,100.0,37887.0,28,True,468.0,220.0,docker-compose,conda-forge/docker-compose,,https://pypi.org/project/docker-compose,2021-05-10 11:22:10.000,2021-05-10 11:22:10.000,1.29.2,144.0,248.0,1154733.0,1166883.0,https://anaconda.org/conda-forge/docker-compose,2026-07-07 17:00:37.617,887019.0,,,,,3.0,,,,,,,,,,,,,,
144,fabric,fabric/fabric,"Simple, Pythonic remote execution and deployment.",,infrastructure,https://github.com/fabric/fabric,136.0,https://github.com/fabric/fabric,BSD-2-Clause,2009-05-01 01:14:24.000,2026-04-10 13:53:02.000,1965.0,500.0,15419.0,28,True,476.0,24.0,fabric,conda-forge/fabric,,https://pypi.org/project/fabric,2026-04-06 00:00:10.000,2026-04-06 00:00:10.000,3.2.3,131.0,452.0,13293453.0,13301995.0,https://anaconda.org/conda-forge/fabric,2026-04-06 06:36:31.669,563800.0,,,,,3.0,,,,,,,,,,,,,,
145,pendulum,sdispater/pendulum,Python datetimes made easy.,,date-time-utils,https://pendulum.eustace.io,131.0,,MIT,2020-07-13 13:46:20.813,2026-01-31 13:51:27.647,415.0,,6613.0,28,True,41929.0,40347.0,pendulum,conda-forge/pendulum,,https://pypi.org/project/pendulum,2026-01-30 11:20:36.000,2026-01-30 11:20:36.000,3.2.0,57.0,1582.0,72683437.0,72715747.0,https://anaconda.org/conda-forge/pendulum,2026-01-31 13:51:27.647,2326376.0,,,,,3.0,,,,,,,,,,,,,,
146,tortoise-orm,tortoise/tortoise-orm,"Familiar asyncio ORM for python, built with relations in mind.",,db-clients,https://github.com/tortoise/tortoise-orm,178.0,https://github.com/tortoise/tortoise-orm,Apache-2.0,2018-03-29 16:52:10.000,2026-03-22 19:10:06.130,468.0,498.0,5525.0,28,True,10984.0,10639.0,tortoise-orm,conda-forge/tortoise-orm,,https://pypi.org/project/tortoise-orm,2026-03-21 20:03:27.000,2026-03-21 20:03:27.000,1.1.7,181.0,345.0,609669.0,610783.0,https://anaconda.org/conda-forge/tortoise-orm,2026-03-22 19:10:06.130,67982.0,,,,,3.0,,,,,,,,,,,,,,
147,pandas-gbq,googleapis/python-bigquery-pandas,This library has moved to https://github.com/googleapis/google-cloud-python/tree/main/packages/pandas-gbq.,,db-clients,https://github.com/googleapis/python-bigquery-pandas,60.0,https://github.com/googleapis/python-bigquery-pandas,BSD-3-Clause,2017-02-08 13:07:19.000,2026-04-10 00:40:59.000,1735.0,,5356.0,28,True,283.0,,pandas-gbq,conda-forge/pandas-gbq,,https://pypi.org/project/pandas-gbq,2026-04-10 00:40:59.000,2026-04-10 00:40:59.000,0.35.0,67.0,283.0,33332603.0,33370195.0,https://anaconda.org/conda-forge/pandas-gbq,2025-05-01 18:48:18.992,2593905.0,,,,,3.0,,,,,,,,,,,,,,
148,google-cloud-bigtable,googleapis/python-bigtable,This library has moved to https://github.com/googleapis/google-cloud-python/tree/main/packages/google-cloud-bigtable.,,db-clients,https://github.com/googleapis/python-bigtable,80.0,https://github.com/googleapis/python-bigtable,Apache-2.0,2019-12-10 00:09:10.000,2026-07-17 06:14:04.073,1735.0,,5356.0,28,True,70.0,,google-cloud-bigtable,conda-forge/google-cloud-bigtable,,https://pypi.org/project/google-cloud-bigtable,2026-07-16 20:35:46.000,2026-07-16 20:35:46.000,2.41.0,98.0,70.0,86588907.0,86592608.0,https://anaconda.org/conda-forge/google-cloud-bigtable,2026-07-17 06:14:04.073,240614.0,,,,,3.0,,,,,,,,,,,,,,
149,toolz,pytoolz/toolz,A functional standard library for Python.,,utilities,https://github.com/pytoolz/toolz,82.0,https://github.com/pytoolz/toolz,,2013-09-13 02:18:43.000,2025-12-01 20:21:45.000,270.0,122.0,5086.0,28,False,211506.0,209816.0,toolz,conda-forge/toolz,,https://pypi.org/project/toolz,2025-10-17 04:03:20.000,2025-10-17 04:03:20.000,1.1.0,31.0,1690.0,59980767.0,60453157.0,https://anaconda.org/conda-forge/toolz,2025-10-17 13:30:58.070,33067324.0,,,,,2.0,,,,,,,,,,,,,,
150,python-sortedcontainers,grantjenks/python-sortedcontainers,"Python Sorted Container Types: Sorted List, Sorted Dict, and Sorted Set.",,data-structures,https://github.com/grantjenks/python-sortedcontainers,24.0,https://github.com/grantjenks/python-sortedcontainers,Apache-2.0,2014-02-24 17:44:20.000,2025-04-22 14:56:25.064,223.0,35.0,3905.0,28,False,1257.0,,sortedcontainers,conda-forge/sortedcontainers,,https://pypi.org/project/sortedcontainers,2021-05-16 22:03:41.000,2021-05-16 22:03:41.000,2.4.0,40.0,1257.0,267634033.0,268020370.0,https://anaconda.org/conda-forge/sortedcontainers,2025-04-22 14:56:25.064,28202614.0,,,,,2.0,,,,,,,,,,,,,,
151,datasketch,ekzhu/datasketch,"MinHash, LSH, LSH Forest, Weighted MinHash, HyperLogLog, HyperLogLog++, LSH Ensemble and HNSW.",,data-containers,https://github.com/ekzhu/datasketch,39.0,https://github.com/ekzhu/datasketch,MIT,2015-03-20 01:21:46.000,2026-07-05 06:36:29.000,317.0,54.0,2940.0,28,True,2816.0,2596.0,datasketch,,,https://pypi.org/project/datasketch,2026-07-05 06:36:29.000,2026-07-05 06:36:29.000,2.0.0,92.0,220.0,6627786.0,6627786.0,,,,,,,,2.0,,,,,,,,,,,,,,
152,jmespath,jmespath/jmespath.py,JMESPath is a query language for JSON.,,file-formats,https://github.com/jmespath/jmespath.py,32.0,https://github.com/jmespath/jmespath.py,MIT,2013-02-19 22:16:36.000,2026-02-03 03:11:58.000,193.0,60.0,2411.0,28,True,2002.0,,jmespath,conda-forge/jmespath,,https://pypi.org/project/jmespath,2026-01-22 16:35:24.000,2026-01-22 16:35:24.000,1.1.0,27.0,2002.0,628437709.0,629077555.0,https://anaconda.org/conda-forge/jmespath,2026-01-23 09:50:19.103,33272030.0,,,,,3.0,,,,,,,,,,,,,,
153,voluptuous,alecthomas/voluptuous,"CONTRIBUTIONS ONLY: Voluptuous, despite the name, is a Python data validation library.",,data-validation,https://github.com/alecthomas/voluptuous,108.0,https://github.com/alecthomas/voluptuous,BSD-3-Clause,2010-07-15 09:55:10.000,2025-12-19 01:44:28.729,220.0,41.0,1849.0,28,True,21936.0,21317.0,voluptuous,conda-forge/voluptuous,,https://pypi.org/project/voluptuous,2025-12-18 23:18:44.000,2025-12-18 23:18:44.000,0.16.0,53.0,619.0,6569576.0,6584020.0,https://anaconda.org/conda-forge/voluptuous,2025-12-19 01:44:28.729,982207.0,,,,,2.0,,,,,,,,,,,,,,
154,bcrypt,pyca/bcrypt,Modern(-ish) password hashing for your software and your servers.,,cryptography,https://github.com/pyca/bcrypt,40.0,https://github.com/pyca/bcrypt,Apache-2.0,2013-05-11 02:03:55.000,2025-11-07 06:47:35.791,179.0,6.0,1391.0,28,True,361058.0,359008.0,bcrypt,conda-forge/bcrypt,,https://pypi.org/project/bcrypt,2025-09-25 19:49:05.000,2025-09-25 19:49:05.000,5.0.0,28.0,2050.0,,167414.0,https://anaconda.org/conda-forge/bcrypt,2025-11-07 06:47:35.791,11886416.0,,,,,3.0,,,,,,,,-4.0,,,,,,
155,SQLAlchemy-Utils,kvesteri/sqlalchemy-utils,Various utility functions and datatypes for SQLAlchemy.,,db-clients,https://github.com/kvesteri/sqlalchemy-utils,129.0,https://github.com/kvesteri/sqlalchemy-utils,,2013-02-18 16:48:22.000,2026-07-08 14:31:35.000,332.0,226.0,1340.0,28,False,42428.0,41327.0,sqlalchemy-utils,conda-forge/sqlalchemy-utils,,https://pypi.org/project/sqlalchemy-utils,2025-12-13 03:14:15.000,2025-12-13 03:14:15.000,0.42.1,217.0,1101.0,28396376.0,28412075.0,https://anaconda.org/conda-forge/sqlalchemy-utils,2025-12-13 08:07:05.024,1161780.0,,,,,3.0,,,,,,,,,,,,,,
156,petl,petl-developers/petl,Python Extract Transform and Load Tables of Data.,,data-pipelines,https://github.com/petl-developers/petl,71.0,https://github.com/petl-developers/petl,MIT,2011-08-19 09:51:03.000,2026-07-30 06:19:21.368,207.0,88.0,1314.0,28,True,4388.0,4331.0,petl,conda-forge/petl,,https://pypi.org/project/petl,2026-07-29 21:18:00.000,2026-07-29 21:18:00.000,1.7.22,97.0,57.0,1142393.0,1149488.0,https://anaconda.org/conda-forge/petl,2026-07-30 06:19:21.368,517949.0,,,,,2.0,,,,,,,,,,,http://petl.readthedocs.org,,,
157,py4j,bartdag/py4j,Enables Python programs to dynamically access arbitrary Java objects.,,others,https://www.py4j.org/,45.0,,BSD-3-Clause,2021-10-18 08:52:06.652,2025-04-22 14:56:26.456,231.0,,1287.0,28,False,55786.0,55449.0,py4j,conda-forge/py4j,,https://pypi.org/project/py4j,2025-01-15 03:53:15.000,2020-01-25 14:40:31.000,0.10.9,34.0,337.0,107678519.0,107932018.0,https://anaconda.org/conda-forge/py4j,2025-04-22 14:56:26.456,14449467.0,,,,,3.0,,,,,,,,,,,,,,
158,sshtunnel,pahaz/sshtunnel,SSH tunnels to remote server.,,infrastructure,https://github.com/pahaz/sshtunnel,27.0,https://github.com/pahaz/sshtunnel,MIT,2014-06-11 21:14:05.000,2025-04-22 14:56:28.186,184.0,64.0,1213.0,28,False,10267.0,9917.0,sshtunnel,conda-forge/sshtunnel,,https://pypi.org/project/sshtunnel,2021-01-11 13:28:30.784,2021-01-11 13:28:30.784,0.4.0,28.0,350.0,27630783.0,27638013.0,https://anaconda.org/conda-forge/sshtunnel,2025-04-22 14:56:28.186,498893.0,,,,,3.0,,,,,,,,,,,,,,
159,Bottleneck,pydata/bottleneck,Fast NumPy array functions written in C.,,data-containers,https://github.com/pydata/bottleneck,42.0,https://github.com/pydata/bottleneck,BSD-2-Clause,2010-11-27 23:21:22.000,2026-07-25 16:29:36.000,115.0,63.0,1181.0,28,True,60683.0,59903.0,Bottleneck,conda-forge/bottleneck,,https://pypi.org/project/Bottleneck,2026-07-25 16:29:36.000,2025-09-08 16:29:35.000,1.6.0,54.0,780.0,10510591.0,10617568.0,https://anaconda.org/conda-forge/bottleneck,2025-11-10 12:18:19.870,7381463.0,,,,,2.0,,,,,,,,,,,,,,
160,appdirs,ActiveState/appdirs,"A small Python module for determining appropriate platform-specific dirs, e.g. a user data dir.",,file-path-utils,https://github.com/ActiveState/appdirs,34.0,https://github.com/ActiveState/appdirs,MIT,2010-07-28 04:07:00.000,2025-04-22 14:56:20.880,98.0,48.0,1067.0,28,False,342350.0,337860.0,appdirs,conda-forge/appdirs,,https://pypi.org/project/appdirs,2020-05-11 07:59:49.000,2020-05-11 07:59:49.000,1.4.4,8.0,4490.0,38623068.0,38870807.0,https://anaconda.org/conda-forge/appdirs,2025-04-22 14:56:20.880,17094054.0,,,,,3.0,,,,,,,,,,,,,,
161,ConfigArgParse,bw2/ConfigArgParse,Drop-in replacement for argparse with added support for config files and environment variables.,,cli-helpers,https://github.com/bw2/ConfigArgParse,56.0,https://github.com/bw2/ConfigArgParse,MIT,2014-06-25 00:27:02.000,2026-05-05 10:12:59.000,118.0,,760.0,28,True,26415.0,25647.0,configargparse,conda-forge/configargparse,,https://pypi.org/project/configargparse,2026-03-11 02:19:36.000,2026-03-11 02:19:36.000,1.7.5,33.0,768.0,21159160.0,21191256.0,https://anaconda.org/conda-forge/configargparse,2026-03-11 12:48:53.106,2086248.0,,,,,3.0,,,,,,,,,,,,,,
162,asn1crypto,wbond/asn1crypto,Python ASN.1 library with a focus on performance and a pythonic API.,,cryptography,https://github.com/wbond/asn1crypto,40.0,https://github.com/wbond/asn1crypto,MIT,2015-06-03 18:51:56.000,2025-04-22 14:56:37.840,140.0,52.0,335.0,28,False,127580.0,126980.0,asn1crypto,conda-forge/asn1crypto,,https://pypi.org/project/asn1crypto,2022-03-15 14:46:51.000,2022-03-15 14:46:51.000,1.5.1,33.0,600.0,167166301.0,167310018.0,https://anaconda.org/conda-forge/asn1crypto,2025-04-22 14:56:37.840,10347694.0,,,,,3.0,,,,,,,,,,,,,,
163,tink,google/tink,"A multi-language, cross-platform library that provides cryptographic APIs that are secure, easy to use correctly, and..",,cryptography,https://github.com/tink-crypto/tink-py,118.0,,Apache-2.0,,2026-05-15 12:22:39.000,1189.0,,13537.0,27,True,1643.0,1620.0,tink,,tink-crypto,https://pypi.org/project/tink,2026-05-15 12:22:39.000,2026-05-15 12:22:39.000,1.15.0,15.0,20.0,1668840.0,1669940.0,,,,https://www.npmjs.com/package/tink-crypto,2023-05-02 19:29:05.212,3.0,1100.0,3.0,,,,,,,,,,,,,,
164,python-prompt-toolkit,prompt-toolkit/python-prompt-toolkit,Library for building powerful interactive command line applications in Python.,,cli-helpers,https://github.com/prompt-toolkit/python-prompt-toolkit,248.0,https://github.com/prompt-toolkit/python-prompt-toolkit,BSD-3-Clause,2014-01-25 22:12:08.000,2026-07-27 13:57:36.022,802.0,705.0,10545.0,27,True,,,prompt_toolkit,conda-forge/prompt-toolkit,,https://pypi.org/project/prompt_toolkit,2026-07-26 20:56:12.000,2026-07-26 20:56:12.000,3.0.53,41.0,,227350536.0,227994006.0,https://anaconda.org/conda-forge/prompt-toolkit,2026-07-27 13:57:36.022,45686397.0,,,,,3.0,,,,,,,,-4.0,,,,,,
165,kubernetes,kubernetes-client/python,Official Python client library for kubernetes.,,infrastructure,https://github.com/kubernetes-client/python,249.0,https://github.com/kubernetes-client/python,Apache-2.0,2016-10-31 20:08:03.000,2026-07-13 20:38:10.000,3505.0,97.0,7622.0,27,True,2506.0,,kubernetes,conda-forge/kubernetes,,https://pypi.org/project/kubernetes,2026-07-13 20:38:10.000,2026-07-13 20:38:10.000,36.0.3,120.0,2506.0,,11627.0,https://anaconda.org/conda-forge/kubernetes,2025-12-11 01:35:47.118,860440.0,,,,,3.0,,,,,,,,,,,,,,
166,TinyDB,msiemens/tinydb,TinyDB is a lightweight document oriented database optimized for your happiness :).,,data-containers,https://github.com/msiemens/tinydb,97.0,https://github.com/msiemens/tinydb,MIT,2013-07-12 23:31:13.000,2025-04-22 14:56:24.330,535.0,10.0,6766.0,27,False,16892.0,16201.0,tinydb,conda-forge/tinydb,,https://pypi.org/project/tinydb,2024-10-12 15:23:59.000,2024-10-12 15:23:59.000,4.8.2,70.0,691.0,6597831.0,6611947.0,https://anaconda.org/conda-forge/tinydb,2025-04-22 14:56:24.330,974033.0,,,,,2.0,,,,,,,,,,,,,,
167,zenml,zenml-io/zenml,ZenML : One AI Platform from Pipelines to Agents. https://zenml.io.,,data-pipelines,https://github.com/zenml-io/zenml,153.0,https://github.com/zenml-io/zenml,Apache-2.0,2020-11-19 09:25:46.000,2026-07-29 14:32:24.000,644.0,149.0,5526.0,27,True,1464.0,1449.0,zenml,,,https://pypi.org/project/zenml,2026-07-17 11:09:30.000,2026-07-17 11:09:30.000,0.96.2,195.0,15.0,161121.0,161121.0,,,,,,,,2.0,,,,,,,,,,,,,,
168,dataset,pudo/dataset,"Easy-to-use data handling for SQL data stores with support for implicit table creation, bulk loading, and transactions.",,db-clients,https://github.com/pudo/dataset,81.0,https://github.com/pudo/dataset,MIT,2013-04-01 14:57:55.000,2026-04-12 10:06:50.000,297.0,21.0,4862.0,27,True,5317.0,5167.0,dataset,conda-forge/dataset,,https://pypi.org/project/dataset,2026-04-12 09:59:36.000,2026-04-12 09:59:36.000,2.0.0,58.0,150.0,2218737.0,2219042.0,https://anaconda.org/conda-forge/dataset,2025-09-17 20:26:50.685,19579.0,,,,,3.0,,,,,,,,,,,,,,
169,ultrajson,ultrajson/ultrajson,Ultra fast JSON decoder and encoder written in C with Python bindings.,,serialization,https://github.com/ultrajson/ultrajson,96.0,https://github.com/ultrajson/ultrajson,,2011-02-27 20:00:51.000,2026-07-07 05:22:24.000,387.0,32.0,4489.0,27,False,2861.0,,ujson,conda-forge/ujson,,https://pypi.org/project/ujson,2026-06-14 22:34:58.000,2026-06-14 22:34:58.000,5.13.0,42.0,2861.0,33505765.0,33620062.0,https://anaconda.org/conda-forge/ujson,2026-06-15 22:20:48.211,8343694.0,,,,,3.0,,,,,,,,,,,,,,
170,pandera,pandera-dev/pandera,A light-weight and flexible data validation and testing tool for statistical data objects.,,data-containers,https://github.com/pandera-dev/pandera,205.0,,,2020-10-21 19:35:41.519,2026-07-01 14:40:16.002,412.0,,4389.0,27,False,4295.0,3762.0,pandera,conda-forge/pandera-core,,https://pypi.org/project/pandera,2026-06-29 16:01:46.000,2026-06-29 16:01:46.000,0.32.1,123.0,533.0,8884088.0,8885808.0,https://anaconda.org/conda-forge/pandera-core,2026-07-01 14:40:16.002,118743.0,,,,,2.0,['pandas'],,,,,,,,,,,,,
171,keyboard,boppreh/keyboard,Hook and simulate global keyboard events on Windows and Linux.,,others,https://github.com/boppreh/keyboard,41.0,https://github.com/boppreh/keyboard,MIT,2013-05-07 22:55:07.000,2025-11-03 14:50:16.222,434.0,408.0,3812.0,27,True,27930.0,27205.0,keyboard,conda-forge/keyboard,,https://pypi.org/project/keyboard,2020-03-23 21:49:28.677,2020-03-23 21:49:28.677,0.13.5,35.0,725.0,905361.0,906695.0,https://anaconda.org/conda-forge/keyboard,2025-11-03 14:50:16.222,81392.0,,,,,3.0,,,,,,,,,,,,,,
172,Copier,copier-org/copier,Library and command-line utility for rendering projects templates.,,others,https://github.com/copier-org/copier,125.0,https://github.com/copier-org/copier,MIT,2011-11-01 19:22:44.000,2026-07-13 14:33:03.000,268.0,134.0,3467.0,27,True,2374.0,2002.0,copier,,,https://pypi.org/project/copier,2026-07-13 14:33:03.000,2026-07-13 14:33:03.000,9.17.0,92.0,372.0,2179077.0,2179077.0,,,,,,,,3.0,,,,,,,,,,,,,,
173,smart-open,RaRe-Technologies/smart_open,"Utils for streaming large files (S3, HDFS, GCS, SFTP, Azure Blob Storage, gzip, bz2, zst...).",,data-loading,https://github.com/piskvorky/smart_open,134.0,,MIT,2020-07-01 07:11:39.502,2026-07-15 17:50:25.668,389.0,,3450.0,27,True,703.0,,smart-open,conda-forge/smart_open,,https://pypi.org/project/smart-open,2026-07-15 13:56:09.000,2026-07-15 13:56:09.000,8.0.1,79.0,703.0,70139384.0,70208032.0,https://anaconda.org/conda-forge/smart_open,2026-07-15 17:50:25.668,4942711.0,,,,,2.0,,,,,,,,,,,,,,
174,python-decouple,henriquebastos/python-decouple,Strict separation of settings from code.,,configuration,http://github.com/henriquebastos/python-decouple/,36.0,,MIT,2020-08-12 15:02:34.898,2025-04-22 14:56:41.760,217.0,,3034.0,27,False,172015.0,171307.0,python-decouple,conda-forge/python-decouple,,https://pypi.org/project/python-decouple,2023-03-01 19:40:02.580,,,12.0,708.0,8738470.0,8740655.0,https://anaconda.org/conda-forge/python-decouple,2025-04-22 14:56:41.760,155151.0,,,,,2.0,,,,,,,,,,,,,,
175,addict,mewwts/addict,The Python Dict thats better than heroin.,,data-structures,https://github.com/mewwts/addict,34.0,https://github.com/mewwts/addict,MIT,2014-12-10 06:55:25.000,2026-03-24 07:10:55.000,131.0,25.0,2548.0,27,True,18014.0,17563.0,addict,conda-forge/addict,,https://pypi.org/project/addict,2020-11-21 16:21:29.000,2020-11-21 16:21:29.000,2.4.0,31.0,451.0,9231057.0,9246917.0,https://anaconda.org/conda-forge/addict,2025-12-02 13:18:06.785,1110253.0,,,,,2.0,,,,,,,,,,,,,,
176,asyncer,tiangolo/asyncer,"Asyncer, async and await, focused on developer experience.",,async,https://github.com/fastapi/asyncer,23.0,,MIT,2022-01-10 21:56:40.631,2026-06-25 15:47:38.196,87.0,,2467.0,27,True,8603.0,8283.0,asyncer,conda-forge/asyncer,,https://pypi.org/project/asyncer,2026-06-25 13:41:07.000,2026-06-25 13:41:07.000,0.0.18,21.0,320.0,7996470.0,7997296.0,https://anaconda.org/conda-forge/asyncer,2026-06-25 15:47:38.196,44627.0,,,,,3.0,,,,,,,,,,,,,,
177,cloudpickle,cloudpipe/cloudpickle,Extended pickling support for Python objects.,,serialization,https://github.com/cloudpipe/cloudpickle,77.0,https://github.com/cloudpipe/cloudpickle,BSD-3-Clause,2015-04-13 16:33:00.000,2025-12-09 18:04:41.140,192.0,108.0,1932.0,27,True,2326.0,,cloudpickle,conda-forge/cloudpickle,,https://pypi.org/project/cloudpickle,2025-11-03 09:25:25.000,2025-11-03 09:25:25.000,3.1.2,42.0,2326.0,141488596.0,141984800.0,https://anaconda.org/conda-forge/cloudpickle,2025-12-09 18:04:41.140,35726754.0,,,,,3.0,,,,,,,,,,,,,,
178,questionary,tmbo/questionary,"Python library to build pretty command line user prompts Easy to use multi-select lists, confirmations, free text..",,cli-helpers,https://github.com/tmbo/questionary,58.0,https://github.com/tmbo/questionary,MIT,2018-12-01 17:55:17.000,2025-09-08 18:35:18.765,99.0,72.0,1850.0,27,True,25677.0,24238.0,questionary,conda-forge/questionary,,https://pypi.org/project/questionary,2025-08-28 19:00:19.000,2025-08-28 19:00:19.000,2.1.1,24.0,1439.0,23284583.0,23291419.0,https://anaconda.org/conda-forge/questionary,2025-09-08 18:35:18.765,458076.0,,,,,3.0,,,,,,,,,,,,,,
179,typing,python/typing,Python static typing home. Hosts the documentation and a user help forum.,,compatibility,https://github.com/python/typing,152.0,https://github.com/python/typing,Python-2.0,2014-09-29 16:54:42.000,2026-03-13 22:26:47.000,290.0,214.0,1740.0,27,True,3277.0,,typing,conda-forge/typing,,https://pypi.org/project/typing,2021-05-01 18:03:55.000,2019-06-19 22:31:20.000,3.7.4,16.0,3277.0,4727799.0,4786435.0,https://anaconda.org/conda-forge/typing,2025-04-22 14:56:21.050,4339105.0,,,,,2.0,,,,,,,,,,,,,,
180,aiocache,aio-libs/aiocache,"Asyncio cache manager for redis, memcached and memory.",,caching,https://github.com/aio-libs/aiocache,53.0,https://github.com/aio-libs/aiocache,BSD-3-Clause,2016-09-30 09:25:51.000,2026-01-05 18:16:06.000,173.0,63.0,1397.0,27,True,5195.0,5048.0,aiocache,,,https://pypi.org/project/aiocache,2024-09-25 13:20:22.000,2024-09-25 13:20:22.000,0.12.3,45.0,147.0,8421144.0,8421144.0,,,,,,,,2.0,,,,,,,,,,,,,,
181,PyTables,PyTables/PyTables,A Python package to manage extremely large amounts of data.,,data-containers,https://github.com/PyTables/PyTables,144.0,https://github.com/PyTables/PyTables,BSD-3-Clause,2011-06-03 19:44:46.000,2026-07-25 09:36:12.401,282.0,154.0,1361.0,27,True,1835.0,,tables,conda-forge/pytables,,https://pypi.org/project/tables,2026-03-01 11:42:48.000,2026-03-01 11:42:48.000,3.11.1,51.0,1835.0,2750083.0,2930355.0,https://anaconda.org/conda-forge/pytables,2026-07-25 09:36:12.401,12979625.0,,,,,2.0,,,,,,,,,,,,,,
182,cleo,sdispater/cleo,Cleo allows you to create beautiful and testable command-line interfaces.,,cli-helpers,https://github.com/python-poetry/cleo,38.0,,MIT,2020-10-09 18:05:59.894,2025-04-22 14:56:53.740,87.0,,1331.0,27,False,29880.0,29489.0,cleo,conda-forge/cleo,,https://pypi.org/project/cleo,2024-11-18 13:58:33.000,2024-11-18 13:58:33.000,2.2.1,36.0,391.0,78246281.0,78347116.0,https://anaconda.org/conda-forge/cleo,2025-04-22 14:56:53.740,6957653.0,,,,,3.0,,,,,,,,,,,,,,
183,python-email-validator,JoshData/python-email-validator,A robust email syntax and deliverability validation library for Python.,,data-validation,https://github.com/JoshData/python-email-validator,28.0,https://github.com/JoshData/python-email-validator,Unlicense,2015-04-20 02:46:34.000,2025-08-26 15:19:04.108,123.0,14.0,1310.0,27,True,1218.0,,email-validator,conda-forge/email-validator,,https://pypi.org/project/email-validator,2025-08-26 13:09:05.000,2025-08-26 13:09:05.000,2.3.0,32.0,1218.0,224373479.0,224417585.0,https://anaconda.org/conda-forge/email-validator,2025-08-26 15:19:04.108,3175681.0,,,,,3.0,,,,,,,,,,,,,,
184,pyahocorasick,WojciechMula/pyahocorasick,Python module (C extension and plain python) implementing Aho-Corasick algorithm.,,text,https://github.com/WojciechMula/pyahocorasick,33.0,https://github.com/WojciechMula/pyahocorasick,BSD-3-Clause,2013-05-30 19:55:46.000,2026-04-27 16:30:25.000,142.0,32.0,1099.0,27,True,4645.0,4377.0,pyahocorasick,conda-forge/pyahocorasick,,https://pypi.org/project/pyahocorasick,2026-04-27 16:30:25.000,2026-04-27 16:30:25.000,2.3.1,33.0,268.0,5760491.0,5768958.0,https://anaconda.org/conda-forge/pyahocorasick,2025-12-18 09:03:44.961,584242.0,,,,,3.0,,,,,,,,,,,,,,
185,Intake,intake/intake,"Intake is a lightweight package for finding, investigating, loading and disseminating data.",,data-loading,https://github.com/intake/intake,95.0,https://github.com/intake/intake,BSD-2-Clause,2017-08-14 20:44:22.000,2026-06-17 17:08:46.000,152.0,114.0,1080.0,27,True,3885.0,3652.0,intake,conda-forge/intake,,https://pypi.org/project/intake,2026-06-17 17:08:46.000,2026-03-09 13:41:43.000,2.0.9,41.0,233.0,1248971.0,1261592.0,https://anaconda.org/conda-forge/intake,2026-03-09 16:27:13.233,921337.0,,,,,2.0,,,,,,,,,,,,,,
186,inflect,jaraco/inflect,"Correctly generate plurals, ordinals, indefinite articles; convert numbers to words.",,text,https://github.com/jaraco/inflect,60.0,https://github.com/jaraco/inflect,MIT,2010-06-20 13:43:13.000,2025-05-14 06:52:40.000,109.0,39.0,1059.0,27,False,37406.0,36685.0,inflect,conda-forge/inflect,,https://pypi.org/project/inflect,2024-12-28 17:11:15.000,2024-12-28 17:11:15.000,7.5.0,55.0,721.0,30383510.0,30394768.0,https://anaconda.org/conda-forge/inflect,2025-04-22 14:56:34.231,821849.0,,,,,3.0,,,,,,,,,,,,,,
187,natsort,SethMMorton/natsort,Simple yet flexible natural sorting in Python.,,utilities,https://github.com/SethMMorton/natsort,24.0,https://github.com/SethMMorton/natsort,MIT,2012-05-03 02:58:47.000,2026-02-12 14:08:15.931,52.0,3.0,910.0,27,True,50998.0,49537.0,natsort,conda-forge/natsort,,https://pypi.org/project/natsort,2023-06-20 04:19:05.975,2023-06-20 04:19:05.975,8.4.0,59.0,1461.0,24906062.0,24949669.0,https://anaconda.org/conda-forge/natsort,2026-02-12 14:08:15.931,2965324.0,,,,,3.0,,,,,,,,,,,,,,
188,cached-property,pydanny/cached-property,A decorator for caching properties in classes.,,caching,https://github.com/pydanny/cached-property,25.0,https://github.com/pydanny/cached-property,BSD-3-Clause,2014-05-17 22:42:24.000,2026-07-05 09:15:51.053,79.0,40.0,703.0,27,True,59871.0,58307.0,cached-property,conda-forge/cached-property,,https://pypi.org/project/cached-property,2024-10-25 15:43:54.000,2024-10-25 15:43:54.000,2.0.1,19.0,1564.0,22280677.0,22668224.0,https://anaconda.org/conda-forge/cached-property,2026-07-05 09:15:51.053,24803024.0,,,,,2.0,,,,,,,,,,,,,,
189,param,holoviz/param,Declarative parameters for robust Python classes and a rich API for reactive programming.,,data-validation,https://github.com/holoviz/param,46.0,https://github.com/holoviz/param,BSD-3-Clause,2012-05-01 11:51:08.000,2026-07-05 08:46:15.000,83.0,178.0,521.0,27,True,18291.0,18051.0,param,conda-forge/param,,https://pypi.org/project/param,2026-06-09 13:17:31.000,2026-06-09 13:17:31.000,2.4.1,125.0,240.0,2684344.0,2726391.0,https://anaconda.org/conda-forge/param,2026-06-16 14:57:44.334,2901295.0,,,,,3.0,,,,,,,,2.0,,,,,,
190,Send2Trash,arsenetar/send2trash,Python library to natively send files to Trash (or Recycle bin) on all platforms.,,others,https://github.com/arsenetar/send2trash,20.0,https://github.com/arsenetar/send2trash,BSD-3-Clause,2013-07-19 22:13:14.000,2026-02-12 23:08:17.723,47.0,35.0,295.0,27,True,323242.0,322531.0,send2trash,conda-forge/send2trash,,https://pypi.org/project/send2trash,2026-01-14 06:27:35.000,2026-01-14 06:27:35.000,2.1.0,22.0,711.0,43868362.0,44229349.0,https://anaconda.org/conda-forge/send2trash,2026-02-12 23:08:17.723,22020236.0,,,,,3.0,,,,,,,,,,,,,,
191,ordered-set,rspeer/ordered-set,A mutable set that remembers the order of its entries. One of Pythons missing data types.,,data-structures,https://github.com/rspeer/ordered-set,21.0,https://github.com/rspeer/ordered-set,MIT,2012-08-17 21:55:21.000,2025-04-22 14:56:22.596,46.0,10.0,209.0,27,False,33620.0,33078.0,ordered-set,conda-forge/ordered-set,,https://pypi.org/project/ordered-set,2022-01-26 14:38:48.000,2022-01-26 14:38:48.000,4.1.0,18.0,542.0,39788239.0,39802721.0,https://anaconda.org/conda-forge/ordered-set,2025-04-22 14:56:22.596,1057220.0,,,,,2.0,,,,,,,,,,,,,,
192,hydra,facebookresearch/hydra,Hydra is a framework for elegantly configuring complex applications.,,configuration,https://github.com/facebookresearch/hydra,144.0,https://github.com/facebookresearch/hydra,MIT,2019-06-12 19:33:15.000,2026-07-19 07:33:51.000,902.0,194.0,10521.0,26,True,44308.0,44295.0,hydra,conda-forge/hydra-core,,https://pypi.org/project/hydra,2016-08-03 13:21:51.000,,,12.0,13.0,6087.0,33217.0,https://anaconda.org/conda-forge/hydra-core,2025-04-22 14:57:21.850,1844864.0,,,,,3.0,,,,,,,,,,,,,,
193,Modin,modin-project/modin,Modin: Scale your Pandas workflows by changing a single line of code.,,data-containers,https://github.com/modin-project/modin,144.0,https://github.com/modin-project/modin,Apache-2.0,2018-06-21 21:35:05.000,2025-10-02 19:20:27.000,665.0,703.0,10289.0,26,True,2406.0,2340.0,modin,conda-forge/modin-core,,https://pypi.org/project/modin,2025-10-02 19:20:27.000,2025-10-02 19:20:27.000,0.37.1,112.0,66.0,1403369.0,1419713.0,https://anaconda.org/conda-forge/modin-core,2025-04-22 14:57:57.663,980690.0,,,,,2.0,['pandas'],,,,,,,,,,,,,
194,transitions,pytransitions/transitions,"A lightweight, object-oriented finite state machine implementation in Python with many extensions.",,algorithms,https://github.com/pytransitions/transitions,82.0,https://github.com/pytransitions/transitions,MIT,2014-10-12 20:59:09.000,2025-07-02 16:00:07.332,547.0,18.0,6110.0,26,True,4596.0,4378.0,transitions,conda-forge/transitions,,https://pypi.org/project/transitions,2025-07-02 10:49:01.000,2025-07-02 10:49:01.000,0.9.3,50.0,218.0,2800384.0,2812405.0,https://anaconda.org/conda-forge/transitions,2025-07-02 16:00:07.332,877548.0,,,,,1.0,,,,,,,,,,,,,,
195,huey,coleifer/huey,a little task queue for python.,,data-pipelines,https://github.com/coleifer/huey,72.0,https://github.com/coleifer/huey,MIT,2011-11-03 16:39:43.000,2026-07-23 13:46:29.695,398.0,,5996.0,26,True,158.0,,huey,conda-forge/huey,,https://pypi.org/project/huey,2026-07-22 15:45:37.000,2026-07-22 15:45:37.000,3.3.0,82.0,158.0,20146866.0,20156520.0,https://anaconda.org/conda-forge/huey,2026-07-23 13:46:29.695,173788.0,,,,,2.0,,,,,,,,,,,,,,
196,textract,deanmalmgren/textract,extract text from any document. no muss. no fuss.,,data-loading,https://github.com/deanmalmgren/textract,48.0,https://github.com/deanmalmgren/textract,MIT,2014-07-03 20:36:59.000,2026-04-28 04:31:21.446,672.0,123.0,4539.0,26,True,5005.0,4913.0,textract,conda-forge/textract,,https://pypi.org/project/textract,2026-04-27 20:50:08.000,2026-04-27 20:50:08.000,2.0.0,19.0,92.0,439989.0,442313.0,https://anaconda.org/conda-forge/textract,2026-04-28 04:31:21.446,144101.0,,,,,2.0,,,,,,,,,,,,,,
197,Dynaconf,rochacbruno/dynaconf,The dynamic configurator for your Python Project.,,configuration,https://github.com/dynaconf/dynaconf,128.0,,MIT,2020-10-29 15:25:33.245,2026-07-29 14:47:27.089,338.0,,4316.0,26,True,773.0,,dynaconf,conda-forge/dynaconf,,https://pypi.org/project/dynaconf,2026-07-29 07:17:29.000,2026-07-29 07:17:29.000,3.3.4,100.0,773.0,6896012.0,6899051.0,https://anaconda.org/conda-forge/dynaconf,2026-07-29 14:47:27.089,209713.0,,,,,3.0,,,,,,,,,,,,,,
198,returns,dry-python/returns,"Make your functions return something meaningful, typed, and safe!.",,utilities,https://github.com/dry-python/returns,69.0,https://github.com/dry-python/returns,BSD-2-Clause,2019-01-26 13:08:38.000,2026-06-04 14:25:17.471,145.0,84.0,4302.0,26,True,1278.0,1045.0,returns,conda-forge/returns,,https://pypi.org/project/returns,2026-06-04 09:07:27.000,2026-06-04 09:07:27.000,0.28.0,29.0,233.0,1144455.0,1145834.0,https://anaconda.org/conda-forge/returns,2026-06-04 14:25:17.471,85552.0,,,,,3.0,,,,,,,,,,,,,,
199,funcy,Suor/funcy,A fancy and practical functional tools.,,utilities,https://github.com/Suor/funcy,34.0,https://github.com/Suor/funcy,BSD-3-Clause,2012-10-13 00:44:57.000,2025-04-22 14:56:31.417,141.0,13.0,3330.0,26,False,16208.0,15822.0,funcy,conda-forge/funcy,,https://pypi.org/project/funcy,2023-03-28 06:24:02.835,2018-06-30 04:16:20.000,1.10.3,51.0,386.0,6870686.0,6885910.0,https://anaconda.org/conda-forge/funcy,2025-04-22 14:56:31.417,1065726.0,,,,,3.0,,,,,,,,,,,,,,
200,arq,samuelcolvin/arq,Job queues in python with asyncio and redis.,,data-pipelines,https://github.com/python-arq/arq,67.0,,MIT,2021-04-20 09:24:29.048,2026-04-16 10:50:22.000,212.0,,2877.0,26,True,1486.0,1404.0,arq,conda-forge/arq,,https://pypi.org/project/arq,2026-04-16 10:50:22.000,2026-04-16 10:50:22.000,0.28.0,65.0,82.0,4514734.0,4515140.0,https://anaconda.org/conda-forge/arq,2025-04-22 14:57:50.444,25627.0,,,,,2.0,,,,,,,,,,,,,,
201,PynamoDB,pynamodb/PynamoDB,A pythonic interface to Amazons DynamoDB.,,db-clients,https://github.com/pynamodb/PynamoDB,115.0,https://github.com/pynamodb/PynamoDB,MIT,2014-01-20 02:18:35.000,2026-01-06 15:42:12.000,432.0,317.0,2643.0,26,True,2110.0,2024.0,pynamodb,conda-forge/pynamodb,,https://pypi.org/project/pynamodb,2025-06-02 17:32:57.000,2025-06-02 17:32:57.000,6.1.0,96.0,86.0,4543951.0,4597126.0,https://anaconda.org/conda-forge/pynamodb,2025-06-02 20:29:30.739,3775485.0,,,,,3.0,,,,,,,,,,,,,,
202,glom,mahmoud/glom,"Pythons nested data operator (and CLI), for all your declarative restructuring needs. Got data? Glom it!.",,data-structures,https://github.com/mahmoud/glom,24.0,https://github.com/mahmoud/glom,BSD-3-Clause,2018-04-18 06:03:24.000,2026-07-17 18:49:45.000,78.0,124.0,2157.0,26,True,3773.0,3522.0,glom,conda-forge/glom,,https://pypi.org/project/glom,2025-12-29 06:29:06.000,2025-12-29 06:29:06.000,25.12.0,28.0,251.0,22602929.0,22603863.0,https://anaconda.org/conda-forge/glom,2025-12-29 17:31:58.501,66335.0,,,,,2.0,,,,,,,,,,,,,,
203,retrying,rholder/retrying,"Retrying is an Apache 2.0 licensed general-purpose retrying library, written in Python, to simplify the task of adding..",,utilities,https://github.com/rholder/retrying,15.0,https://github.com/rholder/retrying,Apache-2.0,2013-01-22 06:13:26.000,2025-08-03 11:12:59.594,156.0,49.0,1917.0,26,True,1064.0,,retrying,conda-forge/retrying,,https://pypi.org/project/retrying,2025-08-03 03:35:23.000,2025-08-03 03:35:23.000,1.4.2,18.0,1064.0,37293890.0,37428237.0,https://anaconda.org/conda-forge/retrying,2025-08-03 11:12:59.594,3224341.0,,,,,3.0,,,,,,,,,,,,,,
204,strictyaml,crdoconnor/strictyaml,Type-safe YAML parser and validator.,,data-validation,https://github.com/crdoconnor/strictyaml,20.0,https://github.com/crdoconnor/strictyaml,MIT,2016-06-17 10:56:18.000,2025-08-16 22:49:32.433,65.0,100.0,1594.0,26,True,6344.0,5949.0,strictyaml,conda-forge/strictyaml,,https://pypi.org/project/strictyaml,2023-03-10 12:50:44.009,2023-03-10 12:50:44.009,1.7.3,84.0,395.0,30332520.0,30341179.0,https://anaconda.org/conda-forge/strictyaml,2025-08-16 22:49:32.433,614818.0,,,,,3.0,,,,,,,,,,,,,,
205,mleap,combust/mleap,MLeap: Deploy ML Pipelines to Production.,,data-pipelines,https://github.com/combust/mleap,87.0,https://github.com/combust/mleap,Apache-2.0,2016-08-23 03:51:03.000,2026-07-22 05:59:49.766,317.0,110.0,1539.0,26,True,257.0,246.0,mleap,conda-forge/mleap,,https://pypi.org/project/mleap,2026-07-21 17:38:25.000,2026-07-21 17:38:25.000,0.25.2,24.0,11.0,2243480.0,2245032.0,https://anaconda.org/conda-forge/mleap,2026-07-22 05:59:49.766,114893.0,,,,,2.0,,,,,,,,,,,,,,
206,python-mss,BoboTiG/python-mss,An ultra fast cross-platform multiple screenshots module in pure Python using ctypes.,,others,https://github.com/BoboTiG/python-mss,31.0,https://github.com/BoboTiG/python-mss,MIT,2013-07-01 16:14:08.000,2026-04-23 16:18:02.000,111.0,44.0,1257.0,26,True,14008.0,13361.0,mss,conda-forge/python-mss,,https://pypi.org/project/mss,2026-04-23 10:44:56.000,2026-04-23 10:44:56.000,10.2.0,44.0,647.0,3054077.0,3055423.0,https://anaconda.org/conda-forge/python-mss,2026-04-23 15:39:13.473,98268.0,,,,,3.0,,,,,,,,,,,,,,
207,anytree,c0fec0de/anytree,Python tree data library.,,data-structures,https://github.com/c0fec0de/anytree,30.0,https://github.com/c0fec0de/anytree,Apache-2.0,2016-08-27 09:42:38.000,2026-04-25 08:14:24.819,136.0,35.0,1021.0,26,True,24509.0,23926.0,anytree,conda-forge/anytree,,https://pypi.org/project/anytree,2025-04-08 21:06:29.000,2025-04-08 21:06:29.000,2.13.0,37.0,583.0,6681110.0,6685027.0,https://anaconda.org/conda-forge/anytree,2026-04-25 08:14:24.819,94017.0,,,,,2.0,,,,,,,,,,,,,,
208,parsedatetime,bear/parsedatetime,Parse human-readable date/time strings.,,date-time-utils,https://github.com/bear/parsedatetime,57.0,https://github.com/bear/parsedatetime,Apache-2.0,2012-09-12 06:44:45.000,2025-04-22 14:56:27.871,106.0,66.0,695.0,26,False,14907.0,14739.0,parsedatetime,conda-forge/parsedatetime,,https://pypi.org/project/parsedatetime,2020-05-31 23:50:56.000,2013-03-04 16:51:05.000,1.1.2,17.0,168.0,33794947.0,33804426.0,https://anaconda.org/conda-forge/parsedatetime,2025-04-22 14:56:27.871,691973.0,,,,,3.0,,,,,,,,,,,,,,
209,rsa,sybrenstuvel/python-rsa,Python-RSA is a pure-Python RSA implementation.,,cryptography,https://github.com/sybrenstuvel/python-rsa,43.0,https://github.com/sybrenstuvel/python-rsa,Apache-2.0,2016-01-21 12:53:34.000,2025-04-22 14:56:25.103,119.0,28.0,495.0,26,False,1913.0,,rsa,conda-forge/rsa,,https://pypi.org/project/rsa,2025-04-16 09:51:17.000,2025-04-16 09:51:17.000,4.9.1,37.0,1913.0,289466843.0,289742507.0,https://anaconda.org/conda-forge/rsa,2025-04-22 14:56:25.103,20123539.0,,,,,3.0,,,,,,,,,,,,,,
210,multidict,aio-libs/multidict,The multidict implementation.,,data-structures,https://github.com/aio-libs/multidict,65.0,https://github.com/aio-libs/multidict,Apache-2.0,2016-02-06 14:52:32.000,2026-02-20 18:22:52.542,116.0,23.0,481.0,26,True,2144.0,,multidict,conda-forge/multidict,,https://pypi.org/project/multidict,2026-01-26 02:42:59.000,2026-01-26 02:42:59.000,6.7.1,151.0,2144.0,571278832.0,571667864.0,https://anaconda.org/conda-forge/multidict,2026-02-20 18:22:52.542,26843211.0,,,,,2.0,,,,,,,,,,,,,,
211,srsly,explosion/srsly,"Modern high-performance serialization utilities for Python (JSON, MessagePack, Pickle).",,serialization,https://github.com/explosion/srsly,16.0,https://github.com/explosion/srsly,MIT,2018-12-01 03:21:56.000,2026-03-24 22:26:30.280,37.0,6.0,481.0,26,True,69519.0,69251.0,srsly,conda-forge/srsly,,https://pypi.org/project/srsly,2026-03-23 11:55:34.000,2026-03-23 11:55:34.000,2.5.3,46.0,268.0,20776672.0,20813099.0,https://anaconda.org/conda-forge/srsly,2026-03-24 22:26:30.280,2659231.0,,,,,3.0,,,,,,,,,,,,,,
212,configobj,DiffSK/configobj,Python 3+ compatible port of the configobj library.,,configuration,https://github.com/DiffSK/configobj,13.0,https://github.com/DiffSK/configobj,BSD-3-Clause,2014-01-14 02:30:17.000,2026-06-07 16:40:23.000,84.0,71.0,339.0,26,True,50485.0,49837.0,configobj,conda-forge/configobj,,https://pypi.org/project/configobj,2024-09-21 12:47:46.000,2024-09-21 12:47:46.000,5.0.9,19.0,648.0,6864728.0,6895652.0,https://anaconda.org/conda-forge/configobj,2025-04-22 14:56:53.636,1298831.0,,,,,3.0,,,,,,,,,,,,,,
213,PySimpleGUI,PySimpleGUI/PySimpleGUI,PySimpleGUI is a Python package that enables Python programmers of all levels to create GUIs.,,gui-dev,https://github.com/PySimpleGUI/PySimpleGUI,19.0,https://github.com/PySimpleGUI/PySimpleGUI,PySimpleGUI License,2018-07-11 18:28:58.000,2026-06-17 13:42:43.000,1827.0,714.0,13805.0,25,False,13677.0,13668.0,pysimplegui,conda-forge/pysimplegui,,https://pypi.org/project/pysimplegui,2026-06-17 13:42:43.000,,,46.0,9.0,111170.0,114631.0,https://anaconda.org/conda-forge/pysimplegui,2025-04-22 14:57:10.170,252678.0,,,,,2.0,,,,,,,,,,,,,,
214,Vaex,vaexio/vaex,"Out-of-Core hybrid Apache Arrow/NumPy DataFrame for Python, ML, visualization and exploration of big tabular data at a..",,data-containers,https://github.com/vaexio/vaex,76.0,https://github.com/vaexio/vaex,MIT,2014-09-27 09:44:42.000,2026-04-01 03:56:14.000,603.0,551.0,8505.0,25,True,1093.0,1025.0,vaex,conda-forge/vaex,,https://pypi.org/project/vaex,2026-02-03 17:25:42.000,2026-02-03 17:25:42.000,4.19.0,70.0,68.0,30760.0,36218.0,https://anaconda.org/conda-forge/vaex,2025-04-22 14:56:28.679,638686.0,,,,,3.0,,,,,,,,,,,,,,
215,PDFMiner,euske/pdfminer,Python PDF Parser (Not actively maintained). Check out pdfminer.six.,,data-loading,https://github.com/euske/pdfminer,28.0,https://github.com/euske/pdfminer,MIT,2010-12-12 12:50:22.000,2025-04-22 14:56:26.384,1115.0,243.0,5295.0,25,False,11274.0,11108.0,pdfminer,conda-forge/pdfminer,,https://pypi.org/project/pdfminer,2021-12-15 14:45:46.670,,,41.0,166.0,221521.0,222238.0,https://anaconda.org/conda-forge/pdfminer,2025-04-22 14:56:26.384,85427.0,,,,,2.0,,,,,,,,,,,,,,
216,Elasticsearch DSL,elastic/elasticsearch-dsl-py,High level Python client for Elasticsearch.,,db-clients,https://github.com/elastic/elasticsearch-dsl-py,144.0,https://github.com/elastic/elasticsearch-dsl-py,Apache-2.0,2014-03-05 16:19:39.000,2025-04-22 15:32:23.871,798.0,45.0,3885.0,25,False,375.0,,elasticsearch-dsl,anaconda/elasticsearch-dsl,,https://pypi.org/project/elasticsearch-dsl,2025-04-16 11:54:12.000,2025-04-16 11:54:12.000,8.18.0,50.0,375.0,8599198.0,8599340.0,https://anaconda.org/anaconda/elasticsearch-dsl,2025-04-22 15:32:23.871,15054.0,,,,,3.0,,,,,,,,,,,,,,
217,pandas-datareader,pydata/pandas-datareader,Extract data from a wide range of Internet sources into a pandas DataFrame.,,data-loading,https://github.com/pydata/pandas-datareader,99.0,https://github.com/pydata/pandas-datareader,,2015-01-15 00:34:19.000,2026-06-24 19:20:26.653,691.0,143.0,3221.0,25,False,31709.0,31323.0,pandas-datareader,conda-forge/pandas-datareader,,https://pypi.org/project/pandas-datareader,2026-06-24 14:18:39.000,2026-06-24 14:18:39.000,0.11.1,24.0,386.0,,11348.0,https://anaconda.org/conda-forge/pandas-datareader,2026-06-24 19:20:26.653,726273.0,,,,,2.0,,,,,,,,,,,,,,
218,schematics,schematics/schematics,Python Data Structures for Humans.,,data-validation,https://github.com/schematics/schematics,119.0,https://github.com/schematics/schematics,BSD-3-Clause,2010-12-27 02:25:29.000,2025-04-22 14:57:08.152,286.0,109.0,2583.0,25,False,1883.0,1740.0,schematics,conda-forge/schematics,,https://pypi.org/project/schematics,2021-08-17 21:16:54.000,2021-08-17 21:16:54.000,2.1.1,24.0,143.0,611947.0,612283.0,https://anaconda.org/conda-forge/schematics,2025-04-22 14:57:08.152,28232.0,,,,,3.0,,,,,,,,,,,,,,
219,pyscaffold,pyscaffold/pyscaffold,Python project template generator with batteries included.,,others,https://github.com/pyscaffold/pyscaffold,59.0,https://github.com/pyscaffold/pyscaffold,MIT,2014-04-02 07:01:57.000,2026-07-20 17:06:02.000,189.0,37.0,2261.0,25,True,46.0,,pyscaffold,conda-forge/pyscaffold,,https://pypi.org/project/pyscaffold,2024-09-23 15:42:38.000,2023-04-18 16:10:45.643,4.4.1,182.0,46.0,4196579.0,4208132.0,https://anaconda.org/conda-forge/pyscaffold,2025-04-22 14:56:22.133,774087.0,,,,,3.0,,,,,,,,,,,,,,
220,gin-config,google/gin-config,Gin provides a lightweight configuration framework for Python.,,configuration,https://github.com/google/gin-config,26.0,https://github.com/google/gin-config,Apache-2.0,2018-06-27 20:21:12.000,2025-04-30 17:01:01.000,118.0,60.0,2117.0,25,False,13269.0,13194.0,gin-config,conda-forge/gin-config,,https://pypi.org/project/gin-config,2021-11-03 09:30:11.939,2021-11-03 09:30:11.939,0.5.0,12.0,75.0,546922.0,547392.0,https://anaconda.org/conda-forge/gin-config,2025-04-22 14:57:26.496,34825.0,,,,,3.0,,,,,,,,,,,,,,
221,libcloud,apache/libcloud,Apache Libcloud is a Python library that hides differences between different cloud provider APIs and allows you to..,,db-clients,https://github.com/apache/libcloud,497.0,https://github.com/apache/libcloud,Apache-2.0,2009-12-11 09:00:14.000,2026-04-21 07:09:43.000,929.0,104.0,2115.0,25,True,190.0,,apache-libcloud,,,https://pypi.org/project/apache-libcloud,2026-04-21 07:09:43.000,2026-04-21 07:09:43.000,3.9.1,73.0,190.0,971693.0,971693.0,,,,,,,,3.0,,,,,,,,,,,,,,
222,pyfilesystem2,pyfilesystem/pyfilesystem2,Pythons Filesystem abstraction layer.,,file-path-utils,https://github.com/pyfilesystem/pyfilesystem2,47.0,https://github.com/pyfilesystem/pyfilesystem2,MIT,2016-10-14 15:05:27.000,2025-04-22 14:56:42.067,173.0,108.0,1953.0,25,False,410.0,,fs,conda-forge/fs,,https://pypi.org/project/fs,2023-07-20 15:36:08.195,2023-07-20 15:36:08.195,0.3.0,88.0,410.0,3660112.0,3675618.0,https://anaconda.org/conda-forge/fs,2025-04-22 14:56:42.067,1643637.0,,,,,3.0,,,,,,,,,,,,,,
223,piccolos,piccolo-orm/piccolo,"A fast, user friendly ORM and query builder which supports asyncio.",,db-clients,https://github.com/piccolo-orm/piccolo,55.0,https://github.com/piccolo-orm/piccolo,MIT,2018-10-27 20:53:26.000,2026-07-27 21:54:38.000,111.0,37.0,1933.0,25,True,553.0,535.0,piccolo,,,https://pypi.org/project/piccolo,2026-07-27 21:54:38.000,2026-07-27 21:54:38.000,1.36.0,295.0,18.0,664733.0,664733.0,,,,,,,,3.0,,,,,,,,,,,,,,
224,influxdb,influxdata/influxdb-python,Python client for InfluxDB.,,db-clients,https://github.com/influxdata/influxdb-python,143.0,https://github.com/influxdata/influxdb-python,MIT,2013-11-05 19:27:16.000,2025-04-22 14:57:24.275,524.0,168.0,1691.0,25,False,362.0,,influxdb,conda-forge/influxdb,,https://pypi.org/project/influxdb,2024-04-18 21:45:06.000,2024-04-18 21:45:06.000,5.3.2,55.0,362.0,4134517.0,4137820.0,https://anaconda.org/conda-forge/influxdb,2025-04-22 14:57:24.275,247799.0,,,,,3.0,,,,,,,,,,,,,,
225,python-benedict,fabiocaccamo/python-benedict,"dict subclass with keylist/keypath support, built-in I/O operations (base64, csv, html, ini, json, pickle, plist,..",,data-structures,https://github.com/fabiocaccamo/python-benedict,18.0,https://github.com/fabiocaccamo/python-benedict,MIT,2019-05-17 11:13:40.000,2026-07-07 20:55:42.000,49.0,5.0,1606.0,25,True,2142.0,2031.0,python-benedict,conda-forge/python-benedict,,https://pypi.org/project/python-benedict,2026-07-07 20:55:42.000,2026-07-07 20:55:42.000,0.38.0,71.0,111.0,1434990.0,1438981.0,https://anaconda.org/conda-forge/python-benedict,2025-04-22 14:57:40.942,271441.0,,,,,3.0,,,,,,,,,,,,,,
226,pygsheets,nithinmurali/pygsheets,Google Sheets Python API v4.,,db-clients,https://github.com/nithinmurali/pygsheets,99.0,https://github.com/nithinmurali/pygsheets,MIT,2016-06-06 17:20:44.000,2024-05-19 22:19:44.000,222.0,68.0,1517.0,25,False,3216.0,3139.0,pygsheets,,,https://pypi.org/project/pygsheets,2022-11-30 17:29:01.641,2022-11-30 17:29:01.641,2.0.6,18.0,77.0,2439379.0,2439379.0,,,,,,,,3.0,,,,,,,,,,,,,,
227,blessings,erikrose/blessings,"A thin, practical wrapper around terminal capabilities in Python.",,cli-helpers,https://github.com/erikrose/blessings,17.0,https://github.com/erikrose/blessings,MIT,2011-11-07 10:09:09.000,2025-08-28 12:20:17.000,149.0,32.0,1484.0,25,True,11237.0,10780.0,blessings,conda-forge/blessings,,https://pypi.org/project/blessings,2018-06-21 14:00:07.000,2018-01-03 17:03:36.000,1.6.1,10.0,457.0,1071297.0,1078085.0,https://anaconda.org/conda-forge/blessings,2025-08-26 14:55:20.960,495558.0,,,,,3.0,,,,,,,,,,,,,,
228,redis-py-cluster,grokzen/redis-py-cluster,Python cluster client for the official redis cluster. Redis 3.0+.,,db-clients,https://github.com/grokzen/redis-py-cluster,73.0,https://github.com/grokzen/redis-py-cluster,MIT,2013-05-21 06:41:34.000,2023-08-24 14:35:55.000,317.0,31.0,1092.0,25,False,2597.0,2465.0,redis-py-cluster,,,https://pypi.org/project/redis-py-cluster,2021-05-30 09:21:45.000,2021-05-30 09:21:45.000,2.1.3,19.0,132.0,3577826.0,3577826.0,,,,,,,,3.0,,,,,,,,,,,,,,
229,cx-Oracle,oracle/python-cx_Oracle,"Obsolete Python interface to Oracle Database, now superseded by python-oracledb.",,db-clients,https://github.com/oracle/python-cx_Oracle,17.0,https://github.com/oracle/python-cx_Oracle,BSD-3-Clause,2017-03-07 04:03:36.000,2026-01-15 21:15:00.327,364.0,22.0,896.0,25,True,9620.0,9186.0,cx-Oracle,conda-forge/cx_oracle,,https://pypi.org/project/cx-Oracle,2023-07-20 16:04:57.864,2023-07-20 16:04:57.864,5.0.2,55.0,434.0,3681113.0,3696396.0,https://anaconda.org/conda-forge/cx_oracle,2026-01-15 21:15:00.327,1100434.0,,,,,3.0,,,,,,,,,,,,,,
230,ratelimit,tomasbasham/ratelimit,API Rate Limit Decorator.,,utilities,https://github.com/tomasbasham/ratelimit,9.0,https://github.com/tomasbasham/ratelimit,MIT,2015-08-26 10:39:52.000,2025-04-22 14:57:44.778,159.0,29.0,755.0,25,False,6557.0,6199.0,ratelimit,conda-forge/ratelimit,,https://pypi.org/project/ratelimit,2018-12-17 18:55:49.000,2018-12-17 18:55:49.000,2.2.1,11.0,358.0,12364969.0,12365504.0,https://anaconda.org/conda-forge/ratelimit,2025-04-22 14:57:44.778,35315.0,,,,,3.0,,,,,,,,,,,,,,
231,python-rapidjson,python-rapidjson/python-rapidjson,Python wrapper around rapidjson.,,serialization,https://github.com/python-rapidjson/python-rapidjson,25.0,https://github.com/python-rapidjson/python-rapidjson,MIT,2015-09-09 04:02:42.000,2026-02-03 21:05:25.588,53.0,16.0,530.0,25,True,8245.0,7978.0,python-rapidjson,conda-forge/python-rapidjson,,https://pypi.org/project/python-rapidjson,2025-12-07 06:14:27.000,2020-11-16 12:53:09.000,0.9.4,71.0,267.0,4758993.0,4828194.0,https://anaconda.org/conda-forge/python-rapidjson,2026-02-03 21:05:25.588,4774909.0,,,,,3.0,,,,,,,,,,,,,,
232,beaker,bbangert/beaker,WSGI middleware for sessions and caching.,,caching,https://github.com/bbangert/beaker,94.0,https://github.com/bbangert/beaker,BSD-3-Clause,2011-10-16 17:48:39.000,2026-05-30 17:42:29.798,144.0,75.0,512.0,25,True,6287.0,6193.0,beaker,conda-forge/beaker,,https://pypi.org/project/beaker,2026-05-30 12:02:21.000,2026-05-30 12:02:21.000,1.14.1,64.0,94.0,247373.0,251908.0,https://anaconda.org/conda-forge/beaker,2026-05-30 17:42:29.798,195038.0,,,,,3.0,,,,,,,,,,,,,,
233,ptyprocess,pexpect/ptyprocess,Run a subprocess in a pseudo terminal.,,process-utils,https://github.com/pexpect/ptyprocess,21.0,https://github.com/pexpect/ptyprocess,ISC,2014-10-02 16:52:41.000,2025-07-17 11:34:46.000,69.0,20.0,230.0,25,True,771.0,,ptyprocess,conda-forge/ptyprocess,,https://pypi.org/project/ptyprocess,2020-12-28 15:15:28.000,2020-12-28 15:15:28.000,0.7.0,10.0,771.0,194859295.0,195414666.0,https://anaconda.org/conda-forge/ptyprocess,2025-04-22 14:56:22.021,37209918.0,,,,,3.0,,,,,,,,,,,,,,
234,coolname,alexanderlukanin13/coolname,Random Name and Slug Generator.,,text,https://github.com/alexanderlukanin13/coolname,7.0,https://github.com/alexanderlukanin13/coolname,BSD-2-Clause,2015-11-06 18:07:11.000,2026-05-29 13:27:47.021,16.0,1.0,177.0,25,True,4483.0,4311.0,coolname,conda-forge/coolname,,https://pypi.org/project/coolname,2026-04-23 06:04:49.000,2026-04-23 06:04:49.000,5.0.0,14.0,172.0,8404900.0,8408453.0,https://anaconda.org/conda-forge/coolname,2026-05-29 13:27:47.021,238085.0,,,,,3.0,,,,,,,,,,,,,,
235,algorithms,keon/algorithms,Minimal examples of data structures and algorithms in Python.,,algorithms,https://github.com/keon/algorithms,221.0,https://github.com/keon/algorithms,MIT,2016-11-17 22:32:08.000,2026-02-18 00:50:03.000,4711.0,,24988.0,24,True,148.0,143.0,algorithms,conda-forge/algorithms,,https://pypi.org/project/algorithms,2026-02-18 00:50:03.000,2026-02-18 00:50:03.000,1.0.1,7.0,5.0,1561.0,1639.0,https://anaconda.org/conda-forge/algorithms,2025-04-22 14:57:51.136,4954.0,,,,,3.0,,,,,,,,,,,,,,
236,Gooey,chriskiehl/Gooey,Turn (almost) any Python command line program into a full GUI application with one line.,,gui-dev,https://github.com/chriskiehl/Gooey,105.0,https://github.com/chriskiehl/Gooey,MIT,2014-01-01 21:06:05.000,2026-03-26 17:49:53.950,1018.0,168.0,20615.0,24,True,1193.0,1088.0,gooey,conda-forge/gooey,,https://pypi.org/project/gooey,2022-01-29 23:10:33.000,2021-12-15 16:29:29.533,0.8.7,58.0,105.0,7461.0,9463.0,https://anaconda.org/conda-forge/gooey,2026-03-26 17:49:53.950,146158.0,,,,,2.0,,,,,,,,,,,,,,
237,Records,kennethreitz/records,SQL for Humans.,,db-clients,https://github.com/kennethreitz/records,52.0,https://github.com/kennethreitz/records,ISC,2014-12-24 15:20:23.000,2025-04-22 14:56:35.319,574.0,42.0,7154.0,24,False,1347.0,1300.0,records,conda-forge/records,,https://pypi.org/project/records,2024-03-29 23:50:56.000,2024-03-29 23:50:56.000,0.6.0,13.0,47.0,266745.0,268621.0,https://anaconda.org/conda-forge/records,2025-04-22 14:56:35.319,116318.0,,,,,3.0,,,,,,,,,,,,,,
238,csvkit,wireservice/csvkit,"A suite of utilities for converting to and working with CSV, the king of tabular file formats.",,data-loading,https://github.com/wireservice/csvkit,117.0,https://github.com/wireservice/csvkit,MIT,2011-04-01 03:00:30.000,2026-04-26 18:13:38.136,674.0,34.0,6366.0,24,True,2086.0,2037.0,csvkit,conda-forge/csvkit,,https://pypi.org/project/csvkit,2025-12-15 18:52:58.000,2025-12-15 18:52:58.000,2.2.0,45.0,49.0,331527.0,337450.0,https://anaconda.org/conda-forge/csvkit,2026-04-26 18:13:38.136,367271.0,,,,,3.0,,,,,,,,,,,,,,
239,toga,beeware/toga,"A Python native, OS native GUI toolkit.",,gui-dev,https://github.com/beeware/toga,346.0,https://github.com/beeware/toga,BSD-3-Clause,2014-08-01 21:44:10.000,2026-07-08 01:05:50.000,818.0,301.0,5391.0,24,True,58.0,3.0,toga,,@pybee/toga,https://pypi.org/project/toga,2026-07-08 01:05:50.000,2026-07-08 01:05:50.000,0.5.6,80.0,50.0,8734.0,8774.0,,,,https://www.npmjs.com/package/@pybee/toga,2017-04-23 05:17:57.458,5.0,40.0,2.0,,,,,,,,,,,,,,
240,asciimatics,peterbrittain/asciimatics,"A cross platform package to do curses-like operations, plus higher level APIs and widgets to create text UIs and ASCII..",,cli-helpers,https://github.com/peterbrittain/asciimatics,47.0,https://github.com/peterbrittain/asciimatics,Apache-2.0,2015-04-15 20:18:41.000,2025-06-03 21:42:03.000,264.0,18.0,4276.0,24,False,1294.0,1177.0,asciimatics,conda-forge/asciimatics,,https://pypi.org/project/asciimatics,2023-10-25 15:19:05.000,2023-10-25 15:19:05.000,1.15.0,24.0,117.0,210037.0,213959.0,https://anaconda.org/conda-forge/asciimatics,2025-04-22 14:56:50.205,270648.0,,,,,3.0,,,,,,,,,,,,,,
241,SDV,sdv-dev/SDV,Synthetic data generation for tabular data.,,data-loading,https://github.com/sdv-dev/SDV,50.0,https://github.com/sdv-dev/SDV,,2018-05-11 15:56:50.000,2026-07-27 14:55:55.906,416.0,155.0,3530.0,24,False,1011.0,912.0,sdv,conda-forge/sdv,,https://pypi.org/project/sdv,2026-07-24 19:12:17.000,2026-07-24 19:12:17.000,1.37.4,230.0,99.0,111845.0,113646.0,https://anaconda.org/conda-forge/sdv,2026-07-27 14:55:55.906,99058.0,,,,,3.0,,,,,,,,,,,,,,
242,Koalas,databricks/koalas,Koalas: pandas API on Apache Spark.,,data-containers,https://github.com/databricks/koalas,51.0,https://github.com/databricks/koalas,Apache-2.0,2019-01-03 21:46:54.000,2025-04-22 14:57:05.444,366.0,109.0,3364.0,24,False,426.0,395.0,koalas,conda-forge/koalas,,https://pypi.org/project/koalas,2021-10-19 22:26:05.000,2021-10-19 22:26:05.000,1.8.2,47.0,31.0,1057730.0,1063298.0,https://anaconda.org/conda-forge/koalas,2025-04-22 14:57:05.444,478930.0,,,,,3.0,"['spark', 'pandas']",,,,,,,,,,,,,
243,Blaze,blaze/blaze,NumPy and Pandas interface to Big Data.,,data-containers,https://github.com/blaze/blaze,69.0,https://github.com/blaze/blaze,BSD-3-Clause,2012-10-26 14:25:22.000,2025-04-22 14:56:39.802,393.0,268.0,3195.0,24,False,9411.0,9398.0,blaze,conda-forge/blaze,,https://pypi.org/project/blaze,2021-12-15 15:22:54.705,2021-12-15 15:22:54.705,0.6.0,13.0,13.0,41220.0,44748.0,https://anaconda.org/conda-forge/blaze,2025-04-22 14:56:39.802,377519.0,,,,,3.0,,,,,,,,,,,,,,
244,docarray,jina-ai/docarray,The data structure for multimodal data.,,data-containers,https://docs.docarray.org/,81.0,,Apache-2.0,2022-01-10 17:43:24.495,2025-04-22 14:58:08.417,244.0,,3120.0,24,False,5824.0,5742.0,docarray,conda-forge/docarray,,https://pypi.org/project/docarray,2025-03-21 08:34:42.000,2025-03-21 08:34:42.000,0.41.0,741.0,82.0,93171.0,98437.0,https://anaconda.org/conda-forge/docarray,2025-04-22 14:58:08.417,284405.0,,,,,3.0,,,,,,,,,,,,,,
245,sklearn-pandas,scikit-learn-contrib/sklearn-pandas,Pandas integration with sklearn.,,data-containers,https://github.com/scikit-learn-contrib/sklearn-pandas,39.0,https://github.com/scikit-learn-contrib/sklearn-pandas,Zlib,2013-04-22 22:55:20.000,2025-04-22 14:57:40.956,417.0,38.0,2784.0,24,False,11859.0,11779.0,sklearn-pandas,conda-forge/sklearn-pandas,,https://pypi.org/project/sklearn-pandas,2021-05-08 08:14:28.000,2021-05-08 08:14:28.000,2.2.0,27.0,80.0,194549.0,195935.0,https://anaconda.org/conda-forge/sklearn-pandas,2025-04-22 14:57:40.956,94262.0,,,,,3.0,"['sklearn', 'pandas']",,,,,,,,,,,,,
246,mrjob,Yelp/mrjob,Run MapReduce jobs on Hadoop or Amazon Web Services.,,data-pipelines,https://github.com/Yelp/mrjob,146.0,https://github.com/Yelp/mrjob,Apache-2.0,2010-10-13 18:35:21.000,2025-04-22 14:56:27.508,588.0,214.0,2618.0,24,False,1717.0,1714.0,mrjob,conda-forge/mrjob,,https://pypi.org/project/mrjob,2021-12-15 14:47:15.579,2021-12-15 14:47:15.579,0.4.0,62.0,3.0,67694.0,79976.0,https://anaconda.org/conda-forge/mrjob,2025-04-22 14:56:27.508,884354.0,,,,,2.0,,,,,,,,,,,,,,
247,swifter,jmcarpenter2/swifter,A package which efficiently applies any function to a pandas dataframe or series in the fastest available manner.,,data-containers,https://github.com/jmcarpenter2/swifter,19.0,https://github.com/jmcarpenter2/swifter,MIT,2018-04-07 21:37:19.000,2025-04-22 14:57:04.018,101.0,22.0,2542.0,24,False,2129.0,2072.0,swifter,conda-forge/swifter,,https://pypi.org/project/swifter,2023-07-31 18:46:53.000,2023-07-31 18:46:53.000,1.4.0,86.0,57.0,9695658.0,9703619.0,https://anaconda.org/conda-forge/swifter,2025-04-22 14:57:04.018,581222.0,,,,,3.0,['pandas'],,,,,,,,,,,,,
248,PyFunctional,EntilZha/PyFunctional,Python library for creating data pipelines with chain functional programming.,,data-pipelines,https://github.com/EntilZha/PyFunctional,33.0,https://github.com/EntilZha/PyFunctional,MIT,2015-02-05 17:17:51.000,2024-03-13 17:36:36.000,134.0,14.0,2311.0,24,False,1017.0,990.0,pyfunctional,,,https://pypi.org/project/pyfunctional,2024-03-13 17:36:36.000,2024-03-13 17:36:36.000,1.5.0,15.0,27.0,572221.0,572221.0,,,,,,,,2.0,,,,,,,,,,,,,,
249,sqlitedict,RaRe-Technologies/sqlitedict,"Persistent dict in Python, backed up by sqlite3 and pickle, multithread-safe.",,data-structures,https://github.com/piskvorky/sqlitedict,40.0,,Apache-2.0,2020-09-30 16:31:41.976,2025-04-22 14:56:57.223,141.0,,1248.0,24,False,9068.0,8806.0,sqlitedict,conda-forge/sqlitedict,,https://pypi.org/project/sqlitedict,2022-12-03 13:40:11.241,2022-12-03 13:40:11.241,2.1.0,21.0,262.0,1727979.0,1731297.0,https://anaconda.org/conda-forge/sqlitedict,2025-04-22 14:56:57.223,232267.0,,,,,3.0,,,,,,,,,,,,,,
250,ODMantic,art049/odmantic,Sync and Async ODM (Object Document Mapper) for MongoDB based on python type hints.,,db-clients,https://github.com/art049/odmantic,23.0,https://github.com/art049/odmantic,ISC,2020-05-01 13:59:45.000,2026-05-19 21:43:53.000,97.0,118.0,1174.0,24,True,3622.0,3598.0,odmantic,,,https://pypi.org/project/odmantic,2026-01-24 18:02:02.000,2026-01-24 18:02:02.000,1.1.0,23.0,24.0,109005.0,109005.0,,,,,,,,3.0,,,,,,,,,,,,,,
251,path,jaraco/path,Object-oriented file system path manipulation.,,file-path-utils,https://github.com/jaraco/path,57.0,https://github.com/jaraco/path,,2012-04-21 02:59:29.000,2025-08-03 11:18:26.016,146.0,1.0,1120.0,24,False,17715.0,17449.0,path,conda-forge/path,,https://pypi.org/project/path,2025-07-27 20:40:22.000,2025-07-27 20:40:22.000,17.1.1,35.0,266.0,1235659.0,1252133.0,https://anaconda.org/conda-forge/path,2025-08-03 11:18:26.016,1219133.0,,,,,3.0,,,,,,,,,,,,,,
252,minio,minio/minio-py,MinIO Client SDK for Python.,,db-clients,https://github.com/minio/minio-py,145.0,https://github.com/minio/minio-py,Apache-2.0,2015-06-17 03:51:15.000,2025-12-07 06:51:23.000,370.0,4.0,1046.0,24,True,823.0,,minio,conda-forge/minio,,https://pypi.org/project/minio,2025-11-27 00:37:13.000,2025-11-27 00:37:13.000,7.2.20,127.0,823.0,12475679.0,12481001.0,https://anaconda.org/conda-forge/minio,2025-11-27 01:42:18.090,377916.0,,,,,3.0,,,,,,,,,,,,,,
253,pysolr,django-haystack/pysolr,Pysolr Python Solr client.,,db-clients,https://github.com/django-haystack/pysolr,76.0,https://github.com/django-haystack/pysolr,BSD-3-Clause,2009-07-01 17:54:08.000,2026-03-14 00:59:25.000,338.0,24.0,697.0,24,True,4046.0,3959.0,pysolr,conda-forge/pysolr,,https://pypi.org/project/pysolr,2025-11-18 10:42:40.000,2025-11-18 10:42:40.000,3.11.0,39.0,87.0,330467.0,335777.0,https://anaconda.org/conda-forge/pysolr,2025-11-18 13:40:33.893,116837.0,,,,,3.0,,,,,,,,,,,,,,
254,dataclasses,ericvsmith/dataclasses,A backport of the dataclasses module for Python 3.6.,,compatibility,https://github.com/ericvsmith/dataclasses,12.0,https://github.com/ericvsmith/dataclasses,Apache-2.0,2017-05-19 20:46:27.000,2025-04-22 14:56:50.362,51.0,8.0,593.0,24,False,76408.0,72943.0,dataclasses,conda-forge/dataclasses,,https://pypi.org/project/dataclasses,2020-11-13 14:40:29.000,,,8.0,3465.0,9332305.0,9473269.0,https://anaconda.org/conda-forge/dataclasses,2025-04-22 14:56:50.362,13814510.0,,,,,3.0,,,,,,,,,,,,,,
255,pylibmc,lericson/pylibmc,A Python wrapper around the libmemcached interface from TangentOrg.,,caching,https://github.com/lericson/pylibmc,57.0,https://github.com/lericson/pylibmc,BSD-3-Clause,2009-07-31 19:51:02.000,2025-08-28 13:29:21.336,137.0,26.0,479.0,24,True,5936.0,5857.0,pylibmc,conda-forge/pylibmc,,https://pypi.org/project/pylibmc,2022-08-30 07:35:04.550,2022-08-30 07:35:04.550,1.6.3,44.0,79.0,438419.0,445270.0,https://anaconda.org/conda-forge/pylibmc,2025-08-28 13:29:21.336,472723.0,,,,,3.0,,,,,,,,,,,,,,
256,typing_inspect,ilevkivskyi/typing_inspect,Runtime inspection utilities for Python typing module.,,inspect,https://github.com/ilevkivskyi/typing_inspect,21.0,https://github.com/ilevkivskyi/typing_inspect,MIT,2017-04-29 15:49:25.000,2025-05-12 13:53:23.000,38.0,24.0,369.0,24,False,719.0,,typing_inspect,conda-forge/typing_inspect,,https://pypi.org/project/typing_inspect,2023-05-24 20:27:04.117,2023-05-24 20:27:04.117,0.9.0,12.0,719.0,85144952.0,85203233.0,https://anaconda.org/conda-forge/typing_inspect,2025-04-22 14:57:03.639,3555176.0,,,,,2.0,,,,,,,,,,,,,,
257,futures,agronholm/pythonfutures,Backport of the concurrent.futures package to Python 2.6 and 2.7.,,compatibility,https://github.com/agronholm/pythonfutures,19.0,https://github.com/agronholm/pythonfutures,Python-2.0,2015-03-13 23:36:07.000,2025-04-22 14:56:26.652,46.0,5.0,235.0,24,False,43218.0,42249.0,futures,conda-forge/futures,,https://pypi.org/project/futures,2022-10-31 21:42:18.266,2022-10-31 21:42:18.266,3.4.0,25.0,969.0,3019403.0,3031078.0,https://anaconda.org/conda-forge/futures,2025-04-22 14:56:26.652,1389441.0,,,,,3.0,,,,,,,,,,,,,,
258,docopt-ng,jazzband/docopt-ng,"Humane command line arguments parser. Now with maintenance, typehints, and complete test coverage.",,cli-helpers,https://github.com/jazzband/docopt-ng,54.0,https://github.com/jazzband/docopt-ng,MIT,2019-03-26 15:35:29.000,2026-07-19 01:41:20.000,27.0,13.0,222.0,24,True,936.0,836.0,docopt-ng,,,https://pypi.org/project/docopt-ng,2023-05-30 20:46:45.000,2023-05-30 20:46:45.000,0.9.0,6.0,100.0,1745607.0,1745607.0,,,,,,,,3.0,,,,,,,,,,,,,,
259,catalogue,explosion/catalogue,Super lightweight function registries for your library.,,others,https://github.com/explosion/catalogue,12.0,https://github.com/explosion/catalogue,MIT,2019-11-01 14:09:09.000,2025-08-27 13:47:23.446,20.0,6.0,177.0,24,True,65587.0,65446.0,catalogue,conda-forge/catalogue,,https://pypi.org/project/catalogue,2023-09-25 06:29:23.000,2023-09-25 06:29:23.000,2.0.10,27.0,141.0,23240953.0,23273377.0,https://anaconda.org/conda-forge/catalogue,2025-08-27 13:47:23.446,2334583.0,,,,,3.0,,,,,,,,,,,,,,
260,pathlib2,jazzband/pathlib2,Backport of pathlib aiming to support the full stdlib Python API.,,compatibility,https://github.com/jazzband/pathlib2,16.0,https://github.com/jazzband/pathlib2,MIT,2014-10-18 08:28:33.000,2025-09-23 12:54:59.329,30.0,7.0,85.0,24,False,65657.0,64904.0,pathlib2,conda-forge/pathlib2,,https://pypi.org/project/pathlib2,2022-02-10 18:01:07.000,2022-02-08 12:42:21.000,2.3.7,15.0,753.0,4280760.0,4334500.0,https://anaconda.org/conda-forge/pathlib2,2025-09-23 12:54:59.329,3654382.0,,,,,3.0,,,,,,,,,,,,,,
261,importlib-resources,python/importlib_resources,Backport of the importlib.resources module.,,inspect,https://github.com/python/importlib_resources,51.0,https://github.com/python/importlib_resources,,2020-05-18 12:28:24.318,2026-04-13 08:28:35.665,49.0,7.0,72.0,24,False,5216.0,,importlib-resources,conda-forge/importlib_resources,,https://pypi.org/project/importlib-resources,2026-04-12 16:36:08.000,2026-04-12 16:36:08.000,7.1.0,83.0,5216.0,100026506.0,100706337.0,https://anaconda.org/conda-forge/importlib_resources,2026-04-13 08:28:35.665,50307495.0,,,,,2.0,,,,,,,,,,,,,,
262,openpyxl,,A Python library to read/write Excel 2010 xlsx/xlsm files.,,others,https://openpyxl.readthedocs.io,,,MIT,2015-11-03 00:22:17.154,2025-10-16 11:20:29.914,0.0,376.0,14.0,24,False,11108.0,,openpyxl,openpyxl,,https://pypi.org/project/openpyxl,2024-06-28 14:03:41.000,2024-07-23 16:46:09.000,3.1.5,108.0,11050.0,333596415.0,333598980.0,https://anaconda.org/anaconda/openpyxl,2025-10-16 11:20:29.914,326956.0,,,,,3.0,,openpyxl/openpyxl-ci,,https://hub.docker.com/r/openpyxl/openpyxl-ci,2018-09-13 18:04:17.646261,,1468.0,,58.0,,https://openpyxl.readthedocs.io/en/stable/,https://foss.heptapod.net/api/graphql::openpyxl/openpyxl,https://foss.heptapod.net/openpyxl/openpyxl,1910.0
263,DearPyGui,hoffstadt/DearPyGui,Dear PyGui: A fast and powerful Graphical User Interface Toolkit for Python with minimal dependencies.,,gui-dev,https://github.com/hoffstadt/DearPyGui,76.0,https://github.com/hoffstadt/DearPyGui,MIT,2020-05-28 17:12:57.000,2026-05-01 22:45:46.000,782.0,388.0,15392.0,23,True,4657.0,4443.0,dearpygui,,,https://pypi.org/project/dearpygui,2026-05-01 22:45:46.000,2026-05-01 22:45:46.000,2.3.1,230.0,214.0,,,,,,,,,,3.0,,,,,,,,-5.0,,,,,,
264,faust,robinhood/faust,Python Stream Processing.,,data-pipelines,https://github.com/robinhood/faust,95.0,https://github.com/robinhood/faust,BSD-3-Clause,2017-03-08 18:36:11.000,2024-07-27 10:27:41.000,540.0,278.0,6823.0,23,False,2185.0,2161.0,faust,,,https://pypi.org/project/faust,2020-02-25 22:58:45.202,2020-02-25 22:58:45.202,1.10.4,46.0,24.0,15628.0,15628.0,,,,,,,,3.0,,,,,,,,,,,,,,
265,CocoIndex,cocoindex-io/cocoindex,"Data transformation framework for AI. Ultra performant, with incremental processing. Star if you like it!.",,data-pipelines,https://github.com/cocoindex-io/cocoindex,88.0,https://github.com/cocoindex-io/cocoindex,Apache-2.0,2026-02-13 07:31:05.859,2026-07-23 17:44:13.000,451.0,61.0,6098.0,23,True,82.0,66.0,cocoindex,,,https://pypi.org/project/cocoindex,2026-07-23 17:44:13.000,2026-07-18 04:12:12.000,1.0.17,229.0,16.0,67523.0,67523.0,,,,,,,,3.0,,,,,,,,,,,,,,
266,Databases,encode/databases,Async database support for Python.,,db-clients,https://github.com/encode/databases,59.0,https://github.com/encode/databases,BSD-3-Clause,2019-02-01 10:55:25.000,2026-01-01 19:03:38.844,263.0,133.0,3857.0,23,True,161.0,,databases,conda-forge/databases,,https://pypi.org/project/databases,2024-03-01 17:39:26.000,2024-03-01 17:39:26.000,0.9.0,43.0,161.0,877788.0,883407.0,https://anaconda.org/conda-forge/databases,2026-01-01 19:03:38.844,382100.0,,,,,3.0,,,,,,,,,,,,,,
267,Pony,ponyorm/pony,Pony Object Relational Mapper.,,db-clients,https://github.com/ponyorm/pony,33.0,https://github.com/ponyorm/pony,Apache-2.0,2013-02-08 04:56:00.000,2025-07-03 18:16:47.000,254.0,360.0,3826.0,23,True,4837.0,4666.0,pony,conda-forge/pony,,https://pypi.org/project/pony,2024-08-27 12:29:28.000,2024-08-27 12:29:28.000,0.7.19,54.0,171.0,,4369.0,https://anaconda.org/conda-forge/pony,2025-04-22 14:56:31.117,297151.0,,,,,3.0,,,,,,,,,,,,,,
268,Pandaral·lel,nalepae/pandarallel,A simple and efficient tool to parallelize Pandas operations on all availableCPUs.,,data-containers,https://github.com/nalepae/pandarallel,26.0,https://github.com/nalepae/pandarallel,BSD-3-Clause,2019-03-10 11:58:29.000,2025-04-22 14:57:53.953,213.0,99.0,3790.0,23,False,107.0,,pandarallel,conda-forge/pandarallel,,https://pypi.org/project/pandarallel,2023-05-02 20:45:04.130,2023-05-02 20:45:04.130,1.6.5,41.0,107.0,492138.0,494524.0,https://anaconda.org/conda-forge/pandarallel,2025-04-22 14:57:53.953,145588.0,,,,,3.0,"['pandas', 'jupyter']",,,,,,,,,,,,,
269,camelot,camelot-dev/camelot,A Python library to extract tabular data from PDFs.,,data-loading,https://github.com/camelot-dev/camelot,81.0,https://github.com/camelot-dev/camelot,MIT,2019-07-01 13:39:33.000,2026-06-04 16:30:23.000,541.0,57.0,3751.0,23,True,3655.0,3649.0,camelot,,,https://pypi.org/project/camelot,2021-12-15 14:24:33.385,2011-12-30 16:40:09.000,11.12.30,16.0,6.0,3673.0,3673.0,,,,,,,,3.0,,,,,,,,,,,,,,
270,python-box,cdgriffith/Box,Python dictionaries with advanced dot notation access.,,data-structures,https://github.com/cdgriffith/Box,1.0,https://github.com/cdgriffith/Box,MIT,2017-03-11 04:46:51.000,2026-04-29 15:47:00.525,118.0,32.0,2817.0,23,True,593.0,,python-box,conda-forge/python-box,,https://pypi.org/project/python-box,2026-02-21 16:21:14.000,2026-02-21 16:21:14.000,7.4.1,69.0,593.0,7038852.0,7055603.0,https://anaconda.org/conda-forge/python-box,2026-04-29 15:47:00.525,1206117.0,,,,,3.0,,,,,,,,,,,,,,
271,gino,python-gino/gino,GINO Is Not ORM - a Python asyncio ORM on SQLAlchemy core.,,db-clients,https://github.com/python-gino/gino,45.0,https://github.com/python-gino/gino,BSD-3-Clause,2017-07-21 04:27:01.000,2022-02-12 20:37:35.000,150.0,55.0,2726.0,23,False,2555.0,2505.0,gino,,,https://pypi.org/project/gino,2022-02-12 20:37:35.000,2020-06-08 23:55:55.000,1.0.1,50.0,50.0,23466.0,23466.0,,,,,,,,3.0,,,,,,,,,,,,,,
272,Singer,singer-io/getting-started,"Standard for moving data between databases, web APIs, files, queues, and just about anything else you can think of.",,data-loading,https://github.com/singer-io/getting-started,32.0,https://github.com/singer-io/getting-started,AGPL-3.0,2016-10-31 16:53:56.000,2026-02-27 17:28:30.000,146.0,29.0,1288.0,23,True,306.0,,singer-python,,,https://pypi.org/project/singer-python,2026-02-27 17:28:30.000,2026-02-27 17:15:11.000,6.8.0,131.0,306.0,487724.0,487724.0,,,,,,,,3.0,,,,,,,,,,,,,,
273,immutables,MagicStack/immutables,A high-performance immutable mapping type for Python.,,data-structures,https://github.com/MagicStack/immutables,17.0,https://github.com/MagicStack/immutables,Apache-2.0,2018-03-30 21:24:52.000,2025-09-12 14:05:35.158,58.0,10.0,1176.0,23,True,8072.0,7937.0,immutables,conda-forge/immutables,,https://pypi.org/project/immutables,2024-10-10 00:53:56.000,,,21.0,135.0,2908059.0,2933295.0,https://anaconda.org/conda-forge/immutables,2025-09-12 14:05:35.158,1867519.0,,,,,3.0,,,,,,,,,,,,,,
274,neo4j-driver,neo4j/neo4j-python-driver,Neo4j Bolt driver for Python.,,db-clients,https://github.com/neo4j/neo4j-python-driver,44.0,https://github.com/neo4j/neo4j-python-driver,Apache-2.0,2015-05-05 13:08:20.000,2026-05-12 15:24:20.000,212.0,4.0,1045.0,23,True,65.0,,neo4j-driver,conda-forge/neo4j-python-driver,,https://pypi.org/project/neo4j-driver,2026-05-04 08:00:50.000,2026-05-04 08:00:50.000,5.28.4,149.0,65.0,101527.0,108571.0,https://anaconda.org/conda-forge/neo4j-python-driver,2026-05-04 11:49:10.021,514256.0,,,,,3.0,,,,,,,,,,,,,,
275,munch,Infinidat/munch,A Munch is a Python dictionary that provides attribute-style access (a la JavaScript objects).,,data-structures,https://github.com/Infinidat/munch,27.0,https://github.com/Infinidat/munch,MIT,2012-03-08 21:20:50.000,2025-04-22 14:56:20.788,86.0,14.0,781.0,23,False,576.0,,munch,conda-forge/munch,,https://pypi.org/project/munch,2023-07-01 09:51:02.251,2023-07-01 09:51:02.251,4.0.0,16.0,576.0,3200319.0,3322716.0,https://anaconda.org/conda-forge/munch,2025-04-22 14:56:20.788,4651106.0,,,,,3.0,,,,,,,,,,,,,,
276,HappyBase,python-happybase/happybase,[UNMAINTAINED] A developer-friendly Python library to interact with Apache HBase.,,db-clients,https://github.com/python-happybase/happybase,22.0,https://github.com/python-happybase/happybase,MIT,2012-05-20 20:06:10.000,2025-09-26 09:31:47.000,163.0,34.0,609.0,23,True,1074.0,1030.0,happybase,conda-forge/happybase,,https://pypi.org/project/happybase,2025-09-26 09:30:46.000,2025-09-26 09:30:46.000,1.3.0,13.0,44.0,71128.0,74336.0,https://anaconda.org/conda-forge/happybase,2025-04-22 14:56:24.390,388211.0,,,,,3.0,,,,,,,,,,,,,,
277,pyscreenshot,ponty/pyscreenshot,"Python screenshot library, replacement for the Pillow ImageGrab module on Linux.",,others,https://github.com/ponty/pyscreenshot,25.0,https://github.com/ponty/pyscreenshot,BSD-2-Clause,2011-02-01 13:02:51.000,2023-11-04 13:29:53.000,89.0,,497.0,23,False,5947.0,5855.0,pyscreenshot,,,https://pypi.org/project/pyscreenshot,2023-03-12 06:35:43.130,2018-12-21 10:20:02.000,0.5.1,23.0,92.0,235527.0,235527.0,,,,,,,,3.0,,,,,,,,,,,,,,
278,umongo,Scille/umongo,"sync/async MongoDB ODM, yes.",,db-clients,https://github.com/Scille/umongo,19.0,https://github.com/Scille/umongo,MIT,2016-03-09 16:34:42.000,2026-03-01 13:19:13.000,68.0,50.0,448.0,23,True,26049.0,26039.0,umongo,conda-forge/umongo,,https://pypi.org/project/umongo,2026-03-01 13:19:13.000,2026-03-01 13:19:13.000,4.0.0,59.0,10.0,35118.0,35417.0,https://anaconda.org/conda-forge/umongo,2025-04-22 14:58:00.868,17391.0,,,,,3.0,,,,,,,,,,,,,,
279,filedepot,amol-/depot,Toolkit for storing files and attachments in web applications.,,db-clients,https://github.com/amol-/depot,21.0,https://github.com/amol-/depot,MIT,2014-06-04 10:27:12.000,2026-07-22 00:01:30.000,41.0,9.0,165.0,23,True,1488.0,1473.0,filedepot,,,https://pypi.org/project/filedepot,2026-07-22 00:01:30.000,2026-07-22 00:01:30.000,0.12.0,27.0,15.0,25471.0,25471.0,,,,,,,,3.0,,,,,,,,,,,,,,
280,contextlib2,jazzband/contextlib2,contextlib2 is a backport of the standard librarys contextlib module to earlier Python versions.,,compatibility,https://github.com/jazzband/contextlib2,17.0,https://github.com/jazzband/contextlib2,psfrag,2016-03-18 13:22:21.000,2025-10-06 17:48:17.000,12.0,4.0,39.0,23,False,86911.0,86493.0,contextlib2,conda-forge/contextlib2,,https://pypi.org/project/contextlib2,2021-06-27 06:54:20.000,2021-06-27 06:54:20.000,21.6.0,14.0,418.0,11903988.0,11944034.0,https://anaconda.org/conda-forge/contextlib2,2025-04-22 14:56:20.337,2442820.0,,,,,3.0,,,,,,,,,,,,,,
281,Activeloop,activeloopai/Hub,Activeloop Deep Lake.,,data-pipelines,https://www.github.com/activeloopai/deeplake,141.0,,MPL-2.0,,2023-02-02 20:54:34.806,721.0,,9212.0,22,False,3491.0,3487.0,hub,,,https://pypi.org/project/hub,2023-02-02 20:54:34.806,2023-02-02 20:54:34.806,2.5.1,154.0,4.0,10010.0,10010.0,,,,,,,,3.0,,,,,,,,,,,,,,
282,snorkel,snorkel-team/snorkel,A system for quickly generating training data with weak supervision.,,data-loading,https://github.com/snorkel-team/snorkel,81.0,https://github.com/snorkel-team/snorkel,Apache-2.0,2016-02-26 05:52:45.000,2026-04-10 17:37:34.000,854.0,17.0,5962.0,22,True,699.0,677.0,snorkel,conda-forge/snorkel,,https://pypi.org/project/snorkel,2024-02-27 22:57:29.000,2024-02-27 22:57:29.000,0.10.0,22.0,22.0,52487.0,53643.0,https://anaconda.org/conda-forge/snorkel,2025-04-22 14:57:07.929,74032.0,,,,,3.0,,,,,,,,,,,,,,
283,img2dataset,rom1504/img2dataset,"Easily turn large sets of image urls to an image dataset. Can download, resize and package 100M urls in 20h on one..",,data-loading,https://github.com/rom1504/img2dataset,36.0,https://github.com/rom1504/img2dataset,MIT,2021-08-11 20:20:15.000,2025-10-19 21:22:50.000,362.0,144.0,4210.0,22,True,294.0,288.0,img2dataset,,,https://pypi.org/project/img2dataset,2025-08-09 22:07:21.000,2025-08-09 22:07:21.000,1.47.0,89.0,6.0,37380.0,37380.0,,,,,,,,3.0,,,,,,,,,,,,,,
284,whylogs,whylabs/whylogs,Open standard for end-to-end data and ML monitoring for any scale in any infrastructure.,,data-pipelines,https://github.com/whylabs/whylogs,35.0,https://github.com/whylabs/whylogs,Apache-2.0,2020-08-14 23:25:32.000,2025-01-10 20:14:49.000,134.0,,2776.0,22,False,410.0,402.0,whylogs,,,https://pypi.org/project/whylogs,2024-12-03 23:54:37.000,2024-11-21 02:10:18.000,1.6.3,361.0,8.0,162447.0,162447.0,,,,,,,,3.0,,,,,,,,,,,,,,
285,mongo-connector,yougov/mongo-connector,MongoDB data stream pipeline tools by YouGov (adopted from MongoDB).,,db-clients,https://github.com/yougov/mongo-connector,62.0,https://github.com/yougov/mongo-connector,Apache-2.0,2012-08-09 23:39:36.000,2024-03-27 15:59:35.000,474.0,263.0,1878.0,22,False,240.0,231.0,mongo-connector,,,https://pypi.org/project/mongo-connector,2018-12-05 19:18:21.000,2018-12-05 19:18:21.000,3.1.1,51.0,9.0,44535.0,44535.0,,,,,,,,3.0,,,,,,,,,,,,,,
286,pandasql,yhat/pandasql,sqldf for pandas.,,data-containers,https://github.com/yhat/pandasql,15.0,https://github.com/yhat/pandasql,MIT,2013-02-18 01:53:56.000,2025-04-22 14:57:54.808,186.0,59.0,1349.0,22,False,76.0,,pandasql,conda-forge/pandasql,,https://pypi.org/project/pandasql,2016-04-20 21:52:36.000,2016-04-20 21:52:36.000,0.7.3,31.0,76.0,1885951.0,1896154.0,https://anaconda.org/conda-forge/pandasql,2025-04-22 14:57:54.808,622428.0,,,,,3.0,['pandas'],,,,,,,,,,,,,
287,parallel-ssh,ParallelSSH/parallel-ssh,Asynchronous parallel SSH client library.,,infrastructure,https://github.com/ParallelSSH/parallel-ssh,23.0,https://github.com/ParallelSSH/parallel-ssh,LGPL-2.1,2012-12-24 14:45:36.000,2025-10-14 12:24:14.000,154.0,11.0,1258.0,22,False,316.0,282.0,parallel-ssh,,,https://pypi.org/project/parallel-ssh,2025-10-14 12:24:14.000,2025-10-12 15:36:40.000,2.16.0,104.0,34.0,192427.0,192427.0,,,,,,,,3.0,,,,,,,,,,,,,,
288,pluginbase,mitsuhiko/pluginbase,A simple but flexible plugin system for Python.,,others,https://github.com/mitsuhiko/pluginbase,9.0,https://github.com/mitsuhiko/pluginbase,BSD-3-Clause,2014-06-30 20:51:42.000,2025-04-22 14:56:45.424,142.0,3.0,1089.0,22,False,3105.0,3037.0,pluginbase,conda-forge/pluginbase,,https://pypi.org/project/pluginbase,2021-05-16 16:25:40.000,2021-05-16 16:25:40.000,1.0.1,9.0,68.0,784892.0,801087.0,https://anaconda.org/conda-forge/pluginbase,2025-04-22 14:56:45.424,356308.0,,,,,3.0,,,,,,,,,,,,,,
289,dirty-equals,samuelcolvin/dirty-equals,Doing dirty (but extremely useful) things with equals.,,data-validation,https://github.com/samuelcolvin/dirty-equals,20.0,https://github.com/samuelcolvin/dirty-equals,MIT,2022-01-26 16:10:05.000,2025-11-18 11:10:57.068,48.0,21.0,997.0,22,True,1136.0,1034.0,dirty-equals,conda-forge/dirty-equals,,https://pypi.org/project/dirty-equals,2025-11-17 01:51:22.000,2025-09-19 16:05:29.000,0.10.0,19.0,102.0,2725362.0,2728072.0,https://anaconda.org/conda-forge/dirty-equals,2025-11-18 11:10:57.068,140932.0,,,,,3.0,,,,,,,,,,,,,,
290,bcolz,Blosc/bcolz,A columnar data container that can be compressed.,,data-containers,https://github.com/Blosc/bcolz,33.0,https://github.com/Blosc/bcolz,BSD-3-Clause,2010-08-18 15:27:02.000,2025-04-22 14:56:31.857,149.0,132.0,956.0,22,False,2128.0,2085.0,bcolz,conda-forge/bcolz,,https://pypi.org/project/bcolz,2018-04-13 07:44:26.000,2018-04-13 07:44:26.000,1.2.1,23.0,43.0,6909.0,12256.0,https://anaconda.org/conda-forge/bcolz,2025-04-22 14:56:31.857,604215.0,,,,,3.0,,,,,,,,,,,,,,
291,janus,aio-libs/janus,Thread-safe asyncio-aware queue for Python.,,data-structures,https://github.com/aio-libs/janus,30.0,https://github.com/aio-libs/janus,Apache-2.0,2015-06-08 15:45:28.000,2026-01-06 04:21:40.000,53.0,11.0,945.0,22,True,133.0,,janus,conda-forge/janus,,https://pypi.org/project/janus,2024-12-13 12:59:06.000,2024-12-13 12:59:06.000,2.0.0,21.0,133.0,6482524.0,6483773.0,https://anaconda.org/conda-forge/janus,2025-04-22 14:57:06.889,84942.0,,,,,3.0,,,,,,,,,,,,,,
292,scandir,benhoyt/scandir,"Better directory iterator and faster os.walk(). Archived, as this has been in the stdlib since Python 3.5.",,file-path-utils,https://github.com/benhoyt/scandir,23.0,https://github.com/benhoyt/scandir,BSD-3-Clause,2013-05-13 08:14:57.000,2025-08-22 08:03:39.390,68.0,,538.0,22,True,215.0,,scandir,conda-forge/scandir,,https://pypi.org/project/scandir,2019-03-09 17:58:19.000,2019-03-09 17:58:19.000,1.10.0,16.0,215.0,2251725.0,2281783.0,https://anaconda.org/conda-forge/scandir,2025-08-22 08:03:39.390,2074055.0,,,,,3.0,,,,,,,,,,,,,,
293,Unipath,mikeorr/Unipath,An object-oriented approach to Python file/directory operations.,,file-path-utils,https://github.com/mikeorr/Unipath,6.0,https://github.com/mikeorr/Unipath,MIT,2013-01-28 04:38:28.000,2022-01-11 09:35:44.000,39.0,9.0,514.0,22,False,10374.0,10315.0,unipath,,,https://pypi.org/project/unipath,2015-02-11 04:36:12.000,2009-03-29 15:28:56.000,0.2.1,3.0,59.0,115985.0,115985.0,,,,,,,,3.0,,,,,,,,,,,,,,
294,hickle,telegraphic/hickle,a HDF5-based python pickle replacement.,,serialization,https://github.com/telegraphic/hickle,29.0,https://github.com/telegraphic/hickle,MIT,2012-05-28 09:04:16.000,2025-04-22 14:57:00.315,70.0,6.0,486.0,22,False,1133.0,1094.0,hickle,conda-forge/hickle,,https://pypi.org/project/hickle,2024-03-30 09:15:05.000,2024-03-30 09:15:05.000,5.0.3,40.0,39.0,70437.0,71870.0,https://anaconda.org/conda-forge/hickle,2025-04-22 14:57:00.315,41584.0,,,,,3.0,,,,,,,,,,,,,,
295,aiomisc,aiokitchen/aiomisc,aiomisc - miscellaneous utils for asyncio.,,async,https://github.com/aiokitchen/aiomisc,22.0,https://github.com/aiokitchen/aiomisc,MIT,2018-04-13 14:33:37.000,2026-07-10 06:54:21.000,28.0,10.0,424.0,22,True,508.0,447.0,aiomisc,,,https://pypi.org/project/aiomisc,2026-07-10 06:54:21.000,2026-07-10 06:54:21.000,18.0.26,313.0,61.0,56921.0,56921.0,,,,,,,,3.0,,,,,,,,,,,,,,
296,rtoml,samuelcolvin/rtoml,A fast TOML library for python implemented in rust.,,serialization,https://github.com/samuelcolvin/rtoml,16.0,https://github.com/samuelcolvin/rtoml,MIT,2020-01-07 22:30:25.000,2025-10-19 04:57:52.000,30.0,10.0,377.0,22,True,1118.0,953.0,rtoml,,,https://pypi.org/project/rtoml,2025-10-19 04:57:52.000,2025-10-19 04:57:52.000,0.13.0,17.0,165.0,927273.0,927273.0,,,,,,,,3.0,,,,,,,,,,,,,,
297,price-parser,scrapinghub/price-parser,Extract price amount and currency symbol from a raw text string.,,text,https://github.com/scrapinghub/price-parser,19.0,https://github.com/scrapinghub/price-parser,BSD-3-Clause,2019-04-11 18:27:30.000,2026-03-19 11:33:22.000,54.0,26.0,346.0,22,True,598.0,558.0,price-parser,,,https://pypi.org/project/price-parser,2026-03-19 11:33:22.000,2026-03-19 11:33:22.000,0.5.1,15.0,40.0,768345.0,768345.0,,,,,,,,3.0,,,,,,,,,,,,,,
298,tabulator-py,frictionlessdata/tabulator-py,Python library for reading and writing tabular data via streams.,,data-loading,https://github.com/frictionlessdata/tabulator-py,27.0,https://github.com/frictionlessdata/tabulator-py,MIT,2015-08-24 05:34:38.000,2025-04-22 14:56:37.611,42.0,,236.0,22,False,1541.0,1504.0,tabulator,conda-forge/tabulator-py,,https://pypi.org/project/tabulator,2021-03-21 07:47:00.000,2023-12-02 01:27:27.146,0.3.2,142.0,37.0,119243.0,121840.0,https://anaconda.org/conda-forge/tabulator-py,2025-04-22 14:56:37.611,283179.0,,,,,3.0,,,,,,,,,,,,,,
299,entrypoints,takluyver/entrypoints,Discover and load entry points from installed packages.,,inspect,https://github.com/takluyver/entrypoints,12.0,https://github.com/takluyver/entrypoints,MIT,2015-05-02 18:12:08.000,2025-04-22 14:56:21.731,29.0,4.0,74.0,22,False,717.0,,entrypoints,conda-forge/entrypoints,,https://pypi.org/project/entrypoints,2022-02-02 21:30:26.000,2017-06-08 10:55:15.000,0.2.3,7.0,717.0,36392260.0,36788475.0,https://anaconda.org/conda-forge/entrypoints,2025-04-22 14:56:21.731,27338902.0,,,,,3.0,,,,,,,,,,,,,,
300,powerline-shell,b-ryan/powerline-shell,A beautiful and useful prompt for your shell.,,others,https://github.com/b-ryan/powerline-shell,89.0,https://github.com/b-ryan/powerline-shell,MIT,2012-09-09 16:12:53.000,2022-09-22 18:12:11.000,744.0,119.0,5927.0,21,False,138.0,134.0,powerline-shell,,,https://pypi.org/project/powerline-shell,2018-09-16 00:34:48.000,2018-09-16 00:34:48.000,0.7.0,26.0,4.0,11881.0,11881.0,,,,,,,,3.0,,,,,,,,,,,,,,
301,pampy,santinic/pampy,Pampy: The Pattern Matching for Python you always dreamed of.,,utilities,https://github.com/santinic/pampy,10.0,https://github.com/santinic/pampy,MIT,2018-11-08 12:51:17.000,2022-03-29 22:05:25.000,125.0,23.0,3516.0,21,False,532.0,495.0,pampy,,,https://pypi.org/project/pampy,2019-11-07 15:54:35.000,2019-11-07 15:54:35.000,0.3.0,11.0,37.0,80878.0,80878.0,,,,,,,,3.0,,,,,,,,,,,,,,
302,prisma,RobertCraigie/prisma-client-py,Prisma Client Python is an auto-generated and fully type-safe database client designed for ease of use.,,db-clients,https://github.com/RobertCraigie/prisma-client-py,31.0,https://github.com/RobertCraigie/prisma-client-py,Apache-2.0,2020-12-16 04:29:28.000,2024-11-20 10:40:27.000,81.0,236.0,1893.0,21,False,24.0,,prisma,,,https://pypi.org/project/prisma,2024-08-16 02:54:02.000,2024-08-16 02:54:02.000,0.15.0,33.0,24.0,844987.0,844987.0,,,,,,,,3.0,,,,,,,,,,,,,,
303,datatable,h2oai/datatable,A Python package for manipulating 2-dimensional tabular data structures.,,data-containers,https://github.com/h2oai/datatable,42.0,https://github.com/h2oai/datatable,MPL-2.0,2017-03-03 02:32:59.000,2025-04-22 14:57:43.658,163.0,180.0,1867.0,21,False,54.0,,datatable,conda-forge/datatable,,https://pypi.org/project/datatable,2023-12-01 21:51:48.000,2023-12-01 21:51:48.000,1.1.0,15.0,54.0,45645.0,46489.0,https://anaconda.org/conda-forge/datatable,2025-04-22 14:57:43.658,56554.0,,,,,3.0,,,,,,,,,,,,,,
304,bonobo,python-bonobo/bonobo,Extract Transform Load for Python 3.5+.,,data-pipelines,https://github.com/python-bonobo/bonobo,37.0,https://github.com/python-bonobo/bonobo,Apache-2.0,2016-12-09 04:03:23.000,2023-05-12 06:19:51.000,145.0,107.0,1612.0,21,False,195.0,186.0,bonobo,,,https://pypi.org/project/bonobo,2019-07-20 13:33:19.000,2019-05-16 13:19:48.000,0.6.4,38.0,9.0,24039.0,24039.0,,,,,,,,3.0,,,,,,,,,,,http://docs.bonobo-project.org/en/master/,,,
305,CommonRegex,madisonmay/CommonRegex,A collection of common regular expressions bundled with an easy to use interface.,,utilities,https://github.com/madisonmay/CommonRegex,14.0,https://github.com/madisonmay/CommonRegex,MIT,2013-12-17 08:43:14.000,2023-04-20 18:31:08.000,141.0,22.0,1566.0,21,False,220.0,212.0,commonregex,,,https://pypi.org/project/commonregex,2021-12-15 15:25:21.835,2021-12-15 15:25:21.835,1.5.4,6.0,8.0,86536.0,86536.0,,,,,,,,3.0,,,,,,,,,,,,,,
306,Pypeline,cgarciae/pypeln,Concurrent data pipelines in Python .,,data-pipelines,https://github.com/cgarciae/pypeln,13.0,https://github.com/cgarciae/pypeln,MIT,2018-09-01 13:43:31.000,2025-04-22 14:57:31.976,89.0,21.0,1408.0,21,False,180.0,169.0,pypeln,conda-forge/pypeln,,https://pypi.org/project/pypeln,2022-01-06 15:32:39.000,2022-01-06 15:32:39.000,0.4.9,36.0,11.0,795854.0,796168.0,https://anaconda.org/conda-forge/pypeln,2025-04-22 14:57:31.976,22644.0,,,,,3.0,,,,,,,,,,,,,,
307,fabtools,fabtools/fabtools,Tools for writing awesome Fabric files.,,infrastructure,https://github.com/fabtools/fabtools,88.0,https://github.com/fabtools/fabtools,BSD-2-Clause,2011-09-05 01:44:24.000,2018-03-18 12:07:00.000,218.0,104.0,1153.0,21,False,318.0,316.0,fabtools,,,https://pypi.org/project/fabtools,2016-10-12 10:37:57.000,2016-10-12 10:37:57.000,0.20.0,30.0,2.0,2697.0,2697.0,,,,,,,,3.0,,,,,,,,,,,,,,
308,pickleDB,patx/pickledb,pickleDB is an in memory key-value store using Pythons orjson module for persistence. It can also use SQLite instead..,,data-containers,https://github.com/patx/pickledb,17.0,https://github.com/patx/pickledb,BSD-3-Clause,2011-10-28 00:04:40.000,2026-05-10 00:16:30.000,134.0,18.0,1071.0,21,True,3406.0,3398.0,pickledb,,,https://pypi.org/project/pickledb,2026-01-05 04:52:06.000,2025-12-10 21:30:53.000,1.4.1,31.0,8.0,32522.0,32522.0,,,,,,,,3.0,,,,,,,,,,,,,,
309,flupy,olirice/flupy,Fluent data pipelines for python and your shell.,,data-pipelines,https://github.com/olirice/flupy,9.0,https://github.com/olirice/flupy,,2018-01-06 16:46:04.000,2026-07-18 01:54:59.000,14.0,3.0,195.0,21,False,861.0,853.0,flupy,,,https://pypi.org/project/flupy,2026-07-18 01:54:59.000,2026-07-18 01:54:59.000,1.2.4,42.0,8.0,1765754.0,1765754.0,,,,,,,,3.0,,,,,,,,,,,,,,
310,pyexcel-xlsx,pyexcel/pyexcel-xlsx,"A wrapper library to read, manipulate and write data in xlsx and xlsm format using openpyxl.",,data-loading,https://github.com/pyexcel/pyexcel-xlsx,6.0,https://github.com/pyexcel/pyexcel-xlsx,BSD-3-Clause,2014-12-02 00:03:24.000,2025-04-22 14:56:42.748,33.0,9.0,117.0,21,False,3335.0,3260.0,pyexcel-xlsx,conda-forge/pyexcel-xlsx,,https://pypi.org/project/pyexcel-xlsx,2025-03-05 07:35:39.000,2025-03-05 07:35:39.000,0.6.1,29.0,75.0,1347634.0,1348469.0,https://anaconda.org/conda-forge/pyexcel-xlsx,2025-04-22 14:56:42.748,57625.0,,,,,3.0,,,,,,,,,,,,,,
311,micropython,micropython/micropython,MicroPython - a lean and efficient Python implementation for microcontrollers and constrained systems.,,python-implementations,https://github.com/micropython/micropython,756.0,https://github.com/micropython/micropython,Python-2.0,2013-12-20 11:47:07.000,2026-04-06 13:19:07.000,8780.0,1873.0,21610.0,20,True,18.0,18.0,micropython-_markupbase,,,https://pypi.org/project/micropython-_markupbase,2016-10-10 21:51:14.000,2015-04-11 20:19:03.000,3.3.3,2.0,,,,,,,,,,,2.0,,,,,,,,,,,,,,
312,Eel,ChrisKnott/Eel,"For little HTML GUI applications, with easy Python/JS interop.",,gui-dev,https://github.com/python-eel/Eel,49.0,,MIT,,2025-06-22 18:21:36.000,606.0,,6750.0,20,False,111.0,,eel,,,https://pypi.org/project/eel,2025-06-22 18:21:36.000,2025-06-22 18:21:36.000,0.18.2,45.0,111.0,63808.0,63808.0,,,,,,,,3.0,,,,,,,,,,,,,,
313,ploomber,ploomber/ploomber,"The fastest way to build data pipelines. Develop iteratively, deploy anywhere.",,data-pipelines,https://github.com/ploomber/ploomber,80.0,https://github.com/ploomber/ploomber,Apache-2.0,2020-01-20 20:13:06.000,2025-05-29 22:02:03.000,241.0,110.0,3604.0,20,False,13.0,,ploomber,conda-forge/ploomber,,https://pypi.org/project/ploomber,2024-09-18 19:11:38.000,2024-09-18 19:11:38.000,0.23.3,117.0,13.0,9980.0,13249.0,https://anaconda.org/conda-forge/ploomber,2025-04-22 14:57:55.792,199442.0,,,,,3.0,,,,,,,,,,,,,,
314,Arctic,man-group/arctic,Arctic is a high performance datastore for numeric data.,,data-containers,https://github.com/man-group/arctic,86.0,https://github.com/man-group/arctic,LGPL-2.1,2015-05-29 13:37:30.000,2026-02-04 04:32:17.328,578.0,97.0,3079.0,20,False,309.0,286.0,arctic,conda-forge/arctic,,https://pypi.org/project/arctic,2024-02-06 09:00:23.000,2024-02-06 09:00:23.000,1.82.2,96.0,23.0,2270.0,3229.0,https://anaconda.org/conda-forge/arctic,2026-02-04 04:32:17.328,47995.0,,,,,3.0,,,,,,,,,,,,,,
315,flexx,flexxui/flexx,Write desktop and web apps in pure Python.,,gui-dev,https://github.com/flexxui/flexx,37.0,https://github.com/flexxui/flexx,BSD-2-Clause,2014-09-03 08:38:00.000,2025-04-22 14:56:24.897,260.0,87.0,2940.0,20,False,160.0,153.0,flexx,conda-forge/flexx,,https://pypi.org/project/flexx,2022-04-12 19:13:11.000,2022-04-12 19:13:11.000,0.8.4,17.0,7.0,1364.0,5604.0,https://anaconda.org/conda-forge/flexx,2025-04-22 14:56:24.897,296825.0,,,,,3.0,,,,,,,,,,,,,,
316,Phoenix,wxWidgets/Phoenix,"wxPythons Project Phoenix. A new implementation of wxPython, better, stronger, faster than he was before.",,gui-dev,https://github.com/wxWidgets/Phoenix,160.0,https://github.com/wxWidgets/Phoenix,wxWindows,2012-07-17 06:22:25.000,2026-07-29 23:10:23.000,564.0,644.0,2617.0,20,False,9.0,,wx,conda-forge/wxpython,,https://pypi.org/project/wx,2016-08-17 03:22:15.000,2016-08-17 03:22:15.000,3.0.3,18.0,9.0,,30031.0,https://anaconda.org/conda-forge/wxpython,2026-02-23 12:10:41.149,2072156.0,,,,,3.0,,,,,,,,,,,,,,
317,unsync,alex-sherman/unsync,Unsynchronize asyncio.,,async,https://github.com/alex-sherman/unsync,11.0,https://github.com/alex-sherman/unsync,MIT,2018-02-06 02:16:16.000,2025-04-22 14:57:27.673,54.0,3.0,901.0,20,False,303.0,270.0,unsync,conda-forge/unsync,,https://pypi.org/project/unsync,2021-10-21 00:46:56.000,2021-10-21 00:46:56.000,1.4.0,9.0,33.0,75682.0,76122.0,https://anaconda.org/conda-forge/unsync,2025-04-22 14:57:27.673,32138.0,,,,,3.0,,,,,,,,,,,,,,
318,ubelt,Erotemic/ubelt,"A Python utility library with a stdlib like feel and extra batteries. Paths, Progress, Dicts, Downloads, Caching,..",,utilities,https://github.com/Erotemic/ubelt,5.0,https://github.com/Erotemic/ubelt,Apache-2.0,2017-01-30 21:14:57.000,2026-04-13 06:04:22.754,49.0,11.0,742.0,20,True,132.0,,ubelt,conda-forge/ubelt,,https://pypi.org/project/ubelt,2026-04-13 02:38:13.000,2026-04-13 02:38:13.000,1.4.2,79.0,132.0,59731.0,67196.0,https://anaconda.org/conda-forge/ubelt,2026-04-13 06:04:22.754,432993.0,,,,,3.0,,,,,,,,,,,,,,
319,pysimdjson,TkTech/pysimdjson,Python bindings for the simdjson project.,,serialization,https://github.com/TkTech/pysimdjson,15.0,https://github.com/TkTech/pysimdjson,,2019-02-22 03:26:04.000,2025-08-31 00:14:30.298,60.0,9.0,709.0,20,False,1669.0,1611.0,pysimdjson,conda-forge/pysimdjson,,https://pypi.org/project/pysimdjson,2025-06-28 20:36:06.000,2025-05-20 04:54:21.000,7.0.1,39.0,58.0,1390787.0,1395048.0,https://anaconda.org/conda-forge/pysimdjson,2025-08-31 00:14:30.298,294077.0,,,,,3.0,,,,,,,,,,,,,,
320,messytables,okfn/messytables,Tools for parsing messy tabular data. This is now superseded by https://github.com/frictionlessdata/tabulator-py.,,data-loading,https://github.com/okfn/messytables,44.0,https://github.com/okfn/messytables,MIT,2011-07-27 18:08:21.000,2023-05-22 21:34:25.000,109.0,41.0,390.0,20,False,357.0,344.0,messytables,,,https://pypi.org/project/messytables,2017-02-09 12:37:47.000,2017-02-09 12:37:47.000,0.15.2,26.0,13.0,12705.0,12705.0,,,,,,,,3.0,,,,,,,,,,,,,,
321,pyhdb,SAP-archive/PyHDB,SAP HANA Connector in pure Python.,,db-clients,https://github.com/SAP-archive/PyHDB,10.0,https://github.com/SAP-archive/PyHDB,Apache-2.0,2014-12-12 04:02:40.000,2021-05-04 17:33:58.000,133.0,,315.0,20,False,271.0,260.0,pyhdb,,,https://pypi.org/project/pyhdb,2018-02-16 12:37:13.000,2018-02-16 12:37:13.000,0.3.4,8.0,11.0,71901.0,71901.0,,,,,,,,3.0,,,,,,,,,,,,,,
322,deepdish,uchicago-cs/deepdish,Flexible HDF5 saving/loading and other data science tools from the University of Chicago.,,data-loading,https://github.com/uchicago-cs/deepdish,11.0,https://github.com/uchicago-cs/deepdish,BSD-3-Clause,2014-08-27 18:10:26.000,2025-04-22 14:56:29.245,59.0,18.0,271.0,20,False,1052.0,988.0,deepdish,conda-forge/deepdish,,https://pypi.org/project/deepdish,2021-09-24 05:09:00.400,2021-09-24 05:09:00.400,0.3.7,17.0,64.0,9993.0,13740.0,https://anaconda.org/conda-forge/deepdish,2025-04-22 14:56:29.245,269820.0,,,,,3.0,,,,,,,,,,,,,,
323,aioprometheus,claws/aioprometheus,A Prometheus Python client library for asyncio-based applications.,,db-clients,https://github.com/claws/aioprometheus,12.0,https://github.com/claws/aioprometheus,MIT,2016-06-18 12:53:23.000,2024-08-21 08:17:58.000,21.0,14.0,176.0,20,False,572.0,556.0,aioprometheus,,,https://pypi.org/project/aioprometheus,2023-12-27 23:54:29.000,2023-12-27 23:54:29.000,23.12.0,27.0,16.0,155976.0,155976.0,,,,,,,,3.0,,,,,,,,,,,,,,
324,clint,kennethreitz-archive/clint,Python Command Line Interface Tools.,,cli-helpers,https://github.com/kennethreitz/clint,64.0,,ISC,2016-05-24 20:22:15.785,2025-04-22 14:56:23.827,19.0,,95.0,20,False,5833.0,5446.0,clint,conda-forge/clint,,https://pypi.org/project/clint,2015-08-25 16:11:19.000,2015-08-25 16:11:19.000,0.5.1,18.0,387.0,329858.0,331060.0,https://anaconda.org/conda-forge/clint,2025-04-22 14:56:23.827,146666.0,,,,,3.0,,,,,,,,,,,,,,
325,pyinfra,Fizzadar/pyinfra,pyinfra automates/provisions/manages/deploys infrastructure.,,infrastructure,https://pyinfra.com,217.0,,MIT,,2026-07-27 19:50:53.000,531.0,,5913.0,19,True,287.0,241.0,pyinfra,,,https://pypi.org/project/pyinfra,2026-07-27 19:50:53.000,2026-07-27 19:50:53.000,3.10.0,238.0,46.0,,,,,,,,,,3.0,,,,,,,,-5.0,,,,,,
326,bashplotlib,glamp/bashplotlib,plotting in the terminal.,,cli-helpers,https://github.com/glamp/bashplotlib,20.0,https://github.com/glamp/bashplotlib,MIT,2012-12-13 04:01:10.000,2024-06-23 22:00:04.000,142.0,24.0,1918.0,19,False,207.0,193.0,bashplotlib,,,https://pypi.org/project/bashplotlib,2016-02-06 21:56:46.000,2016-02-06 21:56:46.000,0.6.5,27.0,14.0,2766.0,2766.0,,,,,,,,3.0,,,,,,,,,,,,,,
327,enaml,nucleic/enaml,Declarative User Interfaces for Python.,,gui-dev,https://github.com/nucleic/enaml,44.0,https://github.com/nucleic/enaml,,2013-03-06 21:29:01.000,2025-12-15 10:34:13.000,132.0,49.0,1569.0,19,False,275.0,253.0,enaml,conda-forge/enaml,,https://pypi.org/project/enaml,2025-10-06 16:08:39.000,2025-10-06 16:08:39.000,0.19.0,32.0,22.0,13194.0,19867.0,https://anaconda.org/conda-forge/enaml,2025-10-27 16:55:18.289,487166.0,,,,,3.0,,,,,,,,,,,,,,
328,TaskTiger,closeio/tasktiger,Python task queue using Redis.,,data-pipelines,https://github.com/closeio/tasktiger,35.0,https://github.com/closeio/tasktiger,MIT,2015-05-14 00:26:32.000,2026-03-11 11:51:35.000,91.0,44.0,1459.0,19,True,35.0,33.0,tasktiger,,,https://pypi.org/project/tasktiger,2026-03-11 11:51:35.000,2026-03-11 11:51:35.000,0.25.0,45.0,2.0,6328.0,6328.0,,,,,,,,3.0,,,,,,,,,,,,,,
329,pinject,google/pinject,A pythonic dependency injection library.,,utilities,https://github.com/google/pinject,11.0,https://github.com/google/pinject,Apache-2.0,2013-06-20 23:46:50.000,2025-04-22 14:58:01.367,87.0,28.0,1348.0,19,False,14.0,,pinject,conda-forge/pinject,,https://pypi.org/project/pinject,2021-12-15 14:38:46.326,2021-12-15 14:38:46.326,0.10.1,14.0,14.0,122729.0,122896.0,https://anaconda.org/conda-forge/pinject,2025-04-22 14:58:01.367,9726.0,,,,,3.0,,,,,,,,,,,,,,
330,awesome-slugify,voronind/awesome-slugify,Python flexible slugify function.,,text,https://github.com/voronind/awesome-slugify,11.0,https://github.com/voronind/awesome-slugify,GPL-3.0,2013-10-19 02:58:27.000,2025-04-22 14:56:21.449,45.0,18.0,483.0,19,False,3636.0,3513.0,awesome-slugify,conda-forge/awesome-slugify,,https://pypi.org/project/awesome-slugify,2015-06-05 06:31:13.000,2015-06-05 06:31:13.000,1.6.5,26.0,123.0,56919.0,58921.0,https://anaconda.org/conda-forge/awesome-slugify,2025-04-22 14:56:21.449,246301.0,,,,,3.0,,,,,,,,,,,,,,
331,StaticFrame,InvestmentSystems/static-frame,Immutable and statically-typeable DataFrames with runtime type and data validation.,,data-containers,https://github.com/static-frame/static-frame,30.0,,MIT,2020-05-13 01:20:02.990,2026-07-07 15:09:19.290,38.0,,481.0,19,True,38.0,32.0,static-frame,conda-forge/static-frame,,https://pypi.org/project/static-frame,2026-07-07 05:03:39.000,2026-07-07 05:03:39.000,5.0.0,243.0,6.0,12120.0,20731.0,https://anaconda.org/conda-forge/static-frame,2026-07-07 15:09:19.290,637222.0,,,,,3.0,,,,,,,,,,,,,,
332,Upgini,upgini/upgini,Data search & enrichment library for Machine Learning Easily find and add relevant features to your ML & AI pipeline..,,data-loading,https://github.com/upgini/upgini,14.0,https://github.com/upgini/upgini,BSD-3-Clause,2021-12-08 21:53:58.000,2026-07-30 11:34:30.000,26.0,1.0,355.0,19,True,11.0,11.0,upgini,,,https://pypi.org/project/upgini,2026-07-30 11:34:30.000,2026-07-30 11:34:30.000,1.2.161,1258.0,,12770.0,12770.0,,,,,,,,3.0,,,,,,,,,,,,,,
333,dbnd,databand-ai/dbnd,DBND is an agile pipeline framework that helps data engineering teams track and orchestrate their data processes.,,data-pipelines,https://github.com/databand-ai/dbnd,93.0,https://github.com/databand-ai/dbnd,Apache-2.0,2020-01-02 10:42:47.000,2026-03-05 14:05:40.000,33.0,26.0,269.0,19,True,69.0,42.0,dbnd,,,https://pypi.org/project/dbnd,2026-03-05 14:05:40.000,2022-09-07 10:31:33.181,0.90.10,573.0,27.0,31242.0,31242.0,,,,,,,,3.0,,,,,,,,,,,,,,
334,Queries,gmr/queries,PostgreSQL database access simplified.,,db-clients,https://github.com/gmr/queries,12.0,https://github.com/gmr/queries,BSD-3-Clause,2012-08-24 16:12:55.000,2021-11-16 15:05:15.000,34.0,6.0,259.0,19,False,154.0,151.0,queries,,,https://pypi.org/project/queries,2021-11-16 15:05:08.000,2021-11-16 15:05:08.000,2.1.1,30.0,3.0,268381.0,268381.0,,,,,,,,3.0,,,,,,,,,,,,,,
335,cloudant,cloudant/python-cloudant,A Python library for Cloudant and CouchDB.,,db-clients,https://github.com/cloudant/python-cloudant,33.0,https://github.com/cloudant/python-cloudant,Apache-2.0,2015-08-28 16:22:49.000,2026-04-29 15:40:52.997,55.0,,163.0,19,True,34.0,,cloudant,conda-forge/cloudant,,https://pypi.org/project/cloudant,2021-08-26 11:14:04.000,2021-08-26 11:14:04.000,2.15.0,47.0,34.0,264323.0,271206.0,https://anaconda.org/conda-forge/cloudant,2026-04-29 15:40:52.997,426758.0,,,,,3.0,,,,,,,,,,,,,,
336,grumpy,google/grumpy,Grumpy is a Python to Go source code transcompiler and runtime.,,python-implementations,https://github.com/google/grumpy,30.0,https://github.com/google/grumpy,Apache-2.0,2016-12-21 17:49:01.000,2022-01-18 09:01:43.000,633.0,80.0,10497.0,18,False,25.0,24.0,grumpy-tools,,,https://pypi.org/project/grumpy-tools,2018-07-24 16:42:00.000,2018-07-24 16:42:00.000,0.3.0,9.0,1.0,50.0,50.0,,,,,,,,2.0,,,,,,,,,,,,,,
337,storm,emre/storm,Manage your SSH like a boss.,,infrastructure,https://github.com/emre/storm,30.0,https://github.com/emre/storm,MIT,2013-05-20 18:30:39.000,2026-07-02 18:09:18.000,147.0,22.0,3271.0,18,True,4.0,,storm,,,https://pypi.org/project/storm,2026-07-02 18:09:18.000,2009-11-30 08:37:12.000,0.16.0,20.0,4.0,2951.0,2951.0,,,,,,,,3.0,,,,,,,,,,,,,,
338,psycopg3,psycopg/psycopg,New generation PostgreSQL database adapter for the Python programming language.,,db-clients,https://github.com/psycopg/psycopg,102.0,https://github.com/psycopg/psycopg,LGPL-3.0,2020-03-15 04:15:53.000,2026-05-01 20:44:31.000,242.0,48.0,2374.0,18,True,,,,,,,,,,,,,,,,,,,,,3.0,,,,,,,,,,,,,,
339,excalibur,camelot-dev/excalibur,A web interface to extract tabular data from PDFs.,,data-loading,https://github.com/camelot-dev/excalibur,15.0,https://github.com/camelot-dev/excalibur,MIT,2018-10-20 11:34:49.000,2025-01-03 15:51:25.000,240.0,119.0,1679.0,18,False,94.0,94.0,excalibur-py,,,https://pypi.org/project/excalibur-py,2025-01-03 15:51:25.000,2025-01-03 15:51:25.000,1.0.1,12.0,,682.0,682.0,,,,,,,,3.0,,,,,,,,,,,,,,
340,PugSQL,mcfunley/pugsql,A HugSQL-inspired database library for Python.,,db-clients,https://github.com/mcfunley/pugsql,14.0,https://github.com/mcfunley/pugsql,Apache-2.0,2019-05-19 16:55:38.000,2025-12-04 18:38:50.000,27.0,26.0,759.0,18,True,87.0,84.0,pugsql,,,https://pypi.org/project/pugsql,2025-12-04 18:38:43.000,2025-12-04 18:38:43.000,0.3.7,33.0,3.0,28252.0,28252.0,,,,,,,,3.0,,,,,,,,,,,,,,
341,cachier,shaypal5/cachier,"Persistent, stale-free, local and cross-machine caching for Python functions.",,caching,https://github.com/python-cachier/cachier,28.0,,,,2026-03-26 09:47:43.000,73.0,,657.0,18,False,662.0,604.0,cachier,,,https://pypi.org/project/cachier,2026-03-26 09:47:43.000,2026-03-26 09:47:43.000,4.2.0,69.0,58.0,148294.0,148294.0,,,,,,,,3.0,,,,,,,,,,,,,,
342,pypyr,pypyr/pypyr,"pypyr task-runner cli & api for automation pipelines. Automate anything by combining commands, different scripts in..",,infrastructure,https://github.com/pypyr/pypyr,8.0,https://github.com/pypyr/pypyr,Apache-2.0,2017-03-24 11:26:15.000,2025-04-22 14:58:08.234,28.0,16.0,640.0,18,False,150.0,139.0,pypyr,conda-forge/pypyr,,https://pypi.org/project/pypyr,2023-09-22 03:14:38.000,2023-09-22 03:14:38.000,5.9.1,85.0,11.0,35174.0,35900.0,https://anaconda.org/conda-forge/pypyr,2025-04-22 14:58:08.234,39226.0,,,,,3.0,,,,,,,,,,,,,,
343,datatest,shawnbrown/datatest,Tools for test driven data-wrangling and data validation.,,data-loading,https://github.com/shawnbrown/datatest,7.0,https://github.com/shawnbrown/datatest,Apache-2.0,2016-05-12 13:16:27.000,2021-12-05 17:44:33.000,15.0,14.0,286.0,18,False,213.0,204.0,datatest,,,https://pypi.org/project/datatest,2021-01-04 03:39:40.000,2021-01-04 03:39:40.000,0.11.1,17.0,9.0,22292.0,22292.0,,,,,,,,3.0,,,,,,,,,,,,,,
344,valideer,podio/valideer,Lightweight data validation and adaptation Python library.,,data-validation,https://github.com/podio/valideer,11.0,https://github.com/podio/valideer,MIT,2012-07-25 12:33:39.000,2025-04-22 14:56:21.736,27.0,9.0,263.0,18,False,83.0,80.0,valideer,conda-forge/valideer,,https://pypi.org/project/valideer,2015-12-20 08:56:50.000,2015-12-20 08:56:50.000,0.4.2,8.0,3.0,7474.0,8338.0,https://anaconda.org/conda-forge/valideer,2025-04-22 14:56:21.736,106357.0,,,,,3.0,,,,,,,,,,,,,,
345,pysparkling,svenkreiss/pysparkling,A pure Python implementation of Apache Sparks RDD and DStream interfaces.,,data-pipelines,https://github.com/svenkreiss/pysparkling,10.0,https://github.com/svenkreiss/pysparkling,MIT,2015-05-09 19:23:20.000,2025-04-22 14:57:49.185,48.0,9.0,255.0,18,False,250.0,248.0,pysparkling,conda-forge/pysparkling,,https://pypi.org/project/pysparkling,2022-11-13 18:45:00.900,2022-11-13 18:45:00.900,0.6.2,69.0,2.0,7285.0,7383.0,https://anaconda.org/conda-forge/pysparkling,2025-04-22 14:57:49.185,6300.0,,,,,3.0,,,,,,,,,,,,,,
346,Click Extra,kdeldycke/click-extra,Drop-in replacement for Click to make user-friendly and colorful CLI.,,cli-helpers,https://github.com/kdeldycke/click-extra,15.0,https://github.com/kdeldycke/click-extra,GPL-2.0,2021-10-18 08:02:27.000,2026-07-29 21:08:29.000,10.0,11.0,121.0,18,True,183.0,133.0,click-extra,,,https://pypi.org/project/click-extra,2026-07-29 21:08:06.000,2026-07-29 21:08:06.000,8.6.3,150.0,50.0,118712.0,118712.0,,,,,,,,3.0,,,,,,,,,,,,,,
347,stopit,glenfant/stopit,"Raise asynchronous exceptions in other thread, control the timeout of blocks or callables with a context manager or a..",,async,https://github.com/glenfant/stopit,7.0,https://github.com/glenfant/stopit,GPL-3.0,2014-02-09 15:40:01.000,2026-02-09 23:38:04.785,8.0,1.0,35.0,18,False,3424.0,3326.0,stopit,conda-forge/stopit,,https://pypi.org/project/stopit,2018-02-09 00:32:14.000,2018-02-09 00:32:14.000,1.1.2,4.0,98.0,218403.0,429643.0,https://anaconda.org/conda-forge/stopit,2026-02-09 23:38:04.785,4013569.0,,,,,3.0,,,,,,,,,,,,,,
348,borb,jorisschellekens/borb,"pText is a library for reading, creating and manipulating PDF files in python.",,data-loading,https://github.com/jorisschellekens/ptext-release,2.0,,,2021-08-27 00:50:09.718,2026-06-15 22:03:47.205,158.0,,3565.0,17,False,373.0,373.0,ptext-joris-schellekens,conda-forge/borb,,https://pypi.org/project/ptext-joris-schellekens,2021-07-20 11:34:32.000,2021-07-20 11:34:32.000,2.0.4,60.0,,,2359.0,https://anaconda.org/conda-forge/borb,2026-06-15 22:03:47.205,139221.0,,,,,3.0,,,,,,,,,,,,,,
349,Optimus,hi-primus/optimus,"Agile Data Preparation Workflows madeeasy with Pandas, Dask, cuDF, Dask-cuDF, Vaex and PySpark.",,data-pipelines,https://github.com/hi-primus/optimus,25.0,https://github.com/hi-primus/optimus,Apache-2.0,2017-07-13 02:31:18.000,2024-12-02 14:09:25.000,232.0,30.0,1540.0,17,False,,,optimuspyspark,,,https://pypi.org/project/optimuspyspark,2020-07-19 03:22:09.765,2020-07-19 03:22:09.765,2.2.32,85.0,,1505.0,1505.0,,,,,,,,3.0,['spark'],,,,,,,,,,,,,
350,streamparse,Parsely/streamparse,streamparse lets you run Python code against real-time streams of data. Integrates with Apache Storm.,,data-pipelines,https://github.com/Parsely/streamparse,47.0,,Apache-2.0,,2024-08-09 15:17:04.000,217.0,,1492.0,17,False,78.0,76.0,streamparse,,,https://pypi.org/project/streamparse,2024-08-09 15:17:04.000,2024-08-09 15:17:04.000,5.0.1,53.0,2.0,586.0,586.0,,,,,,,,3.0,,,,,,,,,,,,,,
351,rows,turicas/rows,"A common, beautiful interface to tabular data, no matter the format.",,data-loading,https://github.com/turicas/rows,32.0,https://github.com/turicas/rows,LGPL-3.0,2014-05-07 05:43:11.000,2026-03-11 15:50:43.000,136.0,161.0,886.0,17,True,188.0,182.0,rows,,,https://pypi.org/project/rows,2021-12-15 14:50:33.964,2021-12-15 14:50:33.964,0.0.0,10.0,6.0,2711.0,2711.0,,,,,,,,3.0,,,,,,,,,,,,,,
352,pdpipe,pdpipe/pdpipe,Easy pipelines for pandas DataFrames.,,data-pipelines,https://github.com/pdpipe/pdpipe,14.0,https://github.com/pdpipe/pdpipe,MIT,2017-01-24 20:37:22.000,2026-03-06 22:38:46.450,46.0,11.0,725.0,17,True,81.0,67.0,pdpipe,conda-forge/pdpipe,,https://pypi.org/project/pdpipe,2026-03-06 20:18:03.000,2025-07-01 13:09:01.000,1.1.0,89.0,14.0,1454.0,2393.0,https://anaconda.org/conda-forge/pdpipe,2026-03-06 22:38:46.450,63862.0,,,,,3.0,['pandas'],,,,,,,,,,,,,
353,Pandas Summary,polyaxon/datatile,An extension to pandas describe function.,,data-containers,https://github.com/mouradmourafiq/pandas-summary,100.0,,MIT,,2021-11-25 22:52:42.000,47.0,,531.0,17,False,21.0,,pandas-summary,,,https://pypi.org/project/pandas-summary,2021-11-25 22:52:42.000,2021-11-25 22:52:42.000,0.2.0,10.0,21.0,111735.0,111735.0,,,,,,,,3.0,['pandas'],,,,,,,,,,,,,
354,PyMODM,mongodb/pymodm,"A Pythonic, object-oriented interface for working with MongoDB.",,db-clients,https://github.com/mongodb/pymodm,18.0,https://github.com/mongodb/pymodm,Apache-2.0,2016-03-30 16:24:59.000,2025-04-22 14:57:21.446,64.0,2.0,351.0,17,False,10.0,,pymodm,conda-forge/pymodm,,https://pypi.org/project/pymodm,2020-04-30 18:54:55.036,2020-04-30 18:54:55.036,0.4.3,8.0,10.0,10297.0,10404.0,https://anaconda.org/conda-forge/pymodm,2025-04-22 14:57:21.446,8295.0,,,,,3.0,,,,,,,,,,,,,,
355,fletcher,xhochy/fletcher,Pandas ExtensionDType/Array backed by Apache Arrow.,,data-containers,https://github.com/xhochy/fletcher,24.0,https://github.com/xhochy/fletcher,MIT,2018-03-04 16:44:22.000,2025-04-22 14:56:52.754,33.0,,228.0,17,False,13.0,11.0,fletcher,conda-forge/fletcher,,https://pypi.org/project/fletcher,2021-01-17 20:11:01.000,2021-01-17 20:11:01.000,0.7.2,16.0,2.0,298.0,1320.0,https://anaconda.org/conda-forge/fletcher,2025-04-22 14:56:52.754,98198.0,,,,,3.0,['pandas'],,,,,,,,,,,,,
356,BatchFlow,analysiscenter/batchflow,BatchFlow helps you conveniently work with random or sequential batches of your data and define data processing and..,,data-pipelines,https://github.com/analysiscenter/batchflow,40.0,https://github.com/analysiscenter/batchflow,Apache-2.0,2017-03-13 14:22:53.000,2026-04-16 14:26:46.000,45.0,33.0,205.0,17,True,15.0,15.0,batchflow,,,https://pypi.org/project/batchflow,2026-04-16 14:26:38.000,2026-04-16 14:26:38.000,0.10.1,26.0,,401.0,401.0,,,,,,,,3.0,,,,,,,,,,,,,,
357,everett,willkg/everett,configuration library for python projects.,,configuration,https://github.com/willkg/everett,9.0,https://github.com/willkg/everett,MPL-2.0,2016-08-01 19:20:54.000,2025-10-15 12:34:36.000,14.0,4.0,148.0,17,True,22.0,,everett,conda-forge/everett,,https://pypi.org/project/everett,2025-10-15 12:34:11.000,2025-10-15 12:34:11.000,3.5.0,22.0,22.0,704284.0,705969.0,https://anaconda.org/conda-forge/everett,2025-04-22 14:57:11.114,116323.0,,,,,3.0,,,,,,,,,,,,,,
358,millify,azaitsev/millify,Convert long numbers into a human-readable format in Python.,,text,https://github.com/azaitsev/millify,1.0,https://github.com/azaitsev/millify,MIT,2018-01-15 01:27:12.000,2022-04-19 08:41:41.000,14.0,12.0,106.0,17,False,1662.0,1647.0,millify,,,https://pypi.org/project/millify,2018-01-15 02:19:08.000,2018-01-15 02:19:08.000,0.1.1,1.0,15.0,80395.0,80395.0,,,,,,,,3.0,,,,,,,,,,,,,,
359,dpark,douban/dpark,"Python clone of Spark, a MapReduce alike framework in Python.",,data-pipelines,https://github.com/douban/dpark,36.0,https://github.com/douban/dpark,BSD-3-Clause,2012-04-11 08:35:06.000,2020-12-25 10:36:06.000,530.0,1.0,2680.0,16,False,8.0,8.0,dpark,,,https://pypi.org/project/dpark,2018-07-27 04:11:36.000,2018-07-27 04:11:36.000,0.5.0,19.0,,56.0,56.0,,,,,,,,3.0,['spark'],,,,,,,,,,,,,
360,PyPattyrn,tylerlaberge/PyPattyrn,A simple library for implementing common design patterns.,,algorithms,https://github.com/tylerlaberge/PyPattyrn,4.0,https://github.com/tylerlaberge/PyPattyrn,MIT,2016-07-17 22:09:31.000,2024-05-26 00:24:11.000,149.0,,2270.0,16,False,71.0,57.0,pypattyrn,,,https://pypi.org/project/pypattyrn,2016-09-11 02:18:42.000,,,1.0,14.0,1075.0,1075.0,,,,,,,,3.0,,,,,,,,,,,,,,
361,riko,nerevu/riko,A Python stream processing engine modeled after Yahoo! Pipes.,,data-pipelines,https://github.com/nerevu/riko,20.0,https://github.com/nerevu/riko,MIT,2016-06-02 12:22:51.000,2026-07-27 06:05:45.000,75.0,23.0,1601.0,16,True,14.0,14.0,riko,,,https://pypi.org/project/riko,2021-12-28 23:04:04.000,2021-12-28 23:04:04.000,0.67.0,59.0,,138.0,138.0,,,,,,,,3.0,,,,,,,,,,,,,,
362,db.py,yhat/db.py,db.py is an easier way to interact with your databases.,,db-clients,https://github.com/yhat/db.py,24.0,https://github.com/yhat/db.py,BSD-2-Clause,2014-10-26 15:36:57.000,2021-08-02 12:32:38.000,111.0,33.0,1215.0,16,False,2.0,,db.py,,,https://pypi.org/project/db.py,2017-03-31 14:41:57.000,2017-03-31 14:41:57.000,0.5.3,35.0,2.0,3498.0,3498.0,,,,,,,,3.0,,,,,,,,,,,,,,
363,kale,kubeflow-kale/kale,Convert JupyterNotebooks to Kubeflow Pipelines deployments.,,data-pipelines,https://github.com/kubeflow/kale,28.0,,Apache-2.0,,2026-06-04 20:35:52.000,155.0,,690.0,16,True,,,kubeflow-kale,,,https://pypi.org/project/kubeflow-kale,2026-06-04 20:35:52.000,2026-06-04 20:35:52.000,2.1.1,23.0,,1826.0,1826.0,,,,,,,,3.0,['jupyter'],,,,,,,,,,,,,
364,macropy,lihaoyi/macropy,"Macros in Python: quasiquotes, case classes, LINQ and more!.",,others,https://github.com/lihaoyi/macropy,19.0,https://github.com/lihaoyi/macropy,MIT,2013-04-15 14:47:29.000,2018-05-11 23:17:05.000,139.0,16.0,2504.0,15,False,30.0,,macropy3,,,https://pypi.org/project/macropy3,2018-05-11 23:17:05.000,,,4.0,30.0,225.0,225.0,,,,,,,,3.0,,,,,,,,,,,,,,
365,wssh,aluzzardi/wssh,SSH to WebSockets Bridge.,,infrastructure,https://github.com/aluzzardi/wssh,9.0,https://github.com/aluzzardi/wssh,MIT,2012-07-24 05:26:41.000,2019-02-12 13:08:18.000,275.0,26.0,1297.0,15,False,13.0,13.0,wssh,,,https://pypi.org/project/wssh,2012-07-24 09:27:02.000,2012-07-24 09:27:02.000,0.1.0,1.0,,64.0,64.0,,,,,,,,3.0,,,,,,,,,,,,,,
366,Databolt Flow,d6t/d6tflow,Python library for building highly effective data science workflows.,,data-pipelines,https://github.com/d6t/d6tflow,16.0,https://github.com/d6t/d6tflow,MIT,2019-02-03 01:51:22.000,2024-02-20 02:03:46.000,77.0,11.0,951.0,15,False,32.0,32.0,d6tflow,,,https://pypi.org/project/d6tflow,2024-02-20 02:03:46.000,2024-02-20 02:03:46.000,0.2.8,25.0,,231.0,231.0,,,,,,,,3.0,,,,,,,,,,,,,,
367,mrq,pricingassistant/mrq,Mr. Queue - A distributed worker task queue in Python using Redis & gevent.,,data-pipelines,https://github.com/pricingassistant/mrq,40.0,https://github.com/pricingassistant/mrq,MIT,2014-02-13 09:32:40.000,2023-06-13 19:16:57.000,114.0,64.0,883.0,15,False,36.0,36.0,mrq,,,https://pypi.org/project/mrq,2018-08-31 16:03:04.000,2018-08-31 16:03:04.000,0.9.10,70.0,,48.0,48.0,,,,,,,,3.0,,,,,,,,,,,,,,
368,py2neo,py2neo-org/py2neo,Python client library and toolkit for Neo4j.,,db-clients,https://py2neo.org/,37.0,,Apache-2.0,2017-06-20 17:55:13.297,2025-04-22 14:56:37.891,,,,15,False,147.0,,py2neo,conda-forge/py2neo,,https://pypi.org/project/py2neo,2023-10-20 15:18:09.000,2023-10-20 15:18:09.000,2021.2.4,115.0,147.0,81456.0,83630.0,https://anaconda.org/conda-forge/py2neo,2025-04-22 14:56:37.891,237029.0,,,,,3.0,,,,,,,,,,,,,,
369,spark-deep-learning,databricks/spark-deep-learning,Deep Learning Pipelines for Apache Spark.,,data-pipelines,https://github.com/databricks/spark-deep-learning,17.0,https://github.com/databricks/spark-deep-learning,Apache-2.0,2017-05-31 17:30:28.000,2023-03-30 20:19:05.000,496.0,87.0,1996.0,14,False,57.0,57.0,,,,,,,,,,,,,,,,,,,3.0,['spark'],,,,,,,,,,,,,
370,lazydata,rstojnic/lazydata,Lazydata: Scalable data dependencies for Python projects.,,db-clients,https://github.com/rstojnic/lazydata,6.0,https://github.com/rstojnic/lazydata,Apache-2.0,2018-08-21 12:44:27.000,2019-02-13 18:15:09.000,24.0,10.0,622.0,14,False,11.0,11.0,lazydata,,,https://pypi.org/project/lazydata,2018-09-18 21:25:30.000,2018-09-18 21:25:30.000,1.0.19,19.0,,36.0,36.0,,,,,,,,3.0,,,,,,,,,,,,,,
371,validr,guyskk/validr,"A simple, fast, extensible python library for data validation.",,data-validation,https://github.com/guyskk/validr,7.0,https://github.com/guyskk/validr,MIT,2015-09-05 05:47:04.000,2024-07-09 17:38:26.000,12.0,8.0,222.0,14,False,6.0,,validr,,,https://pypi.org/project/validr,2023-12-13 20:40:33.000,2023-12-13 20:40:33.000,1.2.2,24.0,6.0,3042.0,3042.0,,,,,,,,3.0,,,,,,,,,,,,,,
372,gsheets-db-api,betodealmeida/gsheets-db-api,A Python DB-API and SQLAlchemy dialect to Google Spreasheets.,,db-clients,https://github.com/betodealmeida/gsheets-db-api,3.0,https://github.com/betodealmeida/gsheets-db-api,MIT,2018-09-10 22:07:02.000,2022-12-08 11:32:58.000,16.0,16.0,213.0,14,False,1.0,,gsheetsdb,,,https://pypi.org/project/gsheetsdb,2022-01-05 03:28:15.000,2021-02-17 21:00:28.000,0.1.13,15.0,1.0,11119.0,11119.0,,,,,,,,3.0,,,,,,,,,,,,,,
373,typical,seandstewart/typical,"Typical: Fast, simple, & correct data-validation using Python 3 typing.",,data-validation,https://github.com/seandstewart/typical,9.0,https://github.com/seandstewart/typical,MIT,2019-03-15 01:24:36.000,2025-04-22 14:57:52.419,9.0,,184.0,14,False,7.0,,typical,conda-forge/typical,,https://pypi.org/project/typical,2024-09-09 15:55:59.000,2024-09-09 15:55:59.000,2.9.0,116.0,7.0,692.0,1937.0,https://anaconda.org/conda-forge/typical,2025-04-22 14:57:52.419,77235.0,,,,,3.0,,,,,,,,,,,,,,
374,cleverdict,PFython/cleverdict,A JSON-friendly data structure which allows both object attributes and dictionary keys and values to be used..,,data-structures,https://github.com/PFython/cleverdict,7.0,https://github.com/PFython/cleverdict,MIT,2020-06-20 05:07:58.000,2022-05-14 19:19:05.000,9.0,13.0,91.0,14,False,53.0,48.0,cleverdict,,,https://pypi.org/project/cleverdict,2022-02-15 06:59:08.000,2022-02-15 06:59:08.000,1.9.2,28.0,5.0,811.0,811.0,,,,,,,,3.0,,,,,,,,,,,,,,
375,pdfmux,NameetP/pdfmux,"PDF extraction that audits its own output and certifies any other extractors, catching pages they silently dropped...",,data-loading,https://github.com/NameetP/pdfmux,6.0,https://github.com/NameetP/pdfmux,MIT,2026-03-03 19:34:01.060,2026-07-27 17:39:52.000,12.0,11.0,77.0,14,False,5.0,,pdfmux,,,https://pypi.org/project/pdfmux,2026-07-27 17:39:22.000,2026-07-27 17:39:22.000,1.8.7,26.0,5.0,3430.0,3430.0,,,,,,,,3.0,"['python', 'pdf', 'markdown']",,,,,,,,,,,,,
376,daffy,vertti/daffy,"Lightweight DataFrame validation decorators for Pandas, Polars, Modin, and PyArrow. No custom types required.",,data-containers,https://github.com/vertti/daffy,9.0,https://github.com/vertti/daffy,MIT,2021-01-31 09:27:29.000,2026-03-02 13:09:45.000,5.0,3.0,54.0,14,False,6.0,6.0,daffy,,,https://pypi.org/project/daffy,2026-03-02 06:29:42.000,2026-03-02 06:29:42.000,2.8.0,55.0,,3457.0,3457.0,,,,,,,,3.0,['pandas'],,,,,,,,,,,,,
377,Mara Pipelines,mara/mara-pipelines,"A lightweight opinionated ETL framework, halfway between plain scripts and Apache Airflow.",,data-pipelines,https://github.com/mara/mara-pipelines,17.0,https://github.com/mara/mara-pipelines,MIT,2018-03-31 20:37:22.000,2023-12-15 16:14:47.000,102.0,26.0,2082.0,13,False,1.0,,mara-pipelines,,,https://pypi.org/project/mara-pipelines,2023-12-06 18:12:20.000,2023-12-06 18:12:20.000,3.5.0,8.0,1.0,69.0,69.0,,,,,,,,3.0,,,,,,,,,,,,,,
378,colout,nojhan/colout,Color text streams with a polished command line interface.,,cli-helpers,https://github.com/nojhan/colout,31.0,https://github.com/nojhan/colout,GPL-3.0,2012-03-31 10:39:00.000,2024-10-14 12:43:37.000,59.0,14.0,1164.0,13,False,9.0,9.0,colout,,,https://pypi.org/project/colout,2020-06-21 20:05:59.000,2020-06-21 20:05:59.000,0.12.0,6.0,,,,,,,,,,,3.0,,,,,,,,,,,,,,
379,Bounter,RaRe-Technologies/bounter,Counter for large datasets.,,data-containers,https://github.com/RaRe-Technologies/bounter,9.0,,MIT,,2022-11-20 08:18:00.871,46.0,,933.0,13,False,42.0,38.0,bounter,,,https://pypi.org/project/bounter,2022-11-20 08:18:00.871,2022-11-20 08:18:00.871,1.2.0,8.0,4.0,238.0,238.0,,,,,,,,3.0,,,,,,,,,,,,,,
380,csvs-to-sqlite,simonw/csvs-to-sqlite,Convert CSV files into a SQLite database.,,data-loading,https://github.com/simonw/csvs-to-sqlite,8.0,https://github.com/simonw/csvs-to-sqlite,Apache-2.0,2017-11-13 06:38:21.000,2025-04-10 17:01:58.000,70.0,41.0,898.0,13,False,2.0,,csvs-to-sqlite,,,https://pypi.org/project/csvs-to-sqlite,2025-04-10 17:01:58.000,2025-04-10 17:01:58.000,1.3.1,17.0,2.0,873.0,873.0,,,,,,,,3.0,,,,,,,,,,,,,,
381,Botflow,kkyon/botflow,"Python Fast Data driven programming framework for Data pipeline work( Web Crawler,Machine Learning,Quantitative..",,data-pipelines,https://github.com/kkyon/botflow,11.0,https://github.com/kkyon/botflow,BSD-3-Clause,2018-08-20 03:13:31.000,2018-09-14 14:38:32.000,51.0,,741.0,13,False,4.0,4.0,botflow,,,https://pypi.org/project/botflow,2018-09-14 14:38:32.000,2018-09-14 14:38:32.000,0.2.0,5.0,,55.0,55.0,,,,,,,,3.0,,,,,,,,,,,,,,
382,SuperSQLite,plasticityai/supersqlite,A supercharged SQLite library for Python.,,db-clients,https://github.com/plasticityai/supersqlite,2.0,https://github.com/plasticityai/supersqlite,MIT,2018-11-09 08:20:26.000,2020-05-09 09:06:06.000,24.0,8.0,719.0,13,False,16.0,13.0,supersqlite,,,https://pypi.org/project/supersqlite,2018-11-22 02:36:46.000,2018-11-22 02:36:46.000,0.0.78,57.0,3.0,35.0,35.0,,,,,,,,3.0,,,,,,,,,,,,,,
383,pyston,pyston/pyston,(No longer maintained) A faster and highly-compatible implementation of the Python programming language.,,python-implementations,https://github.com/pyston/pyston,1039.0,https://github.com/pyston/pyston,Apache-2.0,2021-03-01 22:38:24.000,2024-08-12 16:30:59.000,96.0,49.0,2505.0,12,False,,,,,,,,,,,,,,,,,,,,,3.0,,,,,,,,,,,,,,
384,Pipeless,pipeless-ai/pipeless,An open-source framework to create and deploy computer vision applications in minutes.,,computer-vision,https://github.com/pipeless-ai/pipeless,8.0,https://github.com/pipeless-ai/pipeless,Apache-2.0,2023-07-21 17:22:24.000,2024-05-08 10:13:19.000,52.0,17.0,851.0,12,False,2.0,,pipeless-ai,,,https://pypi.org/project/pipeless-ai,2023-11-02 12:42:21.000,2023-11-02 12:42:21.000,0.1.19,20.0,2.0,36.0,36.0,,,,,,,,1.0,,,,,,,,,,,,,,
385,PandaPy,firmai/pandapy,PandaPy has the speed of NumPy and the usability of Pandas 10x to 50x faster (by @firmai).,,data-containers,https://github.com/firmai/pandapy,3.0,https://github.com/firmai/pandapy,MIT,2020-01-15 18:21:23.000,2021-10-20 11:36:04.000,56.0,2.0,489.0,12,False,9.0,9.0,pandapy,,,https://pypi.org/project/pandapy,2020-01-25 23:10:32.000,,,22.0,,25.0,25.0,,,,,,,,3.0,['pandas'],,,,,,,,,,,,,
386,bodywork-core,bodywork-ml/bodywork-core,ML pipeline orchestration and model deployments on Kubernetes.,,data-pipelines,https://github.com/bodywork-ml/bodywork-core,4.0,https://github.com/bodywork-ml/bodywork-core,AGPL-3.0,2020-11-17 11:38:17.000,2023-08-18 06:42:48.000,22.0,21.0,434.0,12,False,,,bodywork,,,https://pypi.org/project/bodywork,2022-07-04 09:43:53.000,2022-07-04 09:43:53.000,3.0.12,62.0,,315.0,315.0,,,,,,,,3.0,,,,,,,,,,,,,,
387,Squirrel,merantix-momentum/squirrel-core,"A Python library that enables ML teams to share, load, and transform data in a collaborative, flexible, and efficient..",,data-loading,https://github.com/merantix-momentum/squirrel-core,17.0,https://github.com/merantix-momentum/squirrel-core,Apache-2.0,2022-02-11 08:15:36.000,2025-01-23 12:07:28.000,8.0,3.0,283.0,12,False,1.0,,squirrel-core,squirrel-core,,https://pypi.org/project/squirrel-core,2025-01-23 12:07:28.000,2024-10-07 11:53:56.000,0.20.2,118.0,,295.0,295.0,https://anaconda.org/anaconda/squirrel-core,2022-11-18 08:24:02.000,,,,,,3.0,,,,,,,,,1.0,,,,,
388,Grai,grai-io/grai-core,"Platform to programmatically manage, test, and debug data infrastructure.",,infrastructure,https://github.com/grai-io/grai-core,15.0,https://github.com/grai-io/grai-core,MIT-0,2022-06-09 16:16:22.000,2026-01-30 20:28:25.000,20.0,51.0,314.0,11,False,,,the-guide,,,https://pypi.org/project/the-guide,2023-08-11 19:02:53.000,2023-08-11 19:02:53.000,0.1.36,1.0,,13.0,13.0,,,,,,,,3.0,,,,,,,,,,,,,,
389,datajob,vincentclaes/datajob,Build and deploy a serverless data pipeline on AWS with no effort.,,data-pipelines,https://github.com/vincentclaes/datajob,7.0,https://github.com/vincentclaes/datajob,Apache-2.0,2020-10-22 19:07:31.000,2022-12-09 09:29:43.000,18.0,18.0,101.0,11,False,3.0,3.0,datajob,,,https://pypi.org/project/datajob,2022-11-22 19:10:35.164,2022-11-22 19:10:35.164,0.11.0,13.0,,89.0,89.0,,,,,,,,3.0,,,,,,,,,,,,,,
390,onecite,HzaCode/OneCite,"An intelligent toolkit to automatically parse, complete, and format academic references.",,cli-helpers,https://github.com/HzaCode/OneCite,2.0,https://github.com/HzaCode/OneCite,MIT,2025-08-13 02:58:01.497,2026-04-17 16:14:17.000,8.0,1.0,56.0,11,False,,,onecite,,,https://pypi.org/project/onecite,2026-04-17 16:14:17.000,2026-04-17 16:14:17.000,0.1.1,13.0,,157.0,157.0,,,,,,,,3.0,,,,,,,,,,,,,,
391,RasgoQL,rasgointelligence/RasgoQL,"Write python locally, execute SQL in your data warehouse.",,data-pipelines,https://github.com/rasgointelligence/RasgoQL,10.0,https://github.com/rasgointelligence/RasgoQL,AGPL-3.0,2022-01-23 01:39:32.000,2022-07-05 16:55:25.000,12.0,6.0,268.0,10,False,,,rasgoql,,,https://pypi.org/project/rasgoql,2022-07-05 16:55:25.000,2022-07-05 16:55:25.000,1.6.4,33.0,,56.0,56.0,,,,,,,,3.0,,,,,,,,,,,,,,
392,stackless,stackless-dev/stackless,The Stackless Python programming language.,,python-implementations,https://github.com/stackless-dev/stackless,1002.0,https://github.com/stackless-dev/stackless,,2017-09-05 14:36:10.000,2020-01-22 20:30:14.000,43.0,10.0,617.0,9,False,,,,,,,,,,,,,,,,,,,,,3.0,,,,,,,,,,,,,,
393,dataklasses,dabeaz/dataklasses,A different spin on dataclasses.,,data-validation,https://github.com/dabeaz/dataklasses,3.0,https://github.com/dabeaz/dataklasses,,2021-12-19 23:40:48.000,2022-01-07 12:58:17.000,28.0,1.0,739.0,7,False,,,,,,,,,,,,,,,,,,,,,3.0,,,,,,,,,,,,,,
394,cl-python,metawilm/cl-python,An implementation of Python in Common Lisp.,,python-implementations,https://github.com/metawilm/cl-python,12.0,https://github.com/metawilm/cl-python,,2009-05-14 18:00:17.000,2017-11-08 09:37:08.000,25.0,3.0,242.0,7,False,,,,,,,,,,,,,,,,,,,,,3.0,,,,,,,,,,,,,,
395,Wayback-Archive,GeiserX/Wayback-Archive,Download complete websites from the Wayback Machine with full asset preservation for offline viewing.,,data-loading,https://github.com/GeiserX/Wayback-Archive,3.0,https://github.com/GeiserX/Wayback-Archive,GPL-3.0,2026-04-06 19:01:39.399,2026-05-04 08:35:54.000,3.0,,8.0,5,False,,,,,,,,,,,,,,,,,,,,,3.0,,,,,,,,,,,,,,
