,name,github_id,description,resource,category,homepage,contributor_count,github_url,license,created_at,updated_at,fork_count,open_issue_count,star_count,projectrank,show,dependent_project_count,github_dependent_project_count,pypi_id,conda_id,labels,pypi_url,pypi_latest_release_published_at,latest_stable_release_published_at,latest_stable_release_number,release_count,pypi_dependent_project_count,pypi_monthly_downloads,monthly_downloads,conda_url,conda_latest_release_published_at,conda_total_downloads,projectrank_placing,npm_id,npm_url,npm_latest_release_published_at,npm_dependent_project_count,npm_monthly_downloads,dockerhub_id,helm_id,dockerhub_url,dockerhub_latest_release_published_at,dockerhub_stars,dockerhub_pulls,trending,conda_dependent_project_count,brew_id,docs_url,gitlab_id,gitlab_url,closed_issue_count
0,best-of-ml-python - Computer Vision,ml-tooling/best-of-ml-python,Collection of computer vision and image processing libraries.,True,computer-vision,https://github.com/ml-tooling/best-of-ml-python,57.0,https://github.com/ml-tooling/best-of-ml-python,CC-BY-SA-4.0,2020-11-29 19:41:36.000,2024-10-03 18:53:57.000,2360.0,27.0,16330.0,0,True,,,,,,,,,,,,,,,,,,,,,,,,,,,,,,,,,,,
1,best-of-web-python - Web UI,ml-tooling/best-of-web-python,Collection of libraries to implement web-based UIs.,True,gui-dev,https://github.com/ml-tooling/best-of-web-python,17.0,https://github.com/ml-tooling/best-of-web-python,CC-BY-SA-4.0,2021-01-05 13:09:27.000,2025-10-09 17:36:28.000,192.0,3.0,2617.0,0,True,,,,,,,,,,,,,,,,,,,,,,,,,,,,,,,,,,,
2,best-of-python-dev,ml-tooling/best-of-python-dev,A ranked list of awesome python developer tools and libraries. Updated weekly.,True,dev-utils,https://github.com/ml-tooling/best-of-python-dev,9.0,https://github.com/ml-tooling/best-of-python-dev,CC-BY-SA-4.0,2021-01-08 14:46:24.000,2025-10-09 16:30:15.000,53.0,4.0,1186.0,0,True,,,,,,,,,,,,,,,,,,,,,,,,,,,,,,,,,,,
3,best-of-web-python,ml-tooling/best-of-web-python,A ranked list of awesome python libraries for web development. Updated weekly.,True,web-dev,https://github.com/ml-tooling/best-of-web-python,17.0,https://github.com/ml-tooling/best-of-web-python,CC-BY-SA-4.0,2021-01-05 13:09:27.000,2025-10-09 17:36:28.000,192.0,3.0,2617.0,0,True,,,,,,,,,,,,,,,,,,,,,,,,,,,,,,,,,,,
4,best-of-ml-python,ml-tooling/best-of-ml-python,A ranked list of awesome machine learning Python libraries. Updated weekly.,True,machine-learning,https://github.com/ml-tooling/best-of-ml-python,57.0,https://github.com/ml-tooling/best-of-ml-python,CC-BY-SA-4.0,2020-11-29 19:41:36.000,2024-10-03 18:53:57.000,2360.0,27.0,16330.0,0,True,,,,,,,,,,,,,,,,,,,,,,,,,,,,,,,,,,,
5,python-patterns,faif/python-patterns,Collection of design patterns/idioms in Python.,True,algorithms,https://github.com/faif/python-patterns,151.0,https://github.com/faif/python-patterns,,2012-06-06 21:02:35.000,2026-03-13 17:04:16.000,7027.0,15.0,42722.0,0,True,24.0,24.0,,,,,,,,,,,,,,,,,,,,,,,,,,,,,,,,,
6,best-of-ml-python - NLP,ml-tooling/best-of-ml-python,Collection of text processing and NLP libraries.,True,text,https://github.com/ml-tooling/best-of-ml-python#text-data--nlp,57.0,https://github.com/ml-tooling/best-of-ml-python,CC-BY-SA-4.0,2020-11-29 19:41:36.000,2024-10-03 18:53:57.000,2360.0,27.0,16330.0,0,True,,,,,,,,,,,,,,,,,,,,,,,,,,,,,,,,,,,
7,pandas,pandas-dev/pandas,"Flexible and powerful data analysis / manipulation library for Python, providing labeled data structures similar to R..",,data-containers,https://github.com/pandas-dev/pandas,4292.0,https://github.com/pandas-dev/pandas,BSD-3-Clause,2010-08-24 01:37:33.000,2026-07-28 22:38:07.254,20152.0,2910.0,49291.0,40,True,2998100.0,2869661.0,pandas,conda-forge/pandas,['pandas'],https://pypi.org/project/pandas,2026-07-22 22:17:48.000,2026-07-22 22:17:48.000,3.0.5,140.0,128439.0,704951318.0,706275548.0,https://anaconda.org/conda-forge/pandas,2026-07-28 22:38:07.254,94020361.0,1.0,,,,,,,,,,,,,,,,,,
8,numpy,numpy/numpy,The fundamental package for scientific computing with Python.,,data-containers,https://github.com/numpy/numpy,2124.0,https://github.com/numpy/numpy,,2010-09-13 23:02:39.000,2026-09-03 04:57:23.971,12673.0,2341.0,32598.0,38,False,3895710.0,3688935.0,numpy,conda-forge/numpy,,https://pypi.org/project/numpy,2026-08-09 13:44:51.000,2026-08-09 13:44:51.000,2.5.2,195.0,206775.0,1059569302.0,1061606465.0,https://anaconda.org/conda-forge/numpy,2026-09-03 04:57:23.971,152787249.0,1.0,,,,,,,,,,,,,,,,,,
9,click,pallets/click,Python composable command line interface toolkit.,,cli-helpers,https://github.com/pallets/click,451.0,https://github.com/pallets/click,BSD-3-Clause,2014-04-24 09:52:19.000,2026-08-26 13:33:12.000,1952.0,86.0,17635.0,38,True,2474197.0,2399268.0,click,conda-forge/click,,https://pypi.org/project/click,2026-08-26 13:33:12.000,2026-08-26 13:33:12.000,8.5.0,65.0,74929.0,1047549131.0,1048682347.0,https://anaconda.org/conda-forge/click,2026-07-03 13:30:39.434,72525868.0,1.0,,,,,,,,,,,,,,,,,,
10,boto3,boto/boto3,"Boto3, an AWS SDK for Python.",,db-clients,https://github.com/boto/boto3,172.0,https://github.com/boto/boto3,Apache-2.0,2014-10-03 21:38:03.000,2026-09-03 10:52:57.215,1988.0,192.0,9893.0,38,True,636369.0,613467.0,boto3,conda-forge/boto3,,https://pypi.org/project/boto3,2026-09-02 19:23:12.000,2026-09-02 19:23:12.000,1.43.87,2111.0,22902.0,3061550585.0,3062023624.0,https://anaconda.org/conda-forge/boto3,2026-09-03 10:52:57.215,35951035.0,1.0,,,,,,,,,,,,,,,,,,
11,protobuf,protocolbuffers/protobuf,Protocol Buffers - Googles data interchange format.,,serialization,https://github.com/protocolbuffers/protobuf,1478.0,https://github.com/protocolbuffers/protobuf,BSD-3-Clause,2014-08-26 15:52:15.000,2026-09-03 04:36:15.000,16272.0,311.0,71958.0,37,True,16931.0,,protobuf,conda-forge/protobuf,,https://pypi.org/project/protobuf,2026-08-31 22:39:56.000,2026-08-31 22:39:56.000,7.36.1,226.0,13110.0,820341601.0,845739868.0,https://anaconda.org/conda-forge/protobuf,2026-06-13 13:38:31.120,35014034.0,1.0,google-protobuf,https://www.npmjs.com/package/google-protobuf,2026-02-24 10:57:24.592,3821.0,24937557.0,,,,,,,,,,,,,
12,SQLAlchemy,sqlalchemy/sqlalchemy,The Database Toolkit for Python.,,db-clients,https://github.com/sqlalchemy/sqlalchemy,864.0,https://github.com/sqlalchemy/sqlalchemy,MIT,2018-11-27 03:35:03.000,2026-09-02 17:56:07.000,1769.0,207.0,12128.0,37,True,1225893.0,1203494.0,SQLAlchemy,conda-forge/sqlalchemy,,https://pypi.org/project/SQLAlchemy,2026-08-31 22:16:38.000,2026-08-11 19:07:09.000,2.0.52,331.0,22399.0,397289701.0,397742765.0,https://anaconda.org/conda-forge/sqlalchemy,2026-08-12 11:56:54.623,31261439.0,1.0,,,,,,,,,,,,,,,,,,
13,Airflow,apache/airflow,"Platform to programmatically author, schedule, and monitor workflows.",,data-pipelines,https://github.com/apache/airflow,4580.0,https://github.com/apache/airflow,Apache-2.0,2015-04-13 18:04:58.000,2026-08-30 18:31:02.000,17703.0,1986.0,47284.0,36,True,20823.0,19850.0,apache-airflow,conda-forge/airflow,,https://pypi.org/project/apache-airflow,2026-08-12 08:10:18.000,2026-08-12 08:10:18.000,3.3.1,301.0,973.0,15946237.0,27927848.0,https://anaconda.org/conda-forge/airflow,2026-08-20 13:09:08.061,2152664.0,1.0,,,,,,apache/airflow,stable/airflow,https://hub.docker.com/r/apache/airflow,2026-08-12 09:30:20.846890,635.0,1637495392.0,,,,,,,
14,pydantic,samuelcolvin/pydantic,Data validation using Python type hints.,,data-validation,https://github.com/pydantic/pydantic,806.0,,MIT,2020-07-11 13:47:24.542,2026-08-28 18:21:31.501,2910.0,,28669.0,36,True,1155455.0,1053032.0,pydantic,conda-forge/pydantic,,https://pypi.org/project/pydantic,2026-08-28 14:03:59.000,2026-08-28 14:03:59.000,2.13.5,205.0,102423.0,1074229856.0,1074629479.0,https://anaconda.org/conda-forge/pydantic,2026-08-28 18:21:31.501,29572174.0,1.0,,,,,,,,,,,,,,,,,,
15,python-dotenv,theskumar/python-dotenv,Reads key-value pairs from a .env file and can set them as environment variables. It helps in developing applications..,,configuration,https://github.com/theskumar/python-dotenv,116.0,https://github.com/theskumar/python-dotenv,BSD-3-Clause,2014-09-06 05:35:17.000,2026-08-17 21:47:39.435,562.0,106.0,8845.0,36,True,1792752.0,1747501.0,python-dotenv,conda-forge/python-dotenv,,https://pypi.org/project/python-dotenv,2026-08-16 16:54:52.000,2026-08-16 16:54:52.000,1.2.3,51.0,45251.0,773899087.0,774103517.0,https://anaconda.org/conda-forge/python-dotenv,2026-08-17 21:47:39.435,15127853.0,1.0,,,,,,,,,,,,,,,,,,
16,botocore,boto/botocore,"The low-level, core functionality of boto3 and the AWS CLI.",,infrastructure,https://github.com/boto/botocore,223.0,https://github.com/boto/botocore,Apache-2.0,2012-11-13 13:25:36.000,2026-09-03 13:56:27.673,1172.0,194.0,1641.0,36,True,447583.0,442694.0,botocore,conda-forge/botocore,,https://pypi.org/project/botocore,2026-09-02 19:23:05.000,2026-09-02 19:23:05.000,1.43.87,2509.0,4889.0,1101585931.0,1102299686.0,https://anaconda.org/conda-forge/botocore,2026-09-03 13:56:27.673,49962886.0,1.0,,,,,,,,,,,,,,,,,,
17,ansible,ansible/ansible,Ansible is a radically simple IT automation platform that makes your applications and systems easier to deploy and..,,infrastructure,https://github.com/ansible/ansible,6949.0,https://github.com/ansible/ansible,GPL-3.0,2012-03-06 14:58:02.000,2026-08-31 16:28:46.000,24346.0,837.0,70515.0,35,True,43137.0,42537.0,ansible,conda-forge/ansible,,https://pypi.org/project/ansible,2026-08-14 18:27:27.000,2026-08-14 18:27:27.000,14.3.1,438.0,600.0,11172794.0,11199247.0,https://anaconda.org/conda-forge/ansible,2026-08-15 23:06:36.643,2010470.0,1.0,,,,,,,,,,,,,,,,,,
18,Celery,celery/celery,Asynchronous task queue/job queue based on distributed message passing.,,data-pipelines,https://github.com/celery/celery,1547.0,https://github.com/celery/celery,BSD-3-Clause,2009-04-24 11:31:24.000,2026-07-26 04:00:56.633,5082.0,789.0,28618.0,35,True,192456.0,189815.0,celery,conda-forge/celery,,https://pypi.org/project/celery,2026-03-26 12:14:49.000,2026-03-26 12:14:49.000,5.6.3,227.0,2641.0,53144754.0,53186152.0,https://anaconda.org/conda-forge/celery,2026-07-26 04:00:56.633,3104883.0,1.0,,,,,,,,,,,,,,,,,,
19,Datasets,huggingface/datasets,"The largest hub of ready-to-use datasets for AI models with fast, easy-to-use and efficient data manipulation tools.",,data-loading,https://github.com/huggingface/datasets,692.0,https://github.com/huggingface/datasets,Apache-2.0,2020-03-26 09:23:22.000,2026-07-29 15:15:36.086,3315.0,1175.0,21777.0,35,True,140671.0,133542.0,datasets,conda-forge/datasets,,https://pypi.org/project/datasets,2026-07-28 11:09:10.000,2026-07-28 11:09:10.000,5.0.1,119.0,7129.0,140062925.0,140113113.0,https://anaconda.org/conda-forge/datasets,2026-07-29 15:15:36.086,3463032.0,1.0,,,,,,,,,,,,,,,,,,
20,Faker,joke2k/faker,Faker is a Python package that generates fake data for you.,,data-loading,https://github.com/joke2k/faker,683.0,https://github.com/joke2k/faker,MIT,2012-11-12 23:00:09.000,2026-09-02 11:16:56.157,2112.0,30.0,19386.0,35,True,301984.0,298377.0,Faker,conda-forge/faker,,https://pypi.org/project/Faker,2026-09-01 19:19:45.000,2026-09-01 19:19:45.000,40.38.0,505.0,3607.0,76021868.0,76051343.0,https://anaconda.org/conda-forge/faker,2026-09-02 11:16:56.157,2210639.0,1.0,,,,,,,,,,,,,,,,,,
21,cryptography,pyca/cryptography,cryptography is a package designed to expose cryptographic primitives and recipes to Python developers.,,cryptography,https://github.com/pyca/cryptography,562.0,https://github.com/pyca/cryptography,,2013-08-07 02:23:38.000,2026-09-02 23:47:21.000,1819.0,34.0,7754.0,35,False,1016226.0,989068.0,cryptography,conda-forge/cryptography,,https://pypi.org/project/cryptography,2026-08-25 19:44:03.000,2026-08-25 19:44:03.000,50.0.1,160.0,27158.0,1362335059.0,1363472436.0,https://anaconda.org/conda-forge/cryptography,2026-09-02 14:05:35.737,84165900.0,1.0,,,,,,,,,,,,,,,,,,
22,docker,docker/docker-py,A Python library for the Docker Engine API.,,infrastructure,https://github.com/docker/docker-py,465.0,https://github.com/docker/docker-py,Apache-2.0,2013-05-23 16:15:07.000,2026-08-13 00:05:44.000,1727.0,565.0,7209.0,35,True,134074.0,128228.0,docker,conda-forge/docker-py,,https://pypi.org/project/docker,2026-07-09 14:53:45.000,2026-07-09 14:53:45.000,7.2.0,69.0,5846.0,181293169.0,181401170.0,https://anaconda.org/conda-forge/docker-py,2026-07-12 17:13:55.574,8100122.0,1.0,,,,,,,,,,,,,,,,,,
23,joblib,joblib/joblib,Computing with Python functions.,,data-pipelines,https://github.com/joblib/joblib,159.0,https://github.com/joblib/joblib,BSD-3-Clause,2010-05-07 06:48:26.000,2026-08-31 11:53:07.560,474.0,438.0,4388.0,35,True,756827.0,744572.0,joblib,conda-forge/joblib,,https://pypi.org/project/joblib,2026-08-31 09:39:02.000,2026-08-31 09:39:02.000,1.6.0,117.0,12255.0,209003576.0,209709085.0,https://anaconda.org/conda-forge/joblib,2026-08-31 11:53:07.560,52207679.0,1.0,,,,,,,,,,,,2.0,,,,,,
24,alembic,sqlalchemy/alembic,A database migrations tool for SQLAlchemy.,,db-clients,https://github.com/sqlalchemy/alembic,228.0,https://github.com/sqlalchemy/alembic,MIT,2018-11-27 03:02:53.000,2026-08-10 22:28:26.000,362.0,129.0,4313.0,35,True,355439.0,350817.0,alembic,conda-forge/alembic,,https://pypi.org/project/alembic,2026-08-08 16:32:03.000,2026-08-08 16:32:03.000,1.19.1,147.0,4622.0,213024771.0,213191878.0,https://anaconda.org/conda-forge/alembic,2026-08-09 08:51:51.723,12031762.0,1.0,,,,,,,,,,,,,,,,,,
25,Pygments,pygments/pygments,Pygments is a generic syntax highlighter written in Python.,,others,https://github.com/pygments/pygments,950.0,https://github.com/pygments/pygments,BSD-2-Clause,2019-08-31 15:46:03.000,2026-08-17 19:41:45.279,868.0,637.0,2205.0,35,True,1182171.0,1170315.0,pygments,conda-forge/pygments,,https://pypi.org/project/pygments,2026-08-17 08:02:44.000,2026-08-17 08:02:44.000,2.21.0,70.0,11856.0,1164839794.0,1165825739.0,https://anaconda.org/conda-forge/pygments,2026-08-17 19:41:45.279,70988068.0,1.0,,,,,,,,,,,,,,,,,,
26,cpython,python/cpython,The Python programming language.,,python-implementations,https://github.com/python/cpython,4024.0,https://github.com/python/cpython,MIT,2017-02-10 19:23:51.000,2026-09-01 07:53:03.000,35319.0,9613.0,75578.0,34,True,629909.0,629882.0,cpython,conda-forge/typing,,https://pypi.org/project/cpython,2020-07-22 03:00:52.000,2020-07-22 03:00:52.000,0.0.6,11.0,21.0,15.0,58834.0,https://anaconda.org/conda-forge/typing,2025-04-22 14:56:21.050,4470300.0,1.0,@buckpkg/python,https://www.npmjs.com/package/@buckpkg/python,2017-08-03 05:51:22.671,6.0,,,,,,,,,,,,,,
27,polars,pola-rs/polars,"Extremely fast Query Engine for DataFrames, written in Rust.",,data-containers,https://github.com/pola-rs/polars,761.0,https://github.com/pola-rs/polars,MIT,2020-05-13 19:45:33.000,2026-09-02 11:42:02.000,3073.0,2854.0,39583.0,34,True,44286.0,36340.0,polars,,,https://pypi.org/project/polars,2026-09-02 11:42:02.000,2026-08-26 07:07:44.000,1.44.1,457.0,7946.0,70006103.0,70006103.0,,,,1.0,,,,,,,,,,,,,,,,,,
28,flatbuffers,google/flatbuffers,FlatBuffers: Memory Efficient Serialization Library.,,serialization,https://github.com/google/flatbuffers,777.0,https://github.com/google/flatbuffers,Apache-2.0,2014-05-19 18:33:01.000,2026-08-11 19:49:45.000,3637.0,271.0,26414.0,34,True,205661.0,204664.0,flatbuffers,conda-forge/flatbuffers,,https://pypi.org/project/flatbuffers,2025-12-19 23:16:13.000,2025-12-19 23:16:13.000,25.12.19,38.0,705.0,90189556.0,125399202.0,https://anaconda.org/conda-forge/flatbuffers,2025-12-22 07:41:54.888,2438341.0,1.0,flatbuffers,https://www.npmjs.com/package/flatbuffers,2025-09-24 05:25:45.967,292.0,35174813.0,,,,,,,,,,,,,
29,orjson,ijl/orjson,"Fast, correct Python JSON library supporting dataclasses, datetimes, and numpy.",,serialization,https://github.com/ijl/orjson,24.0,https://github.com/ijl/orjson,Apache-2.0,2018-11-21 23:43:14.000,2026-08-16 00:07:57.614,320.0,,8202.0,34,True,232639.0,225372.0,orjson,conda-forge/orjson,,https://pypi.org/project/orjson,2026-08-14 16:12:00.000,2026-08-14 16:12:00.000,3.12.0,152.0,7267.0,221675891.0,221769161.0,https://anaconda.org/conda-forge/orjson,2026-08-16 00:07:57.614,7088539.0,1.0,,,,,,,,,,,,,,,,,,
30,google-cloud-storage,googleapis/google-cloud-python,Google Cloud Client Libraries for Python.,,db-clients,https://github.com/googleapis/google-cloud-python,1133.0,https://github.com/googleapis/google-cloud-python,Apache-2.0,2014-01-28 15:51:47.000,2026-09-02 16:51:27.000,1757.0,527.0,5379.0,34,True,5946.0,2616.0,google-cloud-storage,conda-forge/google-cloud-storage,,https://pypi.org/project/google-cloud-storage,2026-08-06 06:23:36.000,2026-08-06 06:23:36.000,3.13.1,124.0,3330.0,218833075.0,218937009.0,https://anaconda.org/conda-forge/google-cloud-storage,2026-08-06 15:41:55.341,7691143.0,1.0,,,,,,,,,,,,,,,,,,
31,cachetools,tkem/cachetools,Extensible memoizing collections and decorators.,,caching,https://github.com/tkem/cachetools,26.0,https://github.com/tkem/cachetools,MIT,2014-03-22 10:15:14.000,2026-09-01 11:33:08.000,205.0,2.0,2774.0,34,True,709117.0,703805.0,cachetools,conda-forge/cachetools,,https://pypi.org/project/cachetools,2026-08-31 19:02:52.000,2026-08-31 19:02:52.000,7.1.8,81.0,5312.0,297383298.0,297688047.0,https://anaconda.org/conda-forge/cachetools,2026-08-31 22:45:12.500,23160948.0,1.0,,,,,,,,,,,,,,,,,,
32,anyio,agronholm/anyio,High level asynchronous concurrency and networking framework that works on top of either Trio or asyncio.,,async,https://github.com/agronholm/anyio,98.0,https://github.com/agronholm/anyio,MIT,2018-08-19 21:07:18.000,2026-09-03 13:29:59.936,184.0,83.0,2405.0,34,True,679486.0,671408.0,anyio,conda-forge/anyio,,https://pypi.org/project/anyio,2026-09-02 21:46:35.000,2026-07-12 20:29:05.000,4.14.2,71.0,8078.0,1006997891.0,1007547098.0,https://anaconda.org/conda-forge/anyio,2026-09-03 13:29:59.936,41739801.0,1.0,,,,,,,,,,,,,,,,,,
33,wrapt,GrahamDumpleton/wrapt,"A Python module for decorators, wrappers and monkey patching.",,others,https://github.com/GrahamDumpleton/wrapt,40.0,https://github.com/GrahamDumpleton/wrapt,BSD-2-Clause,2013-05-29 10:22:45.000,2026-08-31 11:18:25.912,252.0,,2295.0,34,True,637593.0,634168.0,wrapt,conda-forge/wrapt,,https://pypi.org/project/wrapt,2026-08-30 04:39:07.000,2026-08-30 04:39:07.000,2.4.0,113.0,3425.0,468004088.0,468582927.0,https://anaconda.org/conda-forge/wrapt,2026-08-31 11:18:25.912,41097580.0,1.0,,,,,,,,,,,,,,,,,,
34,filesystem_spec,fsspec/filesystem_spec,A specification that python filesystems should adhere to.,,file-path-utils,https://github.com/fsspec/filesystem_spec,342.0,https://github.com/fsspec/filesystem_spec,BSD-3-Clause,2018-04-23 16:45:08.000,2026-07-30 19:42:11.000,466.0,351.0,1339.0,34,True,314501.0,310561.0,fsspec,conda-forge/fsspec,,https://pypi.org/project/fsspec,2026-07-28 16:34:49.000,2026-07-28 16:34:49.000,2026.7.0,101.0,3940.0,801817333.0,802327842.0,https://anaconda.org/conda-forge/fsspec,2026-07-29 11:41:12.123,38798756.0,1.0,,,,,,,,,,,,,,,,,,
35,pulumi,pulumi/pulumi,Pulumi - Infrastructure as Code in any programming language.,,infrastructure,https://github.com/pulumi/pulumi,4130.0,https://github.com/pulumi/pulumi,Apache-2.0,2016-10-31 21:02:47.000,2026-09-03 13:23:59.000,1421.0,2441.0,25640.0,33,True,12889.0,11369.0,pulumi,,,https://pypi.org/project/pulumi,2026-09-03 07:20:59.000,2026-09-02 17:07:27.091,3.261.0,5397.0,586.0,7468385.0,19446448.0,,,,2.0,@pulumi/pulumi,https://www.npmjs.com/package/@pulumi/pulumi,2026-09-03 10:05:13.153,934.0,11978063.0,,,,,,,,,,,,,
36,Typer,tiangolo/typer,"Typer, build great CLIs. Easy to code. Based on Python type hints.",,cli-helpers,https://github.com/fastapi/typer,107.0,,MIT,2020-06-26 01:31:29.764,2026-08-28 12:46:54.425,974.0,,19934.0,33,True,310813.0,276102.0,typer,conda-forge/typer,,https://pypi.org/project/typer,2026-08-28 10:26:53.000,2026-08-28 10:26:53.000,0.27.2,90.0,34711.0,332374198.0,332566134.0,https://anaconda.org/conda-forge/typer,2026-08-28 12:46:54.425,14395247.0,1.0,,,,,,,,,,,,,,,,,,
37,uvloop,MagicStack/uvloop,Ultra fast asyncio event loop.,,async,https://github.com/MagicStack/uvloop,79.0,https://github.com/MagicStack/uvloop,Apache-2.0,2015-11-08 04:14:54.000,2026-07-14 16:30:56.000,612.0,154.0,11879.0,33,True,232810.0,230858.0,uvloop,conda-forge/uvloop,,https://pypi.org/project/uvloop,2025-10-16 22:16:11.000,2025-10-16 22:16:11.000,0.22.1,84.0,1952.0,259263745.0,259332067.0,https://anaconda.org/conda-forge/uvloop,2025-11-07 00:03:03.823,4850916.0,2.0,,,,,,,,,,,,,,,,,,
38,rq,rq/rq,Simple job queues for Python.,,data-pipelines,https://github.com/rq/rq,358.0,https://github.com/rq/rq,BSD-3-Clause,2011-11-14 10:53:48.000,2026-09-01 06:00:16.092,1488.0,252.0,10675.0,33,True,22494.0,22055.0,rq,conda-forge/rq,,https://pypi.org/project/rq,2026-08-30 12:05:23.000,2026-08-30 12:05:23.000,2.12.0,98.0,439.0,15765720.0,15770527.0,https://anaconda.org/conda-forge/rq,2026-09-01 06:00:16.092,336544.0,1.0,,,,,,,,,,,,,,,,,,
39,paramiko,paramiko/paramiko,The leading native Python SSHv2 protocol library.,,infrastructure,https://github.com/paramiko/paramiko,189.0,https://github.com/paramiko/paramiko,LGPL-2.1,2009-02-02 03:41:08.000,2026-05-19 17:31:29.752,2074.0,1188.0,9819.0,33,True,130971.0,126358.0,paramiko,conda-forge/paramiko,,https://pypi.org/project/paramiko,2026-05-09 18:28:50.000,2026-05-09 18:28:50.000,5.0.0,151.0,4613.0,141495307.0,141627725.0,https://anaconda.org/conda-forge/paramiko,2026-05-19 17:31:29.752,9798991.0,2.0,,,,,,,,,,,,,,,,,,
40,Beam,apache/beam,"Unified programming model to define and execute data processing pipelines, including ETL, batch and stream processing.",,data-pipelines,https://github.com/apache/beam,1966.0,https://github.com/apache/beam,Apache-2.0,2016-02-02 08:00:06.000,2026-09-03 14:43:47.000,4643.0,3947.0,8659.0,33,True,10024.0,9831.0,apache-beam,conda-forge/apache-beam-with-aws,,https://pypi.org/project/apache-beam,2026-08-31 20:12:25.000,2026-07-08 06:21:11.000,2.75.0,175.0,193.0,4887787.0,4893749.0,https://anaconda.org/conda-forge/apache-beam-with-aws,2026-07-11 18:51:46.091,357757.0,1.0,,,,,,,,,,,,,,,,,,
41,tenacity,jd/tenacity,Retrying library for Python.,,utilities,https://github.com/jd/tenacity,116.0,https://github.com/jd/tenacity,Apache-2.0,2016-08-11 12:44:02.000,2026-03-23 17:21:20.000,322.0,34.0,8557.0,33,True,417362.0,411071.0,tenacity,conda-forge/tenacity,,https://pypi.org/project/tenacity,2026-02-07 10:45:32.000,2026-02-07 10:45:32.000,9.1.4,62.0,6291.0,431013251.0,431236819.0,https://anaconda.org/conda-forge/tenacity,2026-02-08 00:23:11.740,15873370.0,1.0,,,,,,,,,,,,,,,,,,
42,marshmallow,marshmallow-code/marshmallow,A lightweight library for converting complex objects to and from simple Python datatypes.,,serialization,https://github.com/marshmallow-code/marshmallow,229.0,https://github.com/marshmallow-code/marshmallow,MIT,2013-11-10 21:32:24.000,2026-08-09 08:52:03.734,719.0,141.0,7241.0,33,True,234840.0,231910.0,marshmallow,conda-forge/marshmallow,,https://pypi.org/project/marshmallow,2026-08-08 14:27:28.000,2026-08-08 14:27:28.000,4.3.1,201.0,2930.0,112935340.0,112995185.0,https://anaconda.org/conda-forge/marshmallow,2026-08-09 08:52:03.734,4488432.0,2.0,,,,,,,,,,,,,,,,,,
43,attrs,python-attrs/attrs,Python Classes Without Boilerplate.,,utilities,https://github.com/python-attrs/attrs,192.0,https://github.com/python-attrs/attrs,MIT,2015-01-27 15:01:01.000,2026-03-30 18:18:57.000,424.0,135.0,5757.0,33,True,1477813.0,1466723.0,attrs,conda-forge/attrs,,https://pypi.org/project/attrs,2026-03-19 14:22:23.000,2026-03-19 14:22:23.000,26.1.0,36.0,11090.0,880296391.0,881333626.0,https://anaconda.org/conda-forge/attrs,2026-03-19 15:56:59.596,75718225.0,1.0,,,,,,,,,,,,,,,,,,
44,azure-storage-blob,Azure/azure-sdk-for-python,This repository is for active development of the Azure SDK for Python. For consumers of the SDK we recommend visiting..,,db-clients,https://github.com/Azure/azure-sdk-for-python,1304.0,https://github.com/Azure/azure-sdk-for-python,MIT,2012-04-24 16:46:12.000,2026-09-03 06:44:24.000,3353.0,1130.0,5595.0,33,True,4814.0,2762.0,azure-storage-blob,conda-forge/azure-storage-blob,,https://pypi.org/project/azure-storage-blob,2026-08-27 19:12:56.000,2026-08-27 19:12:56.000,12.30.1,91.0,2052.0,125849321.0,125875935.0,https://anaconda.org/conda-forge/azure-storage-blob,2026-08-27 21:13:26.275,1996100.0,1.0,,,,,,,,,,,,,,,,,,
45,elasticsearch,elastic/elasticsearch-py,Official Python client for Elasticsearch.,,db-clients,https://github.com/elastic/elasticsearch-py,232.0,https://github.com/elastic/elasticsearch-py,Apache-2.0,2013-05-01 22:47:39.000,2026-08-26 17:24:08.326,1220.0,62.0,4385.0,33,True,68008.0,65736.0,elasticsearch,conda-forge/elasticsearch,,https://pypi.org/project/elasticsearch,2026-08-04 17:55:54.000,2026-08-04 17:55:54.000,9.5.0,173.0,2272.0,48018480.0,48044767.0,https://anaconda.org/conda-forge/elasticsearch,2026-08-26 17:24:08.326,1997866.0,1.0,,,,,,,,,,,,,,,,,,
46,more-itertools,more-itertools/more-itertools,"More routines for operating on iterables, beyond itertools.",,utilities,https://github.com/more-itertools/more-itertools,154.0,https://github.com/more-itertools/more-itertools,MIT,2012-04-26 05:15:14.000,2026-05-22 19:30:08.242,318.0,7.0,4066.0,33,True,303794.0,298842.0,more-itertools,conda-forge/more-itertools,,https://pypi.org/project/more-itertools,2026-05-22 14:14:28.000,2026-05-22 14:14:28.000,11.1.0,55.0,4952.0,296823771.0,297301919.0,https://anaconda.org/conda-forge/more-itertools,2026-05-22 19:30:08.242,35861151.0,1.0,,,,,,,,,,,,,,,,,,
47,PyYAML,yaml/pyyaml,Canonical source repository for PyYAML.,,file-formats,https://github.com/yaml/pyyaml,40.0,https://github.com/yaml/pyyaml,MIT,2011-11-03 05:09:49.000,2026-02-04 17:33:51.501,574.0,345.0,2865.0,33,True,1919295.0,1864610.0,pyyaml,conda-forge/pyyaml,,https://pypi.org/project/pyyaml,2025-09-25 21:31:46.000,2025-09-25 21:31:46.000,6.0.3,43.0,54685.0,1132965755.0,1134263956.0,https://anaconda.org/conda-forge/pyyaml,2026-02-04 17:33:51.501,93470513.0,1.0,,,,,,,,,,,,,,,,,,
48,chardet,chardet/chardet,Python character encoding detector.,,text,https://github.com/chardet/chardet,58.0,https://github.com/chardet/chardet,0BSD,2012-07-26 20:30:54.000,2026-08-23 23:21:51.000,306.0,1.0,2662.0,33,True,976314.0,968875.0,chardet,conda-forge/chardet,,https://pypi.org/project/chardet,2026-08-14 20:36:07.000,2026-08-14 20:36:07.000,7.6.0,31.0,7432.0,214112136.0,214593539.0,https://anaconda.org/conda-forge/chardet,2026-08-17 03:47:08.528,34654606.0,1.0,@pypi/chardet,https://www.npmjs.com/package/@pypi/chardet,2017-08-20 08:18:15.011,7.0,90.0,,,,,,,,,,,,,
49,pyparsing,pyparsing/pyparsing,Python library for creating PEG parsers.,,others,https://github.com/pyparsing/pyparsing,84.0,https://github.com/pyparsing/pyparsing,MIT,2017-05-14 18:07:01.000,2026-08-12 05:47:19.000,322.0,33.0,2482.0,33,True,1301596.0,1295253.0,pyparsing,conda-forge/pyparsing,,https://pypi.org/project/pyparsing,2026-01-21 03:57:55.000,2026-01-21 03:57:55.000,3.3.2,89.0,6343.0,391563992.0,392872744.0,https://anaconda.org/conda-forge/pyparsing,2026-01-21 14:00:18.207,77216409.0,1.0,,,,,,,,,,,,,,,,,,
50,h5py,h5py/h5py,HDF5 for Python -- The h5py package is a Pythonic interface to the HDF5 binary data format.,,data-containers,https://github.com/h5py/h5py,223.0,https://github.com/h5py/h5py,BSD-3-Clause,2012-09-21 00:40:02.000,2026-08-26 14:57:55.303,561.0,345.0,2243.0,33,True,373752.0,363160.0,h5py,conda-forge/h5py,,https://pypi.org/project/h5py,2026-03-06 13:47:35.000,2026-03-06 13:47:35.000,3.16.0,46.0,10592.0,36560355.0,36951918.0,https://anaconda.org/conda-forge/h5py,2026-08-26 14:57:55.303,29367270.0,1.0,,,,,,,,,,,,,,,,,,
51,s3transfer,boto/s3transfer,Amazon S3 Transfer Manager for Python.,,db-clients,https://github.com/boto/s3transfer,49.0,https://github.com/boto/s3transfer,Apache-2.0,2016-01-12 23:19:42.000,2026-07-30 20:53:14.000,155.0,71.0,238.0,33,True,387668.0,386733.0,s3transfer,conda-forge/s3transfer,,https://pypi.org/project/s3transfer,2026-07-22 19:30:43.000,2026-07-22 19:30:43.000,0.19.2,63.0,935.0,778739577.0,779182480.0,https://anaconda.org/conda-forge/s3transfer,2026-07-23 15:32:50.063,31446156.0,1.0,,,,,,,,,,,,,,,,,,
52,rich,Textualize/rich,Rich is a Python library for rich text and beautiful formatting in the terminal.,,cli-helpers,https://github.com/Textualize/rich,290.0,https://github.com/Textualize/rich,MIT,2019-11-10 15:28:09.000,2026-04-12 11:02:00.080,2156.0,325.0,56361.0,32,True,609039.0,565271.0,rich,conda-forge/rich,,https://pypi.org/project/rich,2026-04-12 08:24:02.000,2026-04-12 08:24:02.000,15.0.0,207.0,43768.0,,343734.0,https://anaconda.org/conda-forge/rich,2026-04-12 11:02:00.080,25436366.0,2.0,,,,,,,,,,,,-4.0,,,,,,
53,Prefect,PrefectHQ/prefect,Prefect is a workflow orchestration framework for building resilient data pipelines in Python.,,data-pipelines,https://github.com/PrefectHQ/prefect,748.0,https://github.com/PrefectHQ/prefect,Apache-2.0,2018-06-29 21:59:26.000,2026-09-03 08:22:37.000,2502.0,869.0,23769.0,32,True,9007.0,8441.0,prefect,conda-forge/prefect,,https://pypi.org/project/prefect,2026-09-03 08:22:37.000,2026-09-02 18:21:53.000,2.20.26,877.0,566.0,12189963.0,12206511.0,https://anaconda.org/conda-forge/prefect,2026-08-26 00:33:12.808,1257679.0,2.0,,,,,,,,,,,,,,,,,,
54,Dagster,dagster-io/dagster,"An orchestration platform for the development, production, and observation of data assets.",,data-pipelines,https://github.com/dagster-io/dagster,696.0,https://github.com/dagster-io/dagster,Apache-2.0,2018-04-30 16:30:04.000,2026-08-27 21:02:39.388,2262.0,2588.0,16070.0,32,True,5330.0,4898.0,dagster,conda-forge/dagster,,https://pypi.org/project/dagster,2026-08-27 15:18:29.000,2026-08-27 15:18:29.000,1.13.20,757.0,432.0,9862804.0,9905931.0,https://anaconda.org/conda-forge/dagster,2026-08-27 21:02:39.388,3277662.0,2.0,,,,,,,,,,,,,,,,,,
55,peewee,coleifer/peewee,"a small, expressive orm -- supports postgresql, mysql, sqlite, now with asyncio.",,db-clients,https://github.com/coleifer/peewee,165.0,https://github.com/coleifer/peewee,MIT,2010-10-11 20:14:11.000,2026-08-23 14:51:02.737,1382.0,,11985.0,32,True,1355.0,,peewee,conda-forge/peewee,,https://pypi.org/project/peewee,2026-08-23 11:43:38.000,2026-08-23 11:43:38.000,4.4.0,220.0,1355.0,47955778.0,47987338.0,https://anaconda.org/conda-forge/peewee,2026-08-23 14:51:02.737,2303937.0,2.0,,,,,,,,,,,,,,,,,,
56,arrow,arrow-py/arrow,Better dates & times for Python.,,date-time-utils,https://github.com/arrow-py/arrow,289.0,https://github.com/arrow-py/arrow,Apache-2.0,2012-11-18 20:23:27.000,2026-03-30 02:18:26.000,732.0,133.0,9036.0,32,True,187424.0,185140.0,arrow,conda-forge/arrow,,https://pypi.org/project/arrow,2025-10-18 17:46:45.000,2025-10-18 17:46:45.000,1.4.0,65.0,2284.0,72001684.0,72192283.0,https://anaconda.org/conda-forge/arrow,2025-10-18 23:46:59.986,14294936.0,1.0,,,,,,,,,,,,,,,,,,
57,PyMySQL,PyMySQL/PyMySQL,MySQL client library for Python.,,db-clients,https://github.com/PyMySQL/PyMySQL,134.0,https://github.com/PyMySQL/PyMySQL,MIT,2011-07-27 17:38:47.000,2026-05-19 11:34:44.346,1440.0,14.0,7837.0,32,True,296139.0,293476.0,PyMySQL,conda-forge/pymysql,,https://pypi.org/project/PyMySQL,2026-05-19 08:26:20.000,2026-05-01 09:09:53.000,1.1.3,46.0,2663.0,92878141.0,92912147.0,https://anaconda.org/conda-forge/pymysql,2026-05-19 11:34:44.346,2516456.0,2.0,,,,,,,,,,,,,,,,,,
58,kafka-python,dpkp/kafka-python,Python client for Apache Kafka.,,db-clients,https://github.com/dpkp/kafka-python,238.0,https://github.com/dpkp/kafka-python,Apache-2.0,2012-09-24 13:00:26.000,2026-08-16 20:19:44.747,1475.0,18.0,5900.0,32,True,38260.0,37147.0,kafka-python,conda-forge/kafka-python,,https://pypi.org/project/kafka-python,2026-08-16 16:46:13.000,2026-08-16 16:46:13.000,3.0.11,82.0,1113.0,22975223.0,22982639.0,https://anaconda.org/conda-forge/kafka-python,2026-08-16 20:19:44.747,533967.0,2.0,,,,,,,,,,,,,,,,,,
59,jsonschema,Julian/jsonschema,An implementation of JSON Schema validation for Python.,,data-validation,https://github.com/python-jsonschema/jsonschema,123.0,,MIT,2020-10-13 01:20:59.365,2026-08-24 13:50:01.657,633.0,,4960.0,32,True,866229.0,856607.0,jsonschema,conda-forge/jsonschema,,https://pypi.org/project/jsonschema,2026-01-07 13:41:05.000,2026-01-07 13:41:05.000,4.26.0,109.0,9622.0,579368322.0,580097211.0,https://anaconda.org/conda-forge/jsonschema,2026-08-24 13:50:01.657,51751126.0,1.0,,,,,,,,,,,,,,,,,,
60,xarray,pydata/xarray,N-D labeled arrays and datasets in Python.,,data-containers,https://github.com/pydata/xarray,633.0,https://github.com/pydata/xarray,Apache-2.0,2013-09-30 17:21:10.000,2026-07-09 21:46:38.762,1271.0,1381.0,4154.0,32,True,51935.0,45622.0,xarray,conda-forge/xarray,,https://pypi.org/project/xarray,2026-07-09 17:38:24.000,2026-04-13 19:45:34.000,2026.4.0,106.0,6313.0,15707911.0,15940418.0,https://anaconda.org/conda-forge/xarray,2026-07-09 21:46:38.762,17205584.0,2.0,,,,,,,,,,,,,,,,,,
61,colorama,tartley/colorama,Simple cross-platform colored terminal text in Python.,,cli-helpers,https://github.com/tartley/colorama,53.0,https://github.com/tartley/colorama,BSD-3-Clause,2014-04-17 20:18:25.000,2025-07-09 17:06:02.000,264.0,129.0,3705.0,32,False,1488548.0,1473615.0,colorama,conda-forge/colorama,,https://pypi.org/project/colorama,2022-10-25 02:38:17.509,2022-10-25 02:38:17.509,0.4.6,46.0,14933.0,376807594.0,377873056.0,https://anaconda.org/conda-forge/colorama,2025-04-22 14:56:22.542,75647805.0,2.0,,,,,,,,,,,,,,,,,,
62,dateparser,scrapinghub/dateparser,python parser for human readable dates.,,date-time-utils,https://github.com/scrapinghub/dateparser,162.0,https://github.com/scrapinghub/dateparser,BSD-3-Clause,2014-11-24 17:30:12.000,2026-09-03 13:45:56.174,514.0,344.0,2854.0,32,True,41333.0,39609.0,dateparser,conda-forge/dateparser,,https://pypi.org/project/dateparser,2026-09-03 10:07:52.000,2026-09-03 10:07:52.000,1.4.3,37.0,1724.0,43021091.0,43049423.0,https://anaconda.org/conda-forge/dateparser,2026-09-03 13:45:56.174,2124915.0,1.0,,,,,,,,,,,,,,,,,,
63,dill,uqfoundation/dill,serialize all of Python.,,serialization,https://github.com/uqfoundation/dill,51.0,https://github.com/uqfoundation/dill,BSD-3-Clause,2013-06-28 16:42:27.000,2026-07-17 19:06:39.000,192.0,209.0,2442.0,32,True,255713.0,251475.0,dill,conda-forge/dill,,https://pypi.org/project/dill,2026-01-19 02:36:55.000,2026-01-19 02:36:55.000,0.4.1,30.0,4238.0,207137151.0,207412001.0,https://anaconda.org/conda-forge/dill,2026-01-19 23:02:44.504,20613823.0,2.0,,,,,,,,,,,,,,,,,,
64,greenlet,python-greenlet/greenlet,Lightweight in-process concurrent programming.,,async,https://github.com/python-greenlet/greenlet,90.0,https://github.com/python-greenlet/greenlet,,2011-12-17 21:12:01.000,2026-08-10 17:53:59.433,271.0,21.0,1836.0,32,False,616127.0,613415.0,greenlet,conda-forge/greenlet,,https://pypi.org/project/greenlet,2026-08-10 13:25:17.000,2026-08-10 13:25:17.000,3.5.5,69.0,2712.0,456236735.0,456553272.0,https://anaconda.org/conda-forge/greenlet,2026-08-10 17:53:59.433,23740287.0,2.0,,,,,,,,,,,,,,,,,,
65,argcomplete,kislyuk/argcomplete,"Python and tab completion, better together.",,cli-helpers,https://github.com/kislyuk/argcomplete,88.0,https://github.com/kislyuk/argcomplete,Apache-2.0,2012-11-19 15:37:34.000,2026-08-08 09:16:06.178,150.0,71.0,1575.0,32,True,77812.0,75457.0,argcomplete,conda-forge/argcomplete,,https://pypi.org/project/argcomplete,2026-08-06 04:53:20.000,2026-08-06 04:53:20.000,3.7.2,139.0,2355.0,74769602.0,74823204.0,https://anaconda.org/conda-forge/argcomplete,2026-08-08 09:16:06.178,3966617.0,2.0,,,,,,,,,,,,,,,,,,
66,bcrypt,pyca/bcrypt,Modern(-ish) password hashing for your software and your servers.,,cryptography,https://github.com/pyca/bcrypt,41.0,https://github.com/pyca/bcrypt,Apache-2.0,2013-05-11 02:03:55.000,2025-11-07 06:47:35.791,179.0,6.0,1391.0,32,True,363107.0,361057.0,bcrypt,conda-forge/bcrypt,,https://pypi.org/project/bcrypt,2025-09-25 19:49:05.000,2025-09-25 19:49:05.000,5.0.0,28.0,2050.0,196955823.0,197131506.0,https://anaconda.org/conda-forge/bcrypt,2025-11-07 06:47:35.791,12824911.0,2.0,,,,,,,,,,,,,,,,,,
67,s3fs,fsspec/s3fs,S3 Filesystem.,,db-clients,https://github.com/fsspec/s3fs,160.0,https://github.com/fsspec/s3fs,BSD-3-Clause,2016-03-16 00:19:32.000,2026-09-01 18:28:30.755,301.0,175.0,1046.0,32,True,30773.0,28636.0,s3fs,conda-forge/s3fs,,https://pypi.org/project/s3fs,2026-07-28 17:14:09.000,2026-07-28 17:14:09.000,2026.7.0,91.0,2137.0,541025689.0,541198536.0,https://anaconda.org/conda-forge/s3fs,2026-09-01 18:28:30.755,12617862.0,2.0,,,,,,,,,,,,,,,,,,
68,six,benjaminp/six,Python 2 and 3 compatibility library.,,compatibility,https://github.com/benjaminp/six,68.0,https://github.com/benjaminp/six,MIT,2017-01-02 23:30:47.000,2025-07-22 15:47:12.245,274.0,107.0,993.0,32,False,2816848.0,2791591.0,six,conda-forge/six,,https://pypi.org/project/six,2024-12-04 17:35:26.000,2024-12-04 17:35:26.000,1.17.0,29.0,25257.0,1113539771.0,1114950988.0,https://anaconda.org/conda-forge/six,2025-07-22 15:47:12.245,107252561.0,1.0,,,,,,,,,,,,,,,,,,
69,traitlets,ipython/traitlets,A lightweight Traits like module.,,configuration,https://github.com/ipython/traitlets,127.0,https://github.com/ipython/traitlets,BSD-3-Clause,2013-12-06 20:45:45.000,2026-08-03 13:04:43.572,214.0,104.0,654.0,32,True,617843.0,615559.0,traitlets,conda-forge/traitlets,,https://pypi.org/project/traitlets,2026-08-03 08:32:34.000,2026-08-03 08:32:34.000,5.16.1,57.0,2284.0,145548134.0,146325161.0,https://anaconda.org/conda-forge/traitlets,2026-08-03 13:04:43.572,55945975.0,2.0,,,,,,,,,,,,,,,,,,
70,pytz,stub42/pytz,pytz Python historical timezone library and database.,,date-time-utils,https://github.com/stub42/pytz,27.0,https://github.com/stub42/pytz,MIT,2016-07-12 12:22:30.000,2026-07-26 14:45:12.500,107.0,38.0,393.0,32,True,2517762.0,2501489.0,pytz,conda-forge/pytz,,https://pypi.org/project/pytz,2026-07-25 15:12:05.000,2023-01-14 12:26:16.208,2022.7.1,123.0,16273.0,499920568.0,501314370.0,https://anaconda.org/conda-forge/pytz,2026-07-26 14:45:12.500,97566198.0,1.0,,,,,,,,,,,,,,,,,,
71,cookiecutter,cookiecutter/cookiecutter,"A cross-platform command-line utility that creates projects from cookiecutters (project templates), e.g. Python..",,others,https://github.com/cookiecutter/cookiecutter,333.0,https://github.com/cookiecutter/cookiecutter,BSD-3-Clause,2013-07-14 18:31:22.000,2026-03-04 13:25:22.620,2201.0,267.0,24714.0,31,True,39019.0,37840.0,cookiecutter,conda-forge/cookiecutter,,https://pypi.org/project/cookiecutter,2026-03-04 04:06:01.000,2026-03-04 04:06:01.000,2.7.1,44.0,1179.0,9054555.0,9089134.0,https://anaconda.org/conda-forge/cookiecutter,2026-03-04 13:25:22.620,2213065.0,2.0,,,,,,,,,,,,,,,,,,
72,awscli,aws/aws-cli,Universal Command Line Interface for Amazon Web Services.,,infrastructure,https://github.com/aws/aws-cli,510.0,https://github.com/aws/aws-cli,Apache-2.0,2012-11-20 16:07:36.000,2026-09-03 12:26:34.360,4636.0,724.0,17220.0,31,True,787.0,5.0,awscli,conda-forge/awscli,,https://pypi.org/project/awscli,2026-08-27 21:30:32.000,2026-08-27 21:30:32.000,1.46.1,2683.0,782.0,142645017.0,143482958.0,https://anaconda.org/conda-forge/awscli,2026-09-03 12:26:34.360,62007686.0,2.0,,,,,,,,,,,,,,,,,,
73,kubernetes,kubernetes-client/python,Official Python client library for kubernetes.,,infrastructure,https://github.com/kubernetes-client/python,260.0,https://github.com/kubernetes-client/python,Apache-2.0,2016-10-31 20:08:03.000,2026-09-02 00:36:23.000,3518.0,72.0,7654.0,31,True,2621.0,,kubernetes,conda-forge/kubernetes,,https://pypi.org/project/kubernetes,2026-09-02 00:36:23.000,2026-07-13 20:38:10.000,36.0.3,121.0,2621.0,98674465.0,98685977.0,https://anaconda.org/conda-forge/kubernetes,2025-12-11 01:35:47.118,874982.0,2.0,,,,,,,,,,,,,,,,,,
74,watchdog,gorakhargosh/watchdog,Python library and shell utilities to monitor filesystem events.,,file-path-utils,https://github.com/gorakhargosh/watchdog,182.0,https://github.com/gorakhargosh/watchdog,Apache-2.0,2010-10-23 12:00:17.000,2026-03-04 07:34:00.440,724.0,216.0,7106.0,31,True,275690.0,273029.0,watchdog,conda-forge/watchdog,,https://pypi.org/project/watchdog,2024-11-01 14:06:24.000,2024-11-01 14:06:24.000,6.0.0,54.0,2661.0,107747845.0,107831432.0,https://anaconda.org/conda-forge/watchdog,2026-03-04 07:34:00.440,6269032.0,2.0,,,,,,,,,,,,,,,,,,
75,Tablib,jazzband/tablib,"Python Module for Tabular Datasets in XLS, CSV, JSON, YAML, &c.",,data-loading,https://github.com/jazzband/tablib,139.0,https://github.com/jazzband/tablib,MIT,2011-03-28 02:36:50.000,2026-07-31 22:50:19.440,614.0,53.0,4755.0,31,True,132398.0,132169.0,tablib,conda-forge/tablib,,https://pypi.org/project/tablib,2026-07-31 17:30:04.000,2026-07-31 17:30:04.000,3.10.0,51.0,229.0,5340798.0,5346438.0,https://anaconda.org/conda-forge/tablib,2026-07-31 22:50:19.440,389208.0,1.0,,,,,,,,,,,,,,,,,,
76,Prometheus Client,prometheus/client_python,Prometheus instrumentation library for Python applications.,,db-clients,https://github.com/prometheus/client_python,183.0,https://github.com/prometheus/client_python,Apache-2.0,2015-02-10 22:47:25.000,2026-07-25 21:48:28.068,867.0,142.0,4347.0,31,True,4794.0,,prometheus_client,conda-forge/prometheus_client,,https://pypi.org/project/prometheus_client,2026-07-24 19:36:40.000,2026-07-24 19:36:40.000,0.26.0,60.0,4794.0,165700051.0,166070010.0,https://anaconda.org/conda-forge/prometheus_client,2026-07-25 21:48:28.068,28116932.0,2.0,,,,,,,,,,,,,,,,,,
77,pymongo,mongodb/mongo-python-driver,PyMongo - the Official MongoDB Python driver.,,db-clients,https://github.com/mongodb/mongo-python-driver,249.0,https://github.com/mongodb/mongo-python-driver,Apache-2.0,2009-01-15 15:18:06.000,2026-04-21 10:54:52.503,1139.0,14.0,4340.0,31,True,6398.0,,pymongo,conda-forge/pymongo,,https://pypi.org/project/pymongo,2026-04-20 16:37:20.000,2026-04-20 16:37:20.000,4.17.0,171.0,6398.0,95154193.0,95255602.0,https://anaconda.org/conda-forge/pymongo,2026-04-21 10:54:52.503,7504284.0,2.0,,,,,,,,,,,,,,,,,,
78,pycryptodomex,Legrandin/pycryptodome,A self-contained cryptographic library for Python.,,cryptography,https://github.com/Legrandin/pycryptodome,167.0,https://github.com/Legrandin/pycryptodome,BSD-3-Clause,2014-05-02 15:11:38.000,2026-03-29 07:51:10.000,558.0,87.0,3230.0,31,True,146696.0,145081.0,pycryptodomex,conda-forge/pycryptodomex,,https://pypi.org/project/pycryptodomex,2025-05-17 17:22:07.000,2025-05-17 17:22:07.000,3.23.0,52.0,1615.0,58501984.0,58543331.0,https://anaconda.org/conda-forge/pycryptodomex,2025-09-13 06:28:04.340,3059725.0,2.0,,,,,,,,,,,,,,,,,,
79,python-magic,ahupp/python-magic,A python wrapper for libmagic.,,data-loading,https://github.com/ahupp/python-magic,67.0,https://github.com/ahupp/python-magic,MIT,2010-03-31 22:40:33.000,2026-07-20 17:21:25.000,304.0,27.0,2914.0,31,True,88725.0,87183.0,python-magic,conda-forge/python-magic,,https://pypi.org/project/python-magic,2022-06-07 20:16:57.000,2022-06-07 20:16:57.000,0.4.27,28.0,1542.0,34399909.0,34413387.0,https://anaconda.org/conda-forge/python-magic,2026-06-19 10:26:15.408,956971.0,1.0,,,,,,,,,,,,,,,,,,
80,pexpect,pexpect/pexpect,A Python module for controlling interactive programs in a pseudo-terminal.,,process-utils,https://github.com/pexpect/pexpect,109.0,https://github.com/pexpect/pexpect,ISC,2013-09-17 17:36:44.000,2025-04-22 14:56:22.014,486.0,163.0,2729.0,31,False,528350.0,526592.0,pexpect,conda-forge/pexpect,,https://pypi.org/project/pexpect,2023-11-25 06:56:14.000,2023-11-25 06:56:14.000,4.9.0,20.0,1758.0,166245699.0,166840628.0,https://anaconda.org/conda-forge/pexpect,2025-04-22 14:56:22.014,42240017.0,1.0,,,,,,,,,,,,,,,,,,
81,numexpr,pydata/numexpr,"Fast numerical array expression evaluator for Python, NumPy, Pandas, PyTables and more.",,data-containers,https://github.com/pydata/numexpr,90.0,https://github.com/pydata/numexpr,MIT,2013-11-30 22:33:48.000,2026-08-10 19:38:12.000,226.0,3.0,2531.0,31,True,102376.0,101028.0,numexpr,conda-forge/numexpr,,https://pypi.org/project/numexpr,2026-07-18 10:51:37.000,2026-07-18 10:51:37.000,2.14.2,64.0,1348.0,14931554.0,15124559.0,https://anaconda.org/conda-forge/numexpr,2026-07-18 15:46:00.239,14475447.0,2.0,,,,,,,,,,,,,,,,,,
82,omegaconf,omry/omegaconf,Flexible Python configuration system. The last one you will ever need.,,configuration,https://github.com/omry/omegaconf,47.0,https://github.com/omry/omegaconf,BSD-3-Clause,2018-09-03 14:59:01.000,2026-08-10 17:29:38.475,160.0,31.0,2417.0,31,True,67285.0,64645.0,omegaconf,conda-forge/omegaconf,,https://pypi.org/project/omegaconf,2026-08-07 21:23:12.000,2026-06-11 05:05:09.000,2.3.1,157.0,2640.0,39516364.0,39553239.0,https://anaconda.org/conda-forge/omegaconf,2026-08-10 17:29:38.475,2802519.0,2.0,,,,,,,,,,,,,,,,,,
83,pyrsistent,tobgu/pyrsistent,Persistent/Immutable/Functional data structures for Python.,,data-structures,https://github.com/tobgu/pyrsistent,78.0,https://github.com/tobgu/pyrsistent,MIT,2013-06-20 14:11:13.000,2026-01-11 12:02:00.000,160.0,29.0,2167.0,31,True,368970.0,367930.0,pyrsistent,conda-forge/pyrsistent,,https://pypi.org/project/pyrsistent,2023-10-25 21:06:04.000,2023-10-25 21:06:04.000,0.20.0,75.0,1040.0,33712574.0,34013246.0,https://anaconda.org/conda-forge/pyrsistent,2025-10-04 17:03:24.308,22249796.0,1.0,,,,,,,,,,,,,,,,,,
84,holidays,vacanza/holidays,Open World Holidays Framework.,,date-time-utils,https://github.com/vacanza/holidays,348.0,https://github.com/vacanza/holidays,MIT,2014-08-24 15:17:18.000,2026-09-02 22:40:03.000,709.0,77.0,1927.0,31,True,28284.0,27628.0,holidays,conda-forge/holidays,,https://pypi.org/project/holidays,2026-09-02 22:40:03.000,2023-06-21 16:43:02.350,0.27.1,162.0,656.0,29889573.0,29953196.0,https://anaconda.org/conda-forge/holidays,2026-08-18 00:56:40.633,4708131.0,2.0,,,,,,,,,,,,,,,,,,
85,pluggy,pytest-dev/pluggy,A minimalist production ready plugin system.,,others,https://github.com/pytest-dev/pluggy,62.0,https://github.com/pytest-dev/pluggy,MIT,2015-04-28 15:32:26.000,2026-04-20 20:54:33.000,146.0,58.0,1611.0,31,True,832485.0,829862.0,pluggy,conda-forge/pluggy,,https://pypi.org/project/pluggy,2025-05-15 12:30:06.000,2025-05-15 12:30:06.000,1.6.0,24.0,2623.0,1173398379.0,1174218514.0,https://anaconda.org/conda-forge/pluggy,2025-12-05 01:07:44.457,58229609.0,2.0,,,,,,,,,,,,,,,,,,
86,future,PythonCharmers/python-future,"Easy, clean, reliable Python 2/3 compatibility.",,compatibility,https://github.com/PythonCharmers/python-future,130.0,https://github.com/PythonCharmers/python-future,MIT,2013-07-14 13:57:47.000,2025-05-19 20:20:19.000,294.0,189.0,1182.0,31,False,388197.0,382220.0,future,conda-forge/future,,https://pypi.org/project/future,2024-02-21 11:52:35.000,2024-02-21 11:52:35.000,1.0.0,52.0,5977.0,57535134.0,57794683.0,https://anaconda.org/conda-forge/future,2025-04-22 14:56:25.097,18428015.0,2.0,,,,,,,,,,,,,,,,,,
87,filelock,tox-dev/py-filelock,A platform independent file lock.,,file-path-utils,https://github.com/tox-dev/py-filelock,68.0,,MIT,2020-05-19 17:08:47.301,2026-08-31 23:04:37.145,138.0,,975.0,31,True,745849.0,740077.0,filelock,conda-forge/filelock,,https://pypi.org/project/filelock,2026-08-31 18:56:33.000,2026-08-31 18:56:33.000,3.32.5,117.0,5772.0,667719185.0,668371344.0,https://anaconda.org/conda-forge/filelock,2026-08-31 23:04:37.145,49564147.0,2.0,,,,,,,,,,,,,,,,,,
88,decorator,micheles/decorator,Decorators for Humans.,,others,https://github.com/micheles/decorator,33.0,https://github.com/micheles/decorator,BSD-2-Clause,2013-11-24 05:55:49.000,2026-05-18 14:40:59.043,116.0,6.0,906.0,31,True,776777.0,773924.0,decorator,conda-forge/decorator,,https://pypi.org/project/decorator,2026-05-18 06:03:26.000,2026-05-18 06:03:26.000,5.3.1,42.0,2853.0,189247222.0,190031792.0,https://anaconda.org/conda-forge/decorator,2026-05-18 14:40:59.043,50997099.0,2.0,,,,,,,,,,,,,,,,,,
89,confluent-kafka-python,confluentinc/confluent-kafka-python,Confluents Kafka Python Client.,,db-clients,https://github.com/confluentinc/confluent-kafka-python,150.0,https://github.com/confluentinc/confluent-kafka-python,Apache-2.0,2016-04-14 07:40:41.000,2026-07-12 19:32:56.281,955.0,210.0,492.0,31,True,18915.0,17912.0,confluent-kafka,conda-forge/python-confluent-kafka,,https://pypi.org/project/confluent-kafka,2026-06-30 19:47:43.000,2026-06-30 19:47:43.000,2.15.0,63.0,1003.0,55570529.0,55600343.0,https://anaconda.org/conda-forge/python-confluent-kafka,2026-07-12 19:32:56.281,2116839.0,2.0,,,,,,,,,,,,,,,,,,
90,pyasn1,etingof/pyasn1,Generic ASN.1 library for Python.,,serialization,https://github.com/etingof/pyasn1,16.0,https://github.com/etingof/pyasn1,BSD-2-Clause,2016-02-24 22:30:54.000,2026-07-09 04:45:27.645,118.0,60.0,243.0,31,True,712468.0,710045.0,pyasn1,conda-forge/pyasn1,,https://pypi.org/project/pyasn1,2026-07-09 01:12:32.000,2026-07-09 01:12:32.000,0.6.4,44.0,2423.0,524693615.0,525350272.0,https://anaconda.org/conda-forge/pyasn1,2026-07-09 04:45:27.645,23639667.0,2.0,,,,,,,,,,,,,,,,,,
91,python-fire,google/python-fire,Python Fire is a library for automatically generating command line interfaces (CLIs) from absolutely any Python object.,,cli-helpers,https://github.com/google/python-fire,67.0,https://github.com/google/python-fire,Apache-2.0,2017-02-21 21:35:07.000,2025-09-12 20:33:44.970,1455.0,153.0,27827.0,30,True,57283.0,54316.0,fire,conda-forge/fire,,https://pypi.org/project/fire,2025-08-16 20:20:22.000,2025-08-16 20:20:22.000,0.7.1,13.0,2967.0,20163478.0,20187756.0,https://anaconda.org/conda-forge/fire,2025-09-12 20:33:44.970,1650943.0,2.0,,,,,,,,,,,,,,,,,,
92,luigi,spotify/luigi,"Luigi is a Python module that helps you build complex pipelines of batch jobs. It handles dependency resolution,..",,data-pipelines,https://github.com/spotify/luigi,640.0,https://github.com/spotify/luigi,Apache-2.0,2012-09-20 15:06:38.000,2026-09-02 11:49:58.111,2460.0,164.0,18755.0,30,True,3034.0,2854.0,luigi,luigi,,https://pypi.org/project/luigi,2026-05-07 13:32:23.000,2026-07-30 11:29:08.000,3.8.1,89.0,177.0,1184045.0,1184247.0,https://anaconda.org/anaconda/luigi,2026-09-02 11:49:58.111,25773.0,2.0,,,,,,,stable/luigi,,,,,,3.0,,,,,
93,sqlmodel,tiangolo/sqlmodel,"SQLModel, SQL databases in Python, designed for simplicity, compatibility, and robustness.",,db-clients,https://github.com/fastapi/sqlmodel,115.0,,MIT,2021-08-27 18:23:42.453,2026-08-28 19:42:00.000,884.0,,18290.0,30,True,34810.0,32767.0,sqlmodel,conda-forge/sqlmodel,['pydantic'],https://pypi.org/project/sqlmodel,2026-08-28 19:42:00.000,2026-08-28 19:42:00.000,0.0.42,45.0,2043.0,22789790.0,22795104.0,https://anaconda.org/conda-forge/sqlmodel,2026-06-26 18:46:33.747,324187.0,2.0,,,,,,,,,,,,,,,,,,
94,Great Expectations,great-expectations/great_expectations,Always know what to expect from your data.,,data-pipelines,https://greatexpectations.io,485.0,,Apache-2.0,2020-05-21 12:22:47.871,2026-08-31 17:51:03.283,1823.0,,11757.0,30,True,194.0,4.0,great_expectations,conda-forge/great-expectations,,https://pypi.org/project/great_expectations,2026-08-31 12:52:56.000,2026-08-19 17:01:16.000,1.21.0,371.0,190.0,24487116.0,24509127.0,https://anaconda.org/conda-forge/great-expectations,2026-08-31 17:51:03.283,1672897.0,2.0,,,,,,,,,,,,,,,,,,
95,boltons,mahmoud/boltons,"Like builtins, but boltons. 250+ constructs, recipes, and snippets which extend (and rely on nothing but) the Python..",,utilities,https://github.com/mahmoud/boltons,111.0,https://github.com/mahmoud/boltons,BSD-3-Clause,2013-02-20 06:17:12.000,2026-08-19 09:01:44.000,414.0,71.0,6917.0,30,True,12667.0,12210.0,boltons,conda-forge/boltons,,https://pypi.org/project/boltons,2026-07-17 18:38:41.000,2026-07-17 18:38:41.000,26.1.0,58.0,457.0,26069312.0,26297405.0,https://anaconda.org/conda-forge/boltons,2026-07-22 07:42:58.045,17106981.0,2.0,,,,,,,,,,,,,,,,,,
96,xmltodict,martinblech/xmltodict,Python module that makes working with XML feel like you are working with JSON.,,data-loading,https://github.com/martinblech/xmltodict,60.0,https://github.com/martinblech/xmltodict,MIT,2012-04-17 14:38:21.000,2026-02-22 14:25:14.045,469.0,1.0,5726.0,30,True,93003.0,89083.0,xmltodict,conda-forge/xmltodict,,https://pypi.org/project/xmltodict,2026-02-22 02:21:21.000,2026-02-22 02:21:21.000,1.0.4,39.0,3920.0,116605758.0,116748991.0,https://anaconda.org/conda-forge/xmltodict,2026-02-22 14:25:14.045,7448158.0,2.0,,,,,,,,,,,,,,,,,,
97,XlsxWriter,jmcnamara/XlsxWriter,A Python module for creating Excel XLSX files.,,file-formats,https://github.com/jmcnamara/XlsxWriter,58.0,https://github.com/jmcnamara/XlsxWriter,BSD-2-Clause,2013-01-04 01:07:06.000,2026-03-22 15:38:27.000,663.0,27.0,3934.0,30,True,114944.0,114470.0,xlsxwriter,conda-forge/xlsxwriter,,https://pypi.org/project/xlsxwriter,2025-09-16 00:16:20.000,2025-09-16 00:16:20.000,3.2.9,175.0,474.0,97761162.0,97829989.0,https://anaconda.org/conda-forge/xlsxwriter,2025-10-12 21:28:27.859,5230891.0,3.0,,,,,,,,,,,,,,,,,,
98,aiofiles,Tinche/aiofiles,File support for asyncio.,,file-path-utils,https://github.com/Tinche/aiofiles,45.0,https://github.com/Tinche/aiofiles,Apache-2.0,2015-03-29 20:28:14.000,2026-01-01 18:02:19.764,166.0,56.0,3248.0,30,True,261554.0,253828.0,aiofiles,conda-forge/aiofiles,,https://pypi.org/project/aiofiles,2025-10-09 20:51:03.000,2025-10-09 20:51:03.000,25.1.0,17.0,7726.0,148803347.0,148842002.0,https://anaconda.org/conda-forge/aiofiles,2026-01-01 18:02:19.764,2744529.0,2.0,,,,,,,,,,,,,,,,,,
99,schema,keleshev/schema,Schema validation just got Pythonic.,,data-validation,https://github.com/keleshev/schema,75.0,https://github.com/keleshev/schema,MIT,2012-08-19 18:56:20.000,2026-07-20 18:42:51.707,223.0,103.0,2944.0,30,True,17705.0,16814.0,schema,conda-forge/schema,,https://pypi.org/project/schema,2025-10-11 13:15:40.000,2025-10-11 13:15:40.000,0.7.8,28.0,891.0,25614536.0,25624172.0,https://anaconda.org/conda-forge/schema,2026-07-20 18:42:51.707,713089.0,2.0,,,,,,,,,,,,,,,,,,
100,xlrd,python-excel/xlrd,Please use openpyxl where you can...,,data-loading,https://github.com/python-excel/xlrd,53.0,https://github.com/python-excel/xlrd,BSD-3-Clause,2012-03-07 04:50:48.000,2025-08-26 01:03:05.873,437.0,3.0,2203.0,30,False,257901.0,254392.0,xlrd,conda-forge/xlrd,,https://pypi.org/project/xlrd,2025-06-14 08:46:37.000,2025-06-14 08:46:37.000,2.0.2,25.0,3509.0,78491187.0,78570598.0,https://anaconda.org/conda-forge/xlrd,2025-08-26 01:03:05.873,5876482.0,2.0,,,,,,,,,,,,,,,,,,
101,zarr,zarr-developers/zarr-python,"An implementation of chunked, compressed, N-dimensional arrays for Python.",,data-containers,https://github.com/zarr-developers/zarr-python,186.0,https://github.com/zarr-developers/zarr-python,MIT,2015-12-15 14:49:40.000,2026-08-17 12:41:27.000,440.0,501.0,2040.0,30,True,11513.0,8996.0,zarr,conda-forge/zarr,,https://pypi.org/project/zarr,2026-07-30 16:35:08.000,2026-07-30 16:35:08.000,3.3.0,120.0,2517.0,6302136.0,6389433.0,https://anaconda.org/conda-forge/zarr,2026-07-31 15:49:26.049,6460040.0,2.0,,,,,,,,,,,,,,,,,,
102,bidict,jab/bidict,The bidirectional mapping library for Python.,,data-structures,https://github.com/jab/bidict,26.0,https://github.com/jab/bidict,MPL-2.0,2014-09-23 14:00:27.000,2026-08-26 11:13:53.077,69.0,2.0,1584.0,30,True,46136.0,45442.0,bidict,conda-forge/bidict,,https://pypi.org/project/bidict,2026-08-25 23:45:51.000,2026-08-25 23:45:51.000,0.24.1,45.0,694.0,29376551.0,29389319.0,https://anaconda.org/conda-forge/bidict,2026-08-26 11:13:53.077,944861.0,1.0,,,,,,,,,,,,,,,,,,
103,wcwidth,jquast/wcwidth,Python library that measures the width of strings in a terminal.,,cli-helpers,https://github.com/jquast/wcwidth,23.0,https://github.com/jquast/wcwidth,,2014-04-05 09:57:11.000,2026-08-31 22:09:07.000,73.0,2.0,466.0,30,False,777730.0,774973.0,wcwidth,conda-forge/wcwidth,,https://pypi.org/project/wcwidth,2026-08-28 18:10:04.000,2026-08-28 18:10:04.000,0.8.3,42.0,2757.0,290855530.0,291529683.0,https://anaconda.org/conda-forge/wcwidth,2026-08-31 11:16:52.380,50561508.0,2.0,,,,,,,,,,,,,,,,,,
104,tzlocal,regebro/tzlocal,A Python module that tries to figure out what your local timezone is.,,date-time-utils,https://github.com/regebro/tzlocal,31.0,https://github.com/regebro/tzlocal,MIT,2012-09-11 12:34:21.000,2026-06-29 19:01:13.551,64.0,1.0,219.0,30,True,227386.0,224962.0,tzlocal,conda-forge/tzlocal,,https://pypi.org/project/tzlocal,2026-06-29 08:03:38.000,2026-06-29 08:03:38.000,5.4.4,54.0,2424.0,211027889.0,211144806.0,https://anaconda.org/conda-forge/tzlocal,2026-06-29 19:01:13.551,7131940.0,3.0,,,,,,,,,,,,,,,,,,
105,diagrams,mingrammer/diagrams,Diagram as Code for prototyping cloud system architectures.,,others,https://github.com/mingrammer/diagrams,179.0,https://github.com/mingrammer/diagrams,MIT,2020-02-02 15:23:24.000,2026-05-19 13:17:20.000,2724.0,390.0,42281.0,29,True,2672.0,2532.0,diagrams,conda-forge/diagrams,,https://pypi.org/project/diagrams,2025-11-22 02:27:15.000,2025-11-22 02:27:15.000,0.25.1,51.0,140.0,4806524.0,4811430.0,https://anaconda.org/conda-forge/diagrams,2025-11-24 15:46:24.848,372892.0,2.0,,,,,,,,,,,,,,,,,,
106,kivy,kivy/kivy,"Open source UI framework written in Python, running on Windows, Linux, macOS, Android and iOS.",,gui-dev,https://github.com/kivy/kivy,640.0,https://github.com/kivy/kivy,MIT,2010-11-03 20:27:32.000,2026-03-29 21:34:21.210,3137.0,851.0,18598.0,29,True,18183.0,17825.0,kivy,conda-forge/kivy,,https://pypi.org/project/kivy,2024-12-26 16:13:26.000,2024-12-26 16:13:26.000,2.3.1,52.0,358.0,250093.0,259427.0,https://anaconda.org/conda-forge/kivy,2026-03-29 21:34:21.210,709396.0,1.0,,,,,,,,,,,,,,,,,,
107,dbt,dbt-labs/dbt-core,dbt enables data analysts and engineers to transform their data using the same practices that software engineers use..,,data-pipelines,https://github.com/dbt-labs/dbt-core,510.0,https://github.com/dbt-labs/dbt-core,Apache-2.0,2016-03-10 02:38:00.000,2026-09-02 11:22:14.000,2544.0,1538.0,13769.0,29,True,10141.0,10105.0,dbt,conda-forge/dbt,,https://pypi.org/project/dbt,2026-08-27 18:50:45.000,2021-12-06 20:32:12.000,1.0.0,349.0,36.0,119540.0,126822.0,https://anaconda.org/conda-forge/dbt,2025-04-22 14:56:29.479,859382.0,2.0,,,,,,,,,,,,,,dbt,,,,
108,redis,redis/redis-py,Redis Python client.,,db-clients,https://github.com/redis/redis-py,572.0,https://github.com/redis/redis-py,MIT,2009-11-06 10:22:26.000,2026-07-31 10:30:32.007,2703.0,88.0,13600.0,29,True,13028.0,,redis,conda-forge/redis-py,,https://pypi.org/project/redis,2026-07-30 08:50:58.000,2026-07-30 08:50:58.000,8.1.0,170.0,13028.0,,38301.0,https://anaconda.org/conda-forge/redis-py,2026-07-31 10:30:32.007,2872622.0,2.0,,,,,,,,,,,,-5.0,,,,,,
109,schedule,dbader/schedule,Python job scheduling for humans.,,infrastructure,https://github.com/dbader/schedule,60.0,https://github.com/dbader/schedule,MIT,2013-05-19 12:51:20.000,2025-04-22 14:57:18.289,958.0,159.0,11703.0,29,False,60160.0,59455.0,schedule,conda-forge/schedule,,https://pypi.org/project/schedule,2024-05-25 18:41:59.000,2024-05-25 18:41:59.000,1.2.2,27.0,705.0,8427022.0,8429398.0,https://anaconda.org/conda-forge/schedule,2025-04-22 14:57:18.289,161634.0,2.0,,,,,,,,,,,,,,,,,,
110,supervisor,Supervisor/supervisor,Supervisor process control system for Unix (supervisord).,,process-utils,https://github.com/Supervisor/supervisor,183.0,https://github.com/Supervisor/supervisor,Repoze Public License,2010-12-08 00:48:48.000,2026-02-27 16:21:02.213,1261.0,168.0,8915.0,29,True,14157.0,13997.0,supervisor,conda-forge/supervisor,,https://pypi.org/project/supervisor,2025-08-23 18:25:00.000,2025-08-23 18:25:00.000,4.3.0,52.0,160.0,18983920.0,18995189.0,https://anaconda.org/conda-forge/supervisor,2026-02-27 16:21:02.213,800107.0,2.0,,,,,,,,,,,,,,,,,,
111,docopt,docopt/docopt,Create *beautiful* command-line interfaces with Python.,,cli-helpers,https://github.com/docopt/docopt,34.0,https://github.com/docopt/docopt,MIT,2012-04-07 17:45:14.000,2025-06-23 09:03:15.000,563.0,265.0,7986.0,29,False,151987.0,148620.0,docopt,conda-forge/docopt,,https://pypi.org/project/docopt,2014-06-16 11:18:57.000,2014-06-16 11:18:57.000,0.6.2,11.0,3367.0,18880532.0,19018159.0,https://anaconda.org/conda-forge/docopt,2025-04-22 14:56:22.100,2890186.0,2.0,,,,,,,,,,,,3.0,,,,,,
112,TinyDB,msiemens/tinydb,TinyDB is a lightweight document oriented database optimized for your happiness :).,,data-containers,https://github.com/msiemens/tinydb,100.0,https://github.com/msiemens/tinydb,MIT,2013-07-12 23:31:13.000,2026-08-06 15:03:43.000,623.0,10.0,7549.0,29,True,17136.0,16230.0,tinydb,conda-forge/tinydb,,https://pypi.org/project/tinydb,2026-08-06 15:03:43.000,2026-08-06 15:03:43.000,4.9.0,71.0,906.0,3850552.0,3864665.0,https://anaconda.org/conda-forge/tinydb,2025-04-22 14:56:24.330,1002089.0,2.0,,,,,,,,,,,,,,,,,,
113,tortoise-orm,tortoise/tortoise-orm,"Familiar asyncio ORM for python, built with relations in mind.",,db-clients,https://github.com/tortoise/tortoise-orm,180.0,https://github.com/tortoise/tortoise-orm,Apache-2.0,2018-03-29 16:52:10.000,2026-08-10 14:44:49.411,499.0,539.0,5610.0,29,True,11052.0,10658.0,tortoise-orm,conda-forge/tortoise-orm,,https://pypi.org/project/tortoise-orm,2026-08-10 10:46:44.000,2026-08-10 10:46:44.000,1.1.8,182.0,394.0,531562.0,532714.0,https://anaconda.org/conda-forge/tortoise-orm,2026-08-10 14:44:49.411,72583.0,2.0,,,,,,,,,,,,,,,,,,
114,pandas-gbq,googleapis/python-bigquery-pandas,This library has moved to https://github.com/googleapis/google-cloud-python/tree/main/packages/pandas-gbq.,,db-clients,https://github.com/googleapis/python-bigquery-pandas,60.0,https://github.com/googleapis/python-bigquery-pandas,BSD-3-Clause,2017-02-08 13:07:19.000,2026-08-25 19:18:10.000,1757.0,,5379.0,29,True,295.0,,pandas-gbq,conda-forge/pandas-gbq,,https://pypi.org/project/pandas-gbq,2026-08-25 19:18:10.000,2026-08-25 19:18:10.000,0.35.2,69.0,295.0,28245966.0,28282759.0,https://anaconda.org/conda-forge/pandas-gbq,2025-05-01 18:48:18.992,2612352.0,2.0,,,,,,,,,,,,,,,,,,
115,gdown,wkentaro/gdown,Google Drive public file downloader when curl/wget fails.,,data-loading,https://github.com/wkentaro/gdown,27.0,https://github.com/wkentaro/gdown,MIT,2015-10-17 03:01:23.000,2026-05-30 18:25:36.696,419.0,,5269.0,29,True,61415.0,59958.0,gdown,conda-forge/gdown,,https://pypi.org/project/gdown,2026-05-30 11:56:20.000,2026-05-30 11:56:20.000,6.1.0,96.0,1457.0,3297358.0,3305025.0,https://anaconda.org/conda-forge/gdown,2026-05-30 18:25:36.696,575089.0,2.0,,,,,,,,,,,,,,,,,,
116,MongoEngine,MongoEngine/mongoengine,A Python Object-Document-Mapper for working with MongoDB.,,db-clients,https://github.com/MongoEngine/mongoengine,405.0,https://github.com/MongoEngine/mongoengine,MIT,2012-03-05 12:10:20.000,2026-03-10 19:06:13.810,1232.0,347.0,4349.0,29,True,28536.0,28082.0,mongoengine,conda-forge/mongoengine,,https://pypi.org/project/mongoengine,2026-03-10 15:19:16.000,2026-03-10 15:19:16.000,0.29.3,79.0,454.0,2318304.0,2328569.0,https://anaconda.org/conda-forge/mongoengine,2026-03-10 19:06:13.810,728815.0,2.0,,,,,,,,,,,,,,,,,,
117,netmiko,ktbyers/netmiko,Multi-vendor library to simplify Paramiko SSH connections to network devices.,,infrastructure,https://github.com/ktbyers/netmiko,276.0,https://github.com/ktbyers/netmiko,MIT,2014-11-28 21:42:52.000,2026-05-12 18:26:12.000,1374.0,62.0,4165.0,29,True,5957.0,5683.0,netmiko,,,https://pypi.org/project/netmiko,2026-05-12 18:26:12.000,2026-05-12 18:26:12.000,4.7.0,47.0,274.0,1144124.0,1144124.0,,,,2.0,,,,,,,,,,,,,,,,,,
118,AWS Data Wrangler,awslabs/aws-data-wrangler,Pandas on AWS.,,db-clients,https://aws-sdk-pandas.readthedocs.io/,183.0,,Apache-2.0,2020-05-20 12:37:42.777,2026-08-04 10:06:25.744,738.0,,4116.0,29,True,2734.0,2584.0,awswrangler,conda-forge/awswrangler,['pandas'],https://pypi.org/project/awswrangler,2026-08-03 11:57:34.000,2026-08-03 11:57:34.000,3.17.1,167.0,150.0,86723592.0,86735719.0,https://anaconda.org/conda-forge/awswrangler,2026-08-04 10:06:25.744,921692.0,2.0,,,,,,,,,,,,,,,,,,
119,phonenumbers,daviddrysdale/python-phonenumbers,Python port of Googles libphonenumber.,,text,https://github.com/daviddrysdale/python-phonenumbers,34.0,https://github.com/daviddrysdale/python-phonenumbers,Apache-2.0,2011-04-21 03:06:38.000,2026-08-28 14:39:44.565,442.0,12.0,3769.0,29,True,987.0,,phonenumbers,conda-forge/phonenumbers,,https://pypi.org/project/phonenumbers,2026-08-28 09:48:48.000,2026-08-28 09:48:48.000,9.0.38,302.0,987.0,38572499.0,38612748.0,https://anaconda.org/conda-forge/phonenumbers,2026-08-28 14:39:44.565,2575983.0,1.0,,,,,,,,,,,,,,,,,,
120,xlwings,xlwings/xlwings,xlwings is a Python library that makes it easy to call Python from Excel and vice versa. It works with Excel on..,,data-loading,https://github.com/xlwings/xlwings,69.0,https://github.com/xlwings/xlwings,BSD-3-Clause,2014-03-17 13:03:20.000,2026-09-01 20:57:51.210,536.0,406.0,3399.0,29,True,34605.0,34294.0,xlwings,conda-forge/xlwings,,https://pypi.org/project/xlwings,2026-09-01 14:22:15.000,2026-09-01 14:22:15.000,0.37.0,222.0,311.0,920751.0,948397.0,https://anaconda.org/conda-forge/xlwings,2026-09-01 20:57:51.210,2101127.0,2.0,,,,,,,,,,,,,,,,,,
121,cerberus,pyeve/cerberus,"Lightweight, extensible data validation library for Python.",,data-validation,https://github.com/pyeve/cerberus,67.0,https://github.com/pyeve/cerberus,ISC,2012-10-10 10:03:49.000,2026-07-17 15:18:12.676,240.0,14.0,3268.0,29,True,19226.0,18459.0,cerberus,conda-forge/cerberus,,https://pypi.org/project/cerberus,2025-11-06 18:29:38.000,2025-11-06 18:29:38.000,1.3.8,30.0,767.0,5830151.0,5845694.0,https://anaconda.org/conda-forge/cerberus,2026-07-17 15:18:12.676,885957.0,2.0,,,,,,,,,,,,,,,,,,
122,plumbum,tomerfiliba/plumbum,Plumbum: Shell Combinators.,,infrastructure,https://github.com/tomerfiliba/plumbum,128.0,https://github.com/tomerfiliba/plumbum,MIT,2012-04-27 08:51:34.000,2026-07-23 04:52:55.777,205.0,137.0,3054.0,29,True,10076.0,9684.0,plumbum,conda-forge/plumbum,,https://pypi.org/project/plumbum,2026-07-22 04:13:10.000,2026-07-22 04:13:10.000,2.0.2,34.0,392.0,5492990.0,5516807.0,https://anaconda.org/conda-forge/plumbum,2026-07-23 04:52:55.777,1595768.0,2.0,,,,,,,,,,,,,,,,,,
123,python-dateutil,dateutil/dateutil,Useful extensions to the standard Python datetime features.,,date-time-utils,https://github.com/dateutil/dateutil,133.0,https://github.com/dateutil/dateutil,Apache-2.0,2014-11-19 18:56:16.000,2026-03-03 05:40:58.000,540.0,433.0,2609.0,29,True,11585.0,,python-dateutil,conda-forge/python-dateutil,,https://pypi.org/project/python-dateutil,2024-03-01 18:36:18.000,2024-03-01 03:52:51.000,2.9.0,34.0,11585.0,1114679933.0,1116427988.0,https://anaconda.org/conda-forge/python-dateutil,2025-06-28 09:49:03.395,108379458.0,3.0,,,,,,,,,,,,,,,,,,
124,deepdiff,seperman/deepdiff,Deep Difference and Search of any Python object/data. Recreate objects by adding adding deltas to each other.,,inspect,https://zepworks.com/deepdiff/,106.0,,MIT,2020-06-23 16:10:42.151,2026-05-16 14:18:08.306,268.0,,2504.0,29,True,23458.0,21979.0,deepdiff,conda-forge/deepdiff,,https://pypi.org/project/deepdiff,2026-05-15 20:18:03.000,2026-05-15 20:18:03.000,9.1.0,93.0,1479.0,71691509.0,71704488.0,https://anaconda.org/conda-forge/deepdiff,2026-05-16 14:18:08.306,973493.0,1.0,,,,,,,,,,,,,,,,,,
125,Motor,mongodb/motor,Motor - the async Python driver for MongoDB and Tornado or asyncio.,,db-clients,https://github.com/mongodb/motor,65.0,https://github.com/mongodb/motor,Apache-2.0,2013-01-11 21:34:44.000,2025-07-30 19:55:54.000,211.0,1.0,2502.0,29,False,130305.0,129551.0,motor,conda-forge/motor,,https://pypi.org/project/motor,2025-05-14 18:56:31.000,2025-05-14 18:56:31.000,3.7.1,58.0,754.0,9853946.0,9855987.0,https://anaconda.org/conda-forge/motor,2025-05-15 13:30:49.535,144927.0,2.0,,,,,,,,,,,,,,,,,,
126,msgpack,msgpack/msgpack-python,MessagePack serializer implementation for Python msgpack.org[Python].,,serialization,https://github.com/msgpack/msgpack-python,96.0,https://github.com/msgpack/msgpack-python,,2011-08-21 08:24:41.000,2026-08-31 10:01:05.347,256.0,9.0,2101.0,29,False,4432.0,,msgpack,conda-forge/msgpack-python,,https://pypi.org/project/msgpack,2026-08-27 10:01:34.000,2026-08-27 10:01:34.000,1.2.2,34.0,4432.0,248056805.0,248643655.0,https://anaconda.org/conda-forge/msgpack-python,2026-08-31 10:01:05.347,41666367.0,2.0,,,,,,,,,,,,,,,,,,
127,emoji,carpedm20/emoji,emoji terminal output for Python.,,text,https://github.com/carpedm20/emoji,70.0,https://github.com/carpedm20/emoji,BSD-3-Clause,2014-08-18 02:55:59.000,2025-09-21 16:23:07.951,298.0,27.0,2037.0,29,True,94489.0,93146.0,emoji,conda-forge/emoji,,https://pypi.org/project/emoji,2025-09-21 12:13:01.000,2025-09-21 12:13:01.000,2.15.0,55.0,1343.0,15691695.0,15695469.0,https://anaconda.org/conda-forge/emoji,2025-09-21 16:23:07.951,275516.0,1.0,,,,,,,,,,,,,,,,,,
128,simplejson,simplejson/simplejson,"simplejson is a simple, fast, extensible JSON encoder/decoder for Python.",,serialization,https://github.com/simplejson/simplejson,52.0,https://github.com/simplejson/simplejson,MIT,2011-02-06 05:47:45.000,2026-08-27 10:01:00.234,355.0,13.0,1711.0,29,True,155476.0,152474.0,simplejson,conda-forge/simplejson,,https://pypi.org/project/simplejson,2026-08-27 00:36:23.000,2026-08-27 00:36:23.000,4.1.2,115.0,3002.0,,72605.0,https://anaconda.org/conda-forge/simplejson,2026-08-27 10:01:00.234,5517999.0,2.0,,,,,,,,,,,,,,,,,,
129,python-slugify,un33k/python-slugify,Returns unicode slugs.,,text,https://github.com/un33k/python-slugify,40.0,https://github.com/un33k/python-slugify,MIT,2012-10-15 01:44:50.000,2026-04-27 11:17:17.000,133.0,17.0,1623.0,29,True,122208.0,120742.0,python-slugify,conda-forge/python-slugify,,https://pypi.org/project/python-slugify,2024-02-08 18:32:43.000,2024-02-08 18:32:43.000,8.0.4,48.0,1466.0,79820136.0,79874878.0,https://anaconda.org/conda-forge/python-slugify,2025-04-22 14:56:28.010,4050943.0,1.0,,,,,,,,,,,,,,,,,,
130,Cassandra Driver,datastax/python-driver,Apache Cassandra Python Driver.,,db-clients,https://github.com/apache/cassandra-python-driver/,217.0,,Apache-2.0,2020-08-11 00:16:00.446,2026-07-11 16:20:44.630,581.0,,1427.0,29,True,11169.0,10836.0,cassandra-driver,conda-forge/cassandra-driver,,https://pypi.org/project/cassandra-driver,2026-07-06 20:12:57.000,2026-07-06 20:12:57.000,3.30.1,81.0,333.0,5859559.0,5869123.0,https://anaconda.org/conda-forge/cassandra-driver,2026-07-11 16:20:44.630,698219.0,2.0,,,,,,,,,,,,,,,,,,
131,keyring,jaraco/keyring,Store and access your passwords safely.,,cryptography,https://github.com/jaraco/keyring,130.0,https://github.com/jaraco/keyring,,2015-02-24 14:10:21.000,2025-11-16 19:29:59.624,175.0,82.0,1388.0,29,False,170671.0,166532.0,keyring,conda-forge/keyring,,https://pypi.org/project/keyring,2025-11-16 16:26:08.000,2025-11-16 16:26:08.000,25.7.0,204.0,4139.0,199354347.0,199616731.0,https://anaconda.org/conda-forge/keyring,2025-11-16 19:29:59.624,19416460.0,3.0,,,,,,,,,,,,,,,,,,
132,jsonpickle,jsonpickle/jsonpickle,Python library for serializing any arbitrary object graph into JSON. It can take almost any Python object and turn the..,,serialization,https://github.com/jsonpickle/jsonpickle,90.0,https://github.com/jsonpickle/jsonpickle,BSD-3-Clause,2009-12-10 03:59:23.000,2026-05-28 12:16:36.210,179.0,30.0,1318.0,29,True,52210.0,50602.0,jsonpickle,conda-forge/jsonpickle,,https://pypi.org/project/jsonpickle,2026-05-28 04:06:32.000,2026-05-28 03:50:10.000,4.1.2,61.0,1608.0,18147400.0,18185436.0,https://anaconda.org/conda-forge/jsonpickle,2026-05-28 12:16:36.210,2472383.0,2.0,,,,,,,,,,,,,,,,,,
133,validators,kvesteri/validators,Python Data Validation for Humans.,,data-validation,https://python-validators.github.io/validators,64.0,,MIT,2020-07-16 11:30:58.403,2025-05-03 10:14:30.474,189.0,,1120.0,29,False,160073.0,152505.0,validators,conda-forge/validators,,https://pypi.org/project/validators,2025-05-01 05:42:04.000,2025-05-01 05:42:04.000,0.35.0,60.0,7568.0,26472345.0,26493622.0,https://anaconda.org/conda-forge/validators,2025-05-03 10:14:30.474,1574550.0,2.0,,,,,,,,,,,,,,,,,,
134,fastcore,fastai/fastcore,Python supercharged for fastai development.,,others,http://fastcore.fast.ai,84.0,,Apache-2.0,2021-12-30 08:08:43.937,2026-09-03 11:07:52.602,294.0,,1105.0,29,True,14744.0,13471.0,fastcore,conda-forge/fastcore,,https://pypi.org/project/fastcore,2026-09-03 01:18:22.000,2026-09-03 01:18:22.000,2.2.21,356.0,1273.0,61770302.0,61776793.0,https://anaconda.org/conda-forge/fastcore,2026-09-03 11:07:52.602,370019.0,2.0,,,,,,,,,,,,,,,,,,
135,python-bigquery,googleapis/python-bigquery,This library has moved to https://github.com/googleapis/google-cloud-python/tree/main/packages/google-cloud-bigquery.,,db-clients,https://github.com/googleapis/python-bigquery,177.0,https://github.com/googleapis/python-bigquery,Apache-2.0,2019-12-10 00:09:04.000,2026-08-26 08:18:32.346,324.0,,798.0,29,True,1907.0,,google-cloud-bigquery,conda-forge/google-cloud-bigquery,,https://pypi.org/project/google-cloud-bigquery,2026-08-24 21:55:19.000,2026-08-24 21:55:19.000,3.44.0,192.0,1907.0,168915663.0,168970719.0,https://anaconda.org/conda-forge/google-cloud-bigquery,2026-08-26 08:18:32.346,4074147.0,2.0,,,,,,,,,,,,,,,,,,
136,ptyprocess,pexpect/ptyprocess,Run a subprocess in a pseudo terminal.,,process-utils,https://github.com/pexpect/ptyprocess,22.0,https://github.com/pexpect/ptyprocess,ISC,2014-10-02 16:52:41.000,2025-07-17 11:34:46.000,69.0,20.0,230.0,29,False,481123.0,480352.0,ptyprocess,conda-forge/ptyprocess,,https://pypi.org/project/ptyprocess,2020-12-28 15:15:28.000,2020-12-28 15:15:28.000,0.7.0,10.0,771.0,170609315.0,171171242.0,https://anaconda.org/conda-forge/ptyprocess,2025-04-22 14:56:22.021,38772989.0,2.0,,,,,,,,,,,,,,,,,,
137,isodate,gweis/isodate,ISO 8601 date/time parser.,,date-time-utils,https://github.com/gweis/isodate,24.0,https://github.com/gweis/isodate,BSD-3-Clause,2012-10-29 23:32:06.000,2025-04-22 14:56:20.901,60.0,27.0,168.0,29,False,128247.0,127376.0,isodate,conda-forge/isodate,,https://pypi.org/project/isodate,2024-10-08 23:04:09.000,2024-10-08 23:04:09.000,0.7.2,19.0,871.0,216677816.0,216861184.0,https://anaconda.org/conda-forge/isodate,2025-04-22 14:56:20.901,10451987.0,3.0,,,,,,,,,,,,,,,,,,
138,docker-compose,docker/compose,Define and run multi-container applications with Docker.,,infrastructure,https://github.com/docker/compose,660.0,https://github.com/docker/compose,Apache-2.0,2013-12-09 11:40:58.000,2026-08-28 07:39:01.000,5794.0,103.0,38068.0,28,True,498.0,250.0,docker-compose,conda-forge/docker-compose,,https://pypi.org/project/docker-compose,2021-05-10 11:22:10.000,2021-05-10 11:22:10.000,1.29.2,144.0,248.0,1036958.0,1049195.0,https://anaconda.org/conda-forge/docker-compose,2026-07-07 17:00:37.617,917837.0,3.0,,,,,,,,,,,,,,,,,,
139,fabric,fabric/fabric,"Simple, Pythonic remote execution and deployment.",,infrastructure,https://github.com/fabric/fabric,136.0,https://github.com/fabric/fabric,BSD-2-Clause,2009-05-01 01:14:24.000,2026-04-10 13:53:02.000,1965.0,500.0,15419.0,28,True,476.0,24.0,fabric,conda-forge/fabric,,https://pypi.org/project/fabric,2026-04-06 00:00:10.000,2026-04-06 00:00:10.000,3.2.3,131.0,452.0,10656082.0,10665686.0,https://anaconda.org/conda-forge/fabric,2026-04-06 06:36:31.669,653095.0,3.0,,,,,,,,,,,,,,,,,,
140,Kedro,kedro-org/kedro,Kedro is a toolbox for production-ready data science. It uses software engineering best practices to help you create..,,data-pipelines,https://github.com/kedro-org/kedro,296.0,https://github.com/kedro-org/kedro,Apache-2.0,2019-04-18 10:29:56.000,2026-06-29 14:53:18.000,1046.0,163.0,10904.0,28,True,3442.0,3280.0,kedro,,,https://pypi.org/project/kedro,2026-06-29 14:53:18.000,2026-06-29 14:53:18.000,1.5.0,73.0,162.0,1190782.0,1190782.0,,,,2.0,,,,,,,,,,,,,,,,,,
141,pendulum,sdispater/pendulum,Python datetimes made easy.,,date-time-utils,https://pendulum.eustace.io,131.0,,MIT,2020-07-13 13:46:20.813,2026-01-31 13:51:27.647,415.0,,6613.0,28,True,42184.0,40602.0,pendulum,conda-forge/pendulum,,https://pypi.org/project/pendulum,2026-01-30 11:20:36.000,2026-01-30 11:20:36.000,3.2.0,57.0,1582.0,66023567.0,66055849.0,https://anaconda.org/conda-forge/pendulum,2026-01-31 13:51:27.647,2388907.0,3.0,,,,,,,,,,,,,,,,,,
142,Ibis,ibis-project/ibis,the portable Python dataframe library.,,db-clients,https://github.com/ibis-project/ibis,520.0,https://github.com/ibis-project/ibis,Apache-2.0,2015-04-17 20:43:46.000,2026-06-01 13:41:59.261,722.0,499.0,6544.0,28,True,5501.0,5369.0,ibis-framework,conda-forge/ibis-framework,,https://pypi.org/project/ibis-framework,2026-02-07 14:31:10.000,2026-02-07 14:31:10.000,12.0.0,181.0,132.0,3926714.0,3941515.0,https://anaconda.org/conda-forge/ibis-framework,2026-06-01 13:41:59.261,1110109.0,2.0,,,,,,,,,,,,,,,,,,
143,google-cloud-bigtable,googleapis/python-bigtable,This library has moved to https://github.com/googleapis/google-cloud-python/tree/main/packages/google-cloud-bigtable.,,db-clients,https://github.com/googleapis/python-bigtable,80.0,https://github.com/googleapis/python-bigtable,Apache-2.0,2019-12-10 00:09:10.000,2026-08-26 07:51:04.129,1757.0,,5379.0,28,True,73.0,,google-cloud-bigtable,conda-forge/google-cloud-bigtable,,https://pypi.org/project/google-cloud-bigtable,2026-08-24 21:55:21.000,2026-08-24 21:55:21.000,2.43.0,100.0,73.0,62842491.0,62846214.0,https://anaconda.org/conda-forge/google-cloud-bigtable,2026-08-26 07:51:04.129,249491.0,2.0,,,,,,,,,,,,,,,,,,
144,toolz,pytoolz/toolz,A functional standard library for Python.,,utilities,https://github.com/pytoolz/toolz,82.0,https://github.com/pytoolz/toolz,,2013-09-13 02:18:43.000,2025-12-01 20:21:45.000,270.0,122.0,5086.0,28,False,212035.0,210345.0,toolz,conda-forge/toolz,,https://pypi.org/project/toolz,2025-10-17 04:03:20.000,2025-10-17 04:03:20.000,1.1.0,31.0,1690.0,60340319.0,60816389.0,https://anaconda.org/conda-forge/toolz,2025-10-17 13:30:58.070,34277053.0,2.0,,,,,,,,,,,,,,,,,,
145,python-sortedcontainers,grantjenks/python-sortedcontainers,"Python Sorted Container Types: Sorted List, Sorted Dict, and Sorted Set.",,data-structures,https://github.com/grantjenks/python-sortedcontainers,24.0,https://github.com/grantjenks/python-sortedcontainers,Apache-2.0,2014-02-24 17:44:20.000,2025-04-22 14:56:25.064,223.0,35.0,3905.0,28,False,1257.0,,sortedcontainers,conda-forge/sortedcontainers,,https://pypi.org/project/sortedcontainers,2021-05-16 22:03:41.000,2021-05-16 22:03:41.000,2.4.0,40.0,1257.0,252971660.0,253367479.0,https://anaconda.org/conda-forge/sortedcontainers,2025-04-22 14:56:25.064,29686482.0,2.0,,,,,,,,,,,,,,,,,,
146,Pony,ponyorm/pony,Pony Object Relational Mapper.,,db-clients,https://github.com/ponyorm/pony,34.0,https://github.com/ponyorm/pony,Apache-2.0,2013-02-08 04:56:00.000,2026-08-10 02:45:48.843,256.0,359.0,3824.0,28,True,4869.0,4678.0,pony,conda-forge/pony,,https://pypi.org/project/pony,2026-08-09 12:42:18.000,2026-08-09 12:42:18.000,0.7.20,55.0,191.0,674361.0,678633.0,https://anaconda.org/conda-forge/pony,2026-08-10 02:45:48.843,299073.0,2.0,,,,,,,,,,,,,,,,,,
147,pyodbc,mkleehammer/pyodbc,Python ODBC bridge.,,db-clients,https://github.com/mkleehammer/pyodbc,64.0,https://github.com/mkleehammer/pyodbc,MIT-0,2008-10-03 15:19:37.000,2026-06-27 05:29:12.699,570.0,56.0,3082.0,28,False,76352.0,74834.0,pyodbc,conda-forge/pyodbc,,https://pypi.org/project/pyodbc,2025-10-17 18:02:58.000,2025-10-17 18:02:58.000,5.3.0,66.0,1518.0,37428012.0,37463698.0,https://anaconda.org/conda-forge/pyodbc,2026-06-27 05:29:12.699,2533751.0,2.0,,,,,,,,,,,,,,,,,,
148,datasketch,ekzhu/datasketch,"MinHash, LSH, LSH Forest, Weighted MinHash, HyperLogLog, HyperLogLog++, LSH Ensemble and HNSW.",,data-containers,https://github.com/ekzhu/datasketch,39.0,https://github.com/ekzhu/datasketch,MIT,2015-03-20 01:21:46.000,2026-07-05 06:36:29.000,317.0,54.0,2940.0,28,True,2857.0,2637.0,datasketch,,,https://pypi.org/project/datasketch,2026-07-05 06:36:29.000,2026-07-05 06:36:29.000,2.0.0,92.0,220.0,5595852.0,5595852.0,,,,2.0,,,,,,,,,,,,,,,,,,
149,PyPika,kayak/pypika,PyPika is a python SQL query builder that exposes the full richness of the SQL language using a syntax that reflects..,,db-clients,https://github.com/kayak/pypika,119.0,https://github.com/kayak/pypika,Apache-2.0,2016-07-06 14:08:50.000,2026-02-04 11:27:46.000,330.0,230.0,2905.0,28,True,47629.0,47397.0,pypika,conda-forge/pypika,,https://pypi.org/project/pypika,2026-02-04 11:27:46.000,2026-02-04 11:27:46.000,0.51.1,217.0,232.0,11135832.0,11137781.0,https://anaconda.org/conda-forge/pypika,2026-02-02 19:08:16.299,115049.0,2.0,,,,,,,,,,,,,,,,,,
150,mysqlclient,PyMySQL/mysqlclient,MySQL/MariaDB connector for Python.,,db-clients,https://github.com/PyMySQL/mysqlclient,93.0,https://github.com/PyMySQL/mysqlclient,GPL-2.0,2014-04-28 05:09:06.000,2026-03-03 16:43:52.172,446.0,10.0,2525.0,28,True,211233.0,210149.0,mysqlclient,conda-forge/mysqlclient,,https://pypi.org/project/mysqlclient,2026-02-10 10:58:40.000,2026-02-10 10:58:40.000,2.2.8,44.0,1084.0,18627020.0,18640422.0,https://anaconda.org/conda-forge/mysqlclient,2026-03-03 16:43:52.172,991807.0,2.0,,,,,,,,,,,,,,,,,,
151,jmespath,jmespath/jmespath.py,JMESPath is a query language for JSON.,,file-formats,https://github.com/jmespath/jmespath.py,32.0,https://github.com/jmespath/jmespath.py,MIT,2013-02-19 22:16:36.000,2026-02-03 03:11:58.000,193.0,60.0,2411.0,28,True,2002.0,,jmespath,conda-forge/jmespath,,https://pypi.org/project/jmespath,2026-01-22 16:35:24.000,2026-01-22 16:35:24.000,1.1.0,27.0,2002.0,608485617.0,609133664.0,https://anaconda.org/conda-forge/jmespath,2026-01-23 09:50:19.103,34994541.0,3.0,,,,,,,,,,,,,,,,,,
152,cloudpickle,cloudpipe/cloudpickle,Extended pickling support for Python objects.,,serialization,https://github.com/cloudpipe/cloudpickle,80.0,https://github.com/cloudpipe/cloudpickle,BSD-3-Clause,2015-04-13 16:33:00.000,2026-08-06 13:10:49.000,193.0,109.0,1936.0,28,True,2326.0,,cloudpickle,conda-forge/cloudpickle,,https://pypi.org/project/cloudpickle,2025-11-03 09:25:25.000,2025-11-03 09:25:25.000,3.1.2,42.0,2326.0,147695669.0,148201952.0,https://anaconda.org/conda-forge/cloudpickle,2025-12-09 18:04:41.140,37464949.0,3.0,,,,,,,,,,,,,,,,,,
153,questionary,tmbo/questionary,"Python library to build pretty command line user prompts Easy to use multi-select lists, confirmations, free text..",,cli-helpers,https://github.com/tmbo/questionary,57.0,https://github.com/tmbo/questionary,MIT,2018-12-01 17:55:17.000,2025-09-08 18:35:18.765,99.0,72.0,1850.0,28,True,26317.0,24878.0,questionary,conda-forge/questionary,,https://pypi.org/project/questionary,2025-08-28 19:00:19.000,2025-08-28 19:00:19.000,2.1.1,24.0,1439.0,24629531.0,24636914.0,https://anaconda.org/conda-forge/questionary,2025-09-08 18:35:18.765,509440.0,3.0,,,,,,,,,,,,,,,,,,
154,petl,petl-developers/petl,Python Extract Transform and Load Tables of Data.,,data-pipelines,https://github.com/petl-developers/petl,73.0,https://github.com/petl-developers/petl,MIT,2011-08-19 09:51:03.000,2026-08-20 00:34:02.143,205.0,88.0,1315.0,28,True,4410.0,4353.0,petl,conda-forge/petl,,https://pypi.org/project/petl,2026-08-19 20:56:57.000,2026-08-19 20:56:57.000,1.7.24,99.0,57.0,798599.0,805719.0,https://anaconda.org/conda-forge/petl,2026-08-20 00:34:02.143,534074.0,2.0,,,,,,,,,,,,,,,http://petl.readthedocs.org,,,
155,py4j,bartdag/py4j,Enables Python programs to dynamically access arbitrary Java objects.,,others,https://www.py4j.org/,45.0,,BSD-3-Clause,2021-10-18 08:52:06.652,2025-04-22 14:56:26.456,231.0,,1287.0,28,False,55929.0,55592.0,py4j,conda-forge/py4j,,https://pypi.org/project/py4j,2025-01-15 03:53:15.000,2020-01-25 14:40:31.000,0.10.9,34.0,337.0,92055179.0,92308214.0,https://anaconda.org/conda-forge/py4j,2025-04-22 14:56:26.456,14929122.0,2.0,,,,,,,,,,,,,,,,,,
156,sshtunnel,pahaz/sshtunnel,SSH tunnels to remote server.,,infrastructure,https://github.com/pahaz/sshtunnel,27.0,https://github.com/pahaz/sshtunnel,MIT,2014-06-11 21:14:05.000,2025-04-22 14:56:28.186,184.0,64.0,1213.0,28,False,10343.0,9993.0,sshtunnel,conda-forge/sshtunnel,,https://pypi.org/project/sshtunnel,2021-01-11 13:28:30.784,2021-01-11 13:28:30.784,0.4.0,28.0,350.0,25635033.0,25642129.0,https://anaconda.org/conda-forge/sshtunnel,2025-04-22 14:56:28.186,503879.0,3.0,,,,,,,,,,,,,,,,,,
157,Bottleneck,pydata/bottleneck,Fast NumPy array functions written in C.,,data-containers,https://github.com/pydata/bottleneck,42.0,https://github.com/pydata/bottleneck,BSD-2-Clause,2010-11-27 23:21:22.000,2026-07-25 16:29:36.000,115.0,63.0,1181.0,28,True,60836.0,60056.0,Bottleneck,conda-forge/bottleneck,,https://pypi.org/project/Bottleneck,2026-07-25 16:29:36.000,2025-09-08 16:29:35.000,1.6.0,54.0,780.0,9502903.0,9609661.0,https://anaconda.org/conda-forge/bottleneck,2025-11-10 12:18:19.870,7579843.0,2.0,,,,,,,,,,,,,,,,,,
158,pyahocorasick,WojciechMula/pyahocorasick,Python module (C extension and plain python) implementing Aho-Corasick algorithm.,,text,https://github.com/WojciechMula/pyahocorasick,33.0,https://github.com/WojciechMula/pyahocorasick,BSD-3-Clause,2013-05-30 19:55:46.000,2026-09-02 14:47:39.084,142.0,32.0,1099.0,28,True,4679.0,4411.0,pyahocorasick,conda-forge/pyahocorasick,,https://pypi.org/project/pyahocorasick,2026-04-27 16:30:25.000,2026-04-27 16:30:25.000,2.3.1,33.0,268.0,5734617.0,5743048.0,https://anaconda.org/conda-forge/pyahocorasick,2026-09-02 14:47:39.084,598617.0,2.0,,,,,,,,,,,,1.0,,,,,,
159,appdirs,ActiveState/appdirs,"A small Python module for determining appropriate platform-specific dirs, e.g. a user data dir.",,file-path-utils,https://github.com/ActiveState/appdirs,34.0,https://github.com/ActiveState/appdirs,MIT,2010-07-28 04:07:00.000,2025-04-22 14:56:20.880,98.0,48.0,1067.0,28,False,342919.0,338429.0,appdirs,conda-forge/appdirs,,https://pypi.org/project/appdirs,2020-05-11 07:59:49.000,2020-05-11 07:59:49.000,1.4.4,8.0,4490.0,32142603.0,32392337.0,https://anaconda.org/conda-forge/appdirs,2025-04-22 14:56:20.880,17731180.0,3.0,,,,,,,,,,,,,,,,,,
160,cached-property,pydanny/cached-property,A decorator for caching properties in classes.,,caching,https://github.com/pydanny/cached-property,25.0,https://github.com/pydanny/cached-property,BSD-3-Clause,2014-05-17 22:42:24.000,2026-08-25 17:21:27.896,79.0,40.0,703.0,28,True,60035.0,58471.0,cached-property,conda-forge/cached-property,,https://pypi.org/project/cached-property,2024-10-25 15:43:54.000,2024-10-25 15:43:54.000,2.0.1,19.0,1564.0,24285962.0,24699196.0,https://anaconda.org/conda-forge/cached-property,2026-08-25 17:21:27.896,27273482.0,2.0,,,,,,,,,,,,,,,,,,
161,asn1crypto,wbond/asn1crypto,Python ASN.1 library with a focus on performance and a pythonic API.,,cryptography,https://github.com/wbond/asn1crypto,40.0,https://github.com/wbond/asn1crypto,MIT,2015-06-03 18:51:56.000,2025-04-22 14:56:37.840,140.0,52.0,335.0,28,False,127883.0,127283.0,asn1crypto,conda-forge/asn1crypto,,https://pypi.org/project/asn1crypto,2022-03-15 14:46:51.000,2022-03-15 14:46:51.000,1.5.1,33.0,600.0,157678699.0,157820773.0,https://anaconda.org/conda-forge/asn1crypto,2025-04-22 14:56:37.840,10513500.0,3.0,,,,,,,,,,,,,,,,,,
162,zipp,jaraco/zipp,Backport of pathlib-compatible object wrapper for zip files.,,file-path-utils,https://github.com/jaraco/zipp,35.0,https://github.com/jaraco/zipp,,2018-11-15 21:24:48.000,2026-05-19 18:13:53.000,67.0,12.0,67.0,28,False,916387.0,913000.0,zipp,conda-forge/zipp,,https://pypi.org/project/zipp,2026-05-18 20:08:57.000,2026-05-18 20:08:57.000,4.1.0,64.0,3387.0,489148539.0,490349031.0,https://anaconda.org/conda-forge/zipp,2026-05-19 03:06:07.565,86435467.0,3.0,,,,,,,,,,,,,,,,,,
163,DearPyGui,hoffstadt/DearPyGui,Dear PyGui: A fast and powerful Graphical User Interface Toolkit for Python with minimal dependencies.,,gui-dev,https://github.com/hoffstadt/DearPyGui,76.0,https://github.com/hoffstadt/DearPyGui,MIT,2020-05-28 17:12:57.000,2026-05-01 22:45:46.000,782.0,388.0,15392.0,27,True,4675.0,4461.0,dearpygui,,,https://pypi.org/project/dearpygui,2026-05-01 22:45:46.000,2026-05-01 22:45:46.000,2.3.1,230.0,214.0,191442.0,191442.0,,,,2.0,,,,,,,,,,,,,,,,,,
164,tink,google/tink,"A multi-language, cross-platform library that provides cryptographic APIs that are secure, easy to use correctly, and..",,cryptography,https://github.com/tink-crypto/tink-py,118.0,,Apache-2.0,,2026-08-13 02:12:35.000,1188.0,,13537.0,27,True,1660.0,1635.0,tink,,,https://pypi.org/project/tink,2026-08-13 02:12:35.000,2026-08-13 02:12:35.000,1.16.1,17.0,22.0,2039533.0,2040909.0,,,,3.0,tink-crypto,https://www.npmjs.com/package/tink-crypto,2023-05-02 19:29:05.212,3.0,1376.0,,,,,,,,,,,,,
165,python-prompt-toolkit,prompt-toolkit/python-prompt-toolkit,Library for building powerful interactive command line applications in Python.,,cli-helpers,https://github.com/prompt-toolkit/python-prompt-toolkit,248.0,https://github.com/prompt-toolkit/python-prompt-toolkit,BSD-3-Clause,2014-01-25 22:12:08.000,2026-07-27 13:57:36.022,802.0,705.0,10545.0,27,True,,,prompt_toolkit,conda-forge/prompt-toolkit,,https://pypi.org/project/prompt_toolkit,2026-07-26 20:56:12.000,2026-07-26 20:56:12.000,3.0.53,41.0,,230850679.0,231501233.0,https://anaconda.org/conda-forge/prompt-toolkit,2026-07-27 13:57:36.022,47490489.0,3.0,,,,,,,,,,,,,,,,,,
166,zenml,zenml-io/zenml,ZenML : One AI Platform from Pipelines to Agents. https://zenml.io.,,data-pipelines,https://github.com/zenml-io/zenml,154.0,https://github.com/zenml-io/zenml,Apache-2.0,2020-11-19 09:25:46.000,2026-08-11 15:02:08.000,648.0,150.0,5551.0,27,True,1470.0,1455.0,zenml,,,https://pypi.org/project/zenml,2026-08-07 13:06:29.000,2026-08-07 13:06:29.000,0.96.3,196.0,15.0,250339.0,250339.0,,,,2.0,,,,,,,,,,,,,,,,,,
167,dataset,pudo/dataset,"Easy-to-use data handling for SQL data stores with support for implicit table creation, bulk loading, and transactions.",,db-clients,https://github.com/pudo/dataset,81.0,https://github.com/pudo/dataset,MIT,2013-04-01 14:57:55.000,2026-04-12 10:06:50.000,297.0,21.0,4862.0,27,True,5330.0,5180.0,dataset,conda-forge/dataset,,https://pypi.org/project/dataset,2026-04-12 09:59:36.000,2026-04-12 09:59:36.000,2.0.0,58.0,150.0,2114134.0,2114440.0,https://anaconda.org/conda-forge/dataset,2025-09-17 20:26:50.685,20256.0,3.0,,,,,,,,,,,,,,,,,,
168,textract,deanmalmgren/textract,extract text from any document. no muss. no fuss.,,data-loading,https://github.com/deanmalmgren/textract,48.0,https://github.com/deanmalmgren/textract,MIT,2014-07-03 20:36:59.000,2026-09-01 15:55:57.082,717.0,57.0,4702.0,27,True,5017.0,4920.0,textract,conda-forge/textract,,https://pypi.org/project/textract,2026-09-01 12:54:26.000,2026-09-01 12:54:26.000,2.1.0,20.0,97.0,362854.0,365145.0,https://anaconda.org/conda-forge/textract,2026-09-01 15:55:57.082,146658.0,2.0,,,,,,,,,,,,1.0,,,,,,
169,ultrajson,ultrajson/ultrajson,Ultra fast JSON decoder and encoder written in C with Python bindings.,,serialization,https://github.com/ultrajson/ultrajson,96.0,https://github.com/ultrajson/ultrajson,,2011-02-27 20:00:51.000,2026-08-13 11:22:04.203,387.0,32.0,4489.0,27,False,2861.0,,ujson,conda-forge/ujson,,https://pypi.org/project/ujson,2026-06-14 22:34:58.000,2026-06-14 22:34:58.000,5.13.0,42.0,2861.0,31300749.0,31415250.0,https://anaconda.org/conda-forge/ujson,2026-08-13 11:22:04.203,8587617.0,3.0,,,,,,,,,,,,,,,,,,
170,pandera,pandera-dev/pandera,A light-weight and flexible data validation and testing tool for statistical data objects.,,data-containers,https://github.com/pandera-dev/pandera,215.0,,,2020-10-21 19:35:41.519,2026-09-02 01:34:27.325,435.0,,4446.0,27,False,4413.0,3839.0,pandera,conda-forge/pandera-core,['pandas'],https://pypi.org/project/pandera,2026-09-01 15:56:05.000,2026-09-01 15:56:05.000,0.33.1,125.0,574.0,9036386.0,9038142.0,https://anaconda.org/conda-forge/pandera-core,2026-09-02 01:34:27.325,124693.0,2.0,,,,,,,,,,,,,,,,,,
171,returns,dry-python/returns,"Make your functions return something meaningful, typed, and safe!.",,utilities,https://github.com/dry-python/returns,74.0,https://github.com/dry-python/returns,BSD-2-Clause,2019-01-26 13:08:38.000,2026-08-03 14:35:35.878,151.0,85.0,4340.0,27,True,1293.0,1052.0,returns,conda-forge/returns,,https://pypi.org/project/returns,2026-08-02 08:36:28.000,2026-08-02 08:36:28.000,0.29.0,30.0,241.0,1657264.0,1658771.0,https://anaconda.org/conda-forge/returns,2026-08-03 14:35:35.878,96469.0,2.0,,,,,,,,,,,,,,,,,,
172,keyboard,boppreh/keyboard,Hook and simulate global keyboard events on Windows and Linux.,,others,https://github.com/boppreh/keyboard,41.0,https://github.com/boppreh/keyboard,MIT,2013-05-07 22:55:07.000,2025-11-03 14:50:16.222,434.0,408.0,3812.0,27,True,28003.0,27278.0,keyboard,conda-forge/keyboard,,https://pypi.org/project/keyboard,2020-03-23 21:49:28.677,2020-03-23 21:49:28.677,0.13.5,35.0,725.0,781122.0,782460.0,https://anaconda.org/conda-forge/keyboard,2025-11-03 14:50:16.222,84344.0,3.0,,,,,,,,,,,,,,,,,,
173,psycopg2,psycopg/psycopg2,PostgreSQL database adapter for the Python programming language.,,db-clients,https://github.com/psycopg/psycopg2,144.0,https://github.com/psycopg/psycopg2,BSD-3-Clause-Attribution,2013-01-21 11:05:11.000,2026-09-02 13:07:22.348,546.0,28.0,3653.0,27,False,869892.0,865337.0,psycopg2,psycopg2,,https://pypi.org/project/psycopg2,2026-04-20 23:33:13.000,2026-08-28 10:31:28.000,2.9.12,65.0,4517.0,,3296.0,https://anaconda.org/anaconda/psycopg2,2026-09-02 13:07:22.348,428541.0,3.0,,,,,,,,,,,,-5.0,38.0,,,,,
174,pycparser,eliben/pycparser,Complete C99 parser in pure Python.,,others,https://github.com/eliben/pycparser,95.0,https://github.com/eliben/pycparser,,2013-06-09 22:01:56.000,2026-08-24 13:04:20.000,646.0,31.0,3563.0,27,False,1161925.0,1158783.0,pycparser,conda-forge/pycparser,,https://pypi.org/project/pycparser,2026-01-21 14:26:50.000,,,24.0,3142.0,,1120587.0,https://anaconda.org/conda-forge/pycparser,2026-05-20 16:46:20.199,84044030.0,3.0,,,,,,,,,,,,,,,,,,
175,Copier,copier-org/copier,Library and command-line utility for rendering projects templates.,,others,https://github.com/copier-org/copier,128.0,https://github.com/copier-org/copier,MIT,2011-11-01 19:22:44.000,2026-09-01 15:46:48.000,271.0,141.0,3554.0,27,True,2469.0,2052.0,copier,,,https://pypi.org/project/copier,2026-09-01 15:46:48.000,2026-09-01 15:46:48.000,9.18.1,96.0,417.0,1976034.0,1976034.0,,,,3.0,,,,,,,,,,,,,,,,,,
176,smart-open,RaRe-Technologies/smart_open,"Utils for streaming large files (S3, HDFS, GCS, SFTP, Azure Blob Storage, gzip, bz2, zst...).",,data-loading,https://github.com/piskvorky/smart_open,134.0,,MIT,2020-07-01 07:11:39.502,2026-07-15 17:50:25.668,389.0,,3450.0,27,True,703.0,,smart-open,conda-forge/smart_open,,https://pypi.org/project/smart-open,2026-07-15 13:56:09.000,2026-07-15 13:56:09.000,8.0.1,79.0,703.0,71191098.0,71260848.0,https://anaconda.org/conda-forge/smart_open,2026-07-15 17:50:25.668,5161519.0,2.0,,,,,,,,,,,,,,,,,,
177,python-decouple,henriquebastos/python-decouple,Strict separation of settings from code.,,configuration,http://github.com/henriquebastos/python-decouple/,36.0,,MIT,2020-08-12 15:02:34.898,2025-04-22 14:56:41.760,217.0,,3034.0,27,False,172209.0,171501.0,python-decouple,conda-forge/python-decouple,,https://pypi.org/project/python-decouple,2023-03-01 19:40:02.580,,,12.0,708.0,7953391.0,7955563.0,https://anaconda.org/conda-forge/python-decouple,2025-04-22 14:56:41.760,158624.0,2.0,,,,,,,,,,,,,,,,,,
178,arq,samuelcolvin/arq,Job queues in python with asyncio and redis.,,data-pipelines,https://github.com/python-arq/arq,67.0,,MIT,2021-04-20 09:24:29.048,2026-08-03 13:01:50.277,212.0,,2877.0,27,True,1582.0,1500.0,arq,conda-forge/arq,,https://pypi.org/project/arq,2026-04-16 10:50:22.000,2026-04-16 10:50:22.000,0.28.0,65.0,82.0,4580722.0,4581139.0,https://anaconda.org/conda-forge/arq,2026-08-03 13:01:50.277,27123.0,2.0,,,,,,,,,,,,,,,,,,
179,addict,mewwts/addict,The Python Dict thats better than heroin.,,data-structures,https://github.com/mewwts/addict,34.0,https://github.com/mewwts/addict,MIT,2014-12-10 06:55:25.000,2026-03-24 07:10:55.000,131.0,25.0,2548.0,27,True,18170.0,17719.0,addict,conda-forge/addict,,https://pypi.org/project/addict,2020-11-21 16:21:29.000,2020-11-21 16:21:29.000,2.4.0,31.0,451.0,7150946.0,7166515.0,https://anaconda.org/conda-forge/addict,2025-12-02 13:18:06.785,1121012.0,2.0,,,,,,,,,,,,,,,,,,
180,glom,mahmoud/glom,"Pythons nested data operator (and CLI), for all your declarative restructuring needs. Got data? Glom it!.",,data-structures,https://github.com/mahmoud/glom,24.0,https://github.com/mahmoud/glom,BSD-3-Clause,2018-04-18 06:03:24.000,2026-07-17 18:49:45.000,77.0,128.0,2163.0,27,True,3889.0,3638.0,glom,conda-forge/glom,,https://pypi.org/project/glom,2025-12-29 06:29:06.000,2025-12-29 06:29:06.000,25.12.0,28.0,251.0,23879459.0,23880392.0,https://anaconda.org/conda-forge/glom,2025-12-29 17:31:58.501,68134.0,2.0,,,,,,,,,,,,,,,,,,
181,typing,python/typing,Python static typing home. Hosts the documentation and a user help forum.,,compatibility,https://github.com/python/typing,153.0,https://github.com/python/typing,Python-2.0,2014-09-29 16:54:42.000,2026-03-13 22:26:47.000,290.0,214.0,1740.0,27,True,3277.0,,typing,conda-forge/typing,,https://pypi.org/project/typing,2021-05-01 18:03:55.000,2019-06-19 22:31:20.000,3.7.4,16.0,3277.0,4320387.0,4379204.0,https://anaconda.org/conda-forge/typing,2025-04-22 14:56:21.050,4470163.0,2.0,,,,,,,,,,,,,,,,,,
182,aiocache,aio-libs/aiocache,"Asyncio cache manager for redis, memcached and memory.",,caching,https://github.com/aio-libs/aiocache,53.0,https://github.com/aio-libs/aiocache,BSD-3-Clause,2016-09-30 09:25:51.000,2026-01-05 18:16:06.000,173.0,63.0,1397.0,27,True,5253.0,5106.0,aiocache,,,https://pypi.org/project/aiocache,2024-09-25 13:20:22.000,2024-09-25 13:20:22.000,0.12.3,45.0,147.0,7590522.0,7590522.0,,,,2.0,,,,,,,,,,,,,,,,,,
183,SQLAlchemy-Utils,kvesteri/sqlalchemy-utils,Various utility functions and datatypes for SQLAlchemy.,,db-clients,https://github.com/kvesteri/sqlalchemy-utils,129.0,https://github.com/kvesteri/sqlalchemy-utils,,2013-02-18 16:48:22.000,2026-07-08 14:31:35.000,331.0,227.0,1342.0,27,False,42570.0,41469.0,sqlalchemy-utils,conda-forge/sqlalchemy-utils,,https://pypi.org/project/sqlalchemy-utils,2025-12-13 03:14:15.000,2025-12-13 03:14:15.000,0.42.1,217.0,1101.0,23471440.0,23486967.0,https://anaconda.org/conda-forge/sqlalchemy-utils,2025-12-13 08:07:05.024,1180076.0,3.0,,,,,,,,,,,,,,,,,,
184,cleo,sdispater/cleo,Cleo allows you to create beautiful and testable command-line interfaces.,,cli-helpers,https://github.com/python-poetry/cleo,38.0,,MIT,2020-10-09 18:05:59.894,2025-04-22 14:56:53.740,87.0,,1331.0,27,False,29948.0,29557.0,cleo,conda-forge/cleo,,https://pypi.org/project/cleo,2024-11-18 13:58:33.000,2024-11-18 13:58:33.000,2.2.1,36.0,391.0,62853946.0,62954032.0,https://anaconda.org/conda-forge/cleo,2025-04-22 14:56:53.740,7106136.0,3.0,,,,,,,,,,,,,,,,,,
185,python-email-validator,JoshData/python-email-validator,A robust email syntax and deliverability validation library for Python.,,data-validation,https://github.com/JoshData/python-email-validator,28.0,https://github.com/JoshData/python-email-validator,Unlicense,2015-04-20 02:46:34.000,2025-08-26 15:19:04.108,123.0,14.0,1310.0,27,False,1218.0,,email-validator,conda-forge/email-validator,,https://pypi.org/project/email-validator,2025-08-26 13:09:05.000,2025-08-26 13:09:05.000,2.3.0,32.0,1218.0,215532439.0,215581475.0,https://anaconda.org/conda-forge/email-validator,2025-08-26 15:19:04.108,3628707.0,2.0,,,,,,,,,,,,,,,,,,
186,python-mss,BoboTiG/python-mss,An ultra fast cross-platform multiple screenshots module in pure Python using ctypes.,,others,https://github.com/BoboTiG/python-mss,31.0,https://github.com/BoboTiG/python-mss,MIT,2013-07-01 16:14:08.000,2026-04-23 16:18:02.000,111.0,44.0,1257.0,27,True,14128.0,13481.0,mss,conda-forge/python-mss,,https://pypi.org/project/mss,2026-04-23 10:44:56.000,2026-04-23 10:44:56.000,10.2.0,44.0,647.0,3461484.0,3462821.0,https://anaconda.org/conda-forge/python-mss,2026-04-23 15:39:13.473,100349.0,3.0,,,,,,,,,,,,,,,,,,
187,inflect,jaraco/inflect,"Correctly generate plurals, ordinals, indefinite articles; convert numbers to words.",,text,https://github.com/jaraco/inflect,60.0,https://github.com/jaraco/inflect,MIT,2010-06-20 13:43:13.000,2025-05-14 06:52:40.000,109.0,39.0,1059.0,27,False,37687.0,36966.0,inflect,conda-forge/inflect,,https://pypi.org/project/inflect,2024-12-28 17:11:15.000,2024-12-28 17:11:15.000,7.5.0,55.0,721.0,29046253.0,29057601.0,https://anaconda.org/conda-forge/inflect,2025-04-22 14:56:34.231,851108.0,3.0,,,,,,,,,,,,,,,,,,
188,param,holoviz/param,Declarative parameters for robust Python classes and a rich API for reactive programming.,,data-validation,https://github.com/holoviz/param,51.0,https://github.com/holoviz/param,BSD-3-Clause,2012-05-01 11:51:08.000,2026-09-03 11:02:00.000,86.0,180.0,519.0,27,True,18356.0,18098.0,param,conda-forge/param,,https://pypi.org/project/param,2026-09-03 11:02:00.000,2026-09-03 11:02:00.000,2.4.2,129.0,258.0,2184233.0,2226931.0,https://anaconda.org/conda-forge/param,2026-06-16 14:57:44.334,3031559.0,2.0,,,,,,,,,,,,,,,,,,
189,Send2Trash,arsenetar/send2trash,Python library to natively send files to Trash (or Recycle bin) on all platforms.,,others,https://github.com/arsenetar/send2trash,20.0,https://github.com/arsenetar/send2trash,BSD-3-Clause,2013-07-19 22:13:14.000,2026-02-12 23:08:17.723,47.0,35.0,295.0,27,True,324022.0,323311.0,send2trash,conda-forge/send2trash,,https://pypi.org/project/send2trash,2026-01-14 06:27:35.000,2026-01-14 06:27:35.000,2.1.0,22.0,711.0,38861366.0,39221160.0,https://anaconda.org/conda-forge/send2trash,2026-02-12 23:08:17.723,22667072.0,3.0,,,,,,,,,,,,,,,,,,
190,ordered-set,rspeer/ordered-set,A mutable set that remembers the order of its entries. One of Pythons missing data types.,,data-structures,https://github.com/rspeer/ordered-set,21.0,https://github.com/rspeer/ordered-set,MIT,2012-08-17 21:55:21.000,2025-04-22 14:56:22.596,46.0,10.0,209.0,27,False,33878.0,33336.0,ordered-set,conda-forge/ordered-set,,https://pypi.org/project/ordered-set,2022-01-26 14:38:48.000,2022-01-26 14:38:48.000,4.1.0,18.0,542.0,33861341.0,33875834.0,https://anaconda.org/conda-forge/ordered-set,2025-04-22 14:56:22.596,1086977.0,2.0,,,,,,,,,,,,,,,,,,
191,Modin,modin-project/modin,Modin: Scale your Pandas workflows by changing a single line of code.,,data-containers,https://github.com/modin-project/modin,144.0,https://github.com/modin-project/modin,Apache-2.0,2018-06-21 21:35:05.000,2025-10-02 19:20:27.000,665.0,703.0,10289.0,26,True,2415.0,2349.0,modin,conda-forge/modin-core,['pandas'],https://pypi.org/project/modin,2025-10-02 19:20:27.000,2025-10-02 19:20:27.000,0.37.1,112.0,66.0,1414107.0,1430412.0,https://anaconda.org/conda-forge/modin-core,2025-04-22 14:57:57.663,1010926.0,2.0,,,,,,,,,,,,,,,,,,
192,sh,amoffat/sh,Python process launching.,,process-utils,https://github.com/amoffat/sh,112.0,https://github.com/amoffat/sh,MIT,2012-01-15 05:52:06.000,2026-07-25 21:44:41.000,506.0,2.0,7245.0,26,True,19532.0,18667.0,sh,conda-forge/sh,,https://pypi.org/project/sh,2026-07-25 21:44:41.000,2026-07-25 21:44:41.000,2.4.0,55.0,865.0,,7213.0,https://anaconda.org/conda-forge/sh,2026-06-06 22:32:21.088,512148.0,3.0,,,,,,,,,,,,,,,,,,
193,transitions,pytransitions/transitions,"A lightweight, object-oriented finite state machine implementation in Python with many extensions.",,algorithms,https://github.com/pytransitions/transitions,82.0,https://github.com/pytransitions/transitions,MIT,2014-10-12 20:59:09.000,2025-07-02 16:00:07.332,547.0,18.0,6110.0,26,False,4613.0,4395.0,transitions,conda-forge/transitions,,https://pypi.org/project/transitions,2025-07-02 10:49:01.000,2025-07-02 10:49:01.000,0.9.3,50.0,218.0,3063540.0,3075280.0,https://anaconda.org/conda-forge/transitions,2025-07-02 16:00:07.332,880500.0,1.0,,,,,,,,,,,,,,,,,,
194,huey,coleifer/huey,a little task queue for python.,,data-pipelines,https://github.com/coleifer/huey,72.0,https://github.com/coleifer/huey,MIT,2011-11-03 16:39:43.000,2026-08-05 14:38:16.148,400.0,,5996.0,26,True,158.0,,huey,conda-forge/huey,,https://pypi.org/project/huey,2026-08-05 12:51:50.000,2026-08-05 12:51:50.000,3.3.4,86.0,158.0,20664926.0,20675955.0,https://anaconda.org/conda-forge/huey,2026-08-05 14:38:16.148,220583.0,2.0,,,,,,,,,,,,,,,,,,
195,Elasticsearch DSL,elastic/elasticsearch-dsl-py,High level Python client for Elasticsearch.,,db-clients,https://github.com/elastic/elasticsearch-dsl-py,144.0,https://github.com/elastic/elasticsearch-dsl-py,Apache-2.0,2014-03-05 16:19:39.000,2026-09-02 10:16:11.436,798.0,45.0,3885.0,26,True,375.0,,elasticsearch-dsl,anaconda/elasticsearch-dsl,,https://pypi.org/project/elasticsearch-dsl,2025-04-16 11:54:12.000,2025-04-16 11:54:12.000,8.18.0,50.0,375.0,7685383.0,7685528.0,https://anaconda.org/anaconda/elasticsearch-dsl,2026-09-02 10:16:11.436,15711.0,3.0,,,,,,,,,,,,1.0,,,,,,
196,funcy,Suor/funcy,A fancy and practical functional tools.,,utilities,https://github.com/Suor/funcy,35.0,https://github.com/Suor/funcy,BSD-3-Clause,2012-10-13 00:44:57.000,2025-04-22 14:56:31.417,141.0,13.0,3330.0,26,False,16282.0,15896.0,funcy,conda-forge/funcy,,https://pypi.org/project/funcy,2023-03-28 06:24:02.835,2018-06-30 04:16:20.000,1.10.3,51.0,386.0,7204098.0,7219361.0,https://anaconda.org/conda-forge/funcy,2025-04-22 14:56:31.417,1098940.0,3.0,,,,,,,,,,,,,,,,,,
197,pandas-datareader,pydata/pandas-datareader,Extract data from a wide range of Internet sources into a pandas DataFrame.,,data-loading,https://github.com/pydata/pandas-datareader,99.0,https://github.com/pydata/pandas-datareader,,2015-01-15 00:34:19.000,2026-06-24 19:20:26.653,691.0,143.0,3221.0,26,False,31729.0,31343.0,pandas-datareader,conda-forge/pandas-datareader,,https://pypi.org/project/pandas-datareader,2026-06-24 14:18:39.000,2026-06-24 14:18:39.000,0.11.1,24.0,386.0,874826.0,885956.0,https://anaconda.org/conda-forge/pandas-datareader,2026-06-24 19:20:26.653,734616.0,2.0,,,,,,,,,,,,,,,,,,
198,PynamoDB,pynamodb/PynamoDB,A pythonic interface to Amazons DynamoDB.,,db-clients,https://github.com/pynamodb/PynamoDB,115.0,https://github.com/pynamodb/PynamoDB,MIT,2014-01-20 02:18:35.000,2026-01-06 15:42:12.000,432.0,317.0,2643.0,26,True,2115.0,2029.0,pynamodb,conda-forge/pynamodb,,https://pypi.org/project/pynamodb,2025-06-02 17:32:57.000,2025-06-02 17:32:57.000,6.1.0,96.0,86.0,3659339.0,3715062.0,https://anaconda.org/conda-forge/pynamodb,2025-06-02 20:29:30.739,4067789.0,3.0,,,,,,,,,,,,,,,,,,
199,asyncer,tiangolo/asyncer,"Asyncer, async and await, focused on developer experience.",,async,https://github.com/fastapi/asyncer,25.0,,MIT,2022-01-10 21:56:40.631,2026-06-25 15:47:38.196,87.0,,2467.0,26,True,8699.0,8379.0,asyncer,conda-forge/asyncer,,https://pypi.org/project/asyncer,2026-06-25 13:41:07.000,2026-06-25 13:41:07.000,0.0.18,21.0,320.0,7280020.0,7280919.0,https://anaconda.org/conda-forge/asyncer,2026-06-25 15:47:38.196,50363.0,3.0,,,,,,,,,,,,,,,,,,
200,retrying,rholder/retrying,"Retrying is an Apache 2.0 licensed general-purpose retrying library, written in Python, to simplify the task of adding..",,utilities,https://github.com/rholder/retrying,15.0,https://github.com/rholder/retrying,Apache-2.0,2013-01-22 06:13:26.000,2025-08-03 11:12:59.594,156.0,49.0,1917.0,26,False,1064.0,,retrying,conda-forge/retrying,,https://pypi.org/project/retrying,2025-08-03 03:35:23.000,2025-08-03 03:35:23.000,1.4.2,18.0,1064.0,31453691.0,31584241.0,https://anaconda.org/conda-forge/retrying,2025-08-03 11:12:59.594,3394303.0,3.0,,,,,,,,,,,,,,,,,,
201,strictyaml,crdoconnor/strictyaml,Type-safe YAML parser and validator.,,data-validation,https://github.com/crdoconnor/strictyaml,20.0,https://github.com/crdoconnor/strictyaml,MIT,2016-06-17 10:56:18.000,2025-08-16 22:49:32.433,65.0,100.0,1594.0,26,False,6493.0,6098.0,strictyaml,conda-forge/strictyaml,,https://pypi.org/project/strictyaml,2023-03-10 12:50:44.009,2023-03-10 12:50:44.009,1.7.3,84.0,395.0,26633625.0,26643301.0,https://anaconda.org/conda-forge/strictyaml,2025-08-16 22:49:32.433,706365.0,3.0,,,,,,,,,,,,,,,,,,
202,mleap,combust/mleap,MLeap: Deploy ML Pipelines to Production.,,data-pipelines,https://github.com/combust/mleap,87.0,https://github.com/combust/mleap,Apache-2.0,2016-08-23 03:51:03.000,2026-07-22 05:59:49.766,316.0,110.0,1540.0,26,True,257.0,246.0,mleap,conda-forge/mleap,,https://pypi.org/project/mleap,2026-07-21 17:38:25.000,2026-07-21 17:38:25.000,0.25.2,24.0,11.0,1997001.0,1998545.0,https://anaconda.org/conda-forge/mleap,2026-07-22 05:59:49.766,117403.0,2.0,,,,,,,,,,,,,,,,,,
203,anytree,c0fec0de/anytree,Python tree data library.,,data-structures,https://github.com/c0fec0de/anytree,30.0,https://github.com/c0fec0de/anytree,Apache-2.0,2016-08-27 09:42:38.000,2026-04-25 08:14:24.819,136.0,35.0,1021.0,26,True,24589.0,24006.0,anytree,conda-forge/anytree,,https://pypi.org/project/anytree,2025-04-08 21:06:29.000,2025-04-08 21:06:29.000,2.13.0,37.0,583.0,6199739.0,6203818.0,https://anaconda.org/conda-forge/anytree,2026-04-25 08:14:24.819,106061.0,3.0,,,,,,,,,,,,,,,,,,
204,natsort,SethMMorton/natsort,Simple yet flexible natural sorting in Python.,,utilities,https://github.com/SethMMorton/natsort,25.0,https://github.com/SethMMorton/natsort,MIT,2012-05-03 02:58:47.000,2026-02-12 14:08:15.931,52.0,3.0,910.0,26,True,51384.0,49923.0,natsort,conda-forge/natsort,,https://pypi.org/project/natsort,2023-06-20 04:19:05.975,2023-06-20 04:19:05.975,8.4.0,59.0,1461.0,21032516.0,21077027.0,https://anaconda.org/conda-forge/natsort,2026-02-12 14:08:15.931,3115836.0,3.0,,,,,,,,,,,,,,,,,,
205,ConfigArgParse,bw2/ConfigArgParse,Drop-in replacement for argparse with added support for config files and environment variables.,,cli-helpers,https://github.com/bw2/ConfigArgParse,56.0,https://github.com/bw2/ConfigArgParse,MIT,2014-06-25 00:27:02.000,2026-05-05 10:12:59.000,121.0,4.0,757.0,26,True,26650.0,25882.0,configargparse,conda-forge/configargparse,,https://pypi.org/project/configargparse,2026-03-11 02:19:36.000,2026-03-11 02:19:36.000,1.7.5,33.0,768.0,19920799.0,19953591.0,https://anaconda.org/conda-forge/configargparse,2026-03-11 12:48:53.106,2197096.0,3.0,,,,,,,,,,,,,,,,,,
206,parsedatetime,bear/parsedatetime,Parse human-readable date/time strings.,,date-time-utils,https://github.com/bear/parsedatetime,57.0,https://github.com/bear/parsedatetime,Apache-2.0,2012-09-12 06:44:45.000,2025-04-22 14:56:27.871,106.0,66.0,695.0,26,False,15041.0,14873.0,parsedatetime,conda-forge/parsedatetime,,https://pypi.org/project/parsedatetime,2020-05-31 23:50:56.000,2013-03-04 16:51:05.000,1.1.2,17.0,168.0,28700554.0,28709990.0,https://anaconda.org/conda-forge/parsedatetime,2025-04-22 14:56:27.871,707700.0,3.0,,,,,,,,,,,,,,,,,,
207,python-rapidjson,python-rapidjson/python-rapidjson,Python wrapper around rapidjson.,,serialization,https://github.com/python-rapidjson/python-rapidjson,26.0,https://github.com/python-rapidjson/python-rapidjson,MIT,2015-09-09 04:02:42.000,2026-08-09 06:55:57.000,53.0,22.0,533.0,26,True,8336.0,8069.0,python-rapidjson,conda-forge/python-rapidjson,,https://pypi.org/project/python-rapidjson,2025-12-07 06:14:27.000,2020-11-16 12:53:09.000,0.9.4,71.0,267.0,4191550.0,4259157.0,https://anaconda.org/conda-forge/python-rapidjson,2026-02-03 21:05:25.588,4800114.0,3.0,,,,,,,,,,,,,,,,,,
208,rsa,sybrenstuvel/python-rsa,Python-RSA is a pure-Python RSA implementation.,,cryptography,https://github.com/sybrenstuvel/python-rsa,43.0,https://github.com/sybrenstuvel/python-rsa,Apache-2.0,2016-01-21 12:53:34.000,2025-04-22 14:56:25.103,119.0,28.0,495.0,26,False,1913.0,,rsa,conda-forge/rsa,,https://pypi.org/project/rsa,2025-04-16 09:51:17.000,2025-04-16 09:51:17.000,4.9.1,37.0,1913.0,256790498.0,257070475.0,https://anaconda.org/conda-forge/rsa,2025-04-22 14:56:25.103,20998345.0,3.0,,,,,,,,,,,,,,,,,,
209,multidict,aio-libs/multidict,The multidict implementation.,,data-structures,https://github.com/aio-libs/multidict,65.0,https://github.com/aio-libs/multidict,Apache-2.0,2016-02-06 14:52:32.000,2026-02-20 18:22:52.542,116.0,23.0,481.0,26,True,2144.0,,multidict,conda-forge/multidict,,https://pypi.org/project/multidict,2026-01-26 02:42:59.000,2026-01-26 02:42:59.000,6.7.1,151.0,2144.0,573030802.0,573430917.0,https://anaconda.org/conda-forge/multidict,2026-02-20 18:22:52.542,28408181.0,3.0,,,,,,,,,,,,,,,,,,
210,srsly,explosion/srsly,"Modern high-performance serialization utilities for Python (JSON, MessagePack, Pickle).",,serialization,https://github.com/explosion/srsly,16.0,https://github.com/explosion/srsly,MIT,2018-12-01 03:21:56.000,2026-09-02 15:09:51.441,37.0,6.0,481.0,26,True,69831.0,69563.0,srsly,conda-forge/srsly,,https://pypi.org/project/srsly,2026-03-23 11:55:34.000,2026-03-23 11:55:34.000,2.5.3,46.0,268.0,23272262.0,23308510.0,https://anaconda.org/conda-forge/srsly,2026-09-02 15:09:51.441,2718600.0,3.0,,,,,,,,,,,,,,,,,,
211,configobj,DiffSK/configobj,Python 3+ compatible port of the configobj library.,,configuration,https://github.com/DiffSK/configobj,13.0,https://github.com/DiffSK/configobj,BSD-3-Clause,2014-01-14 02:30:17.000,2026-08-19 16:29:42.000,88.0,73.0,337.0,26,True,50580.0,49932.0,configobj,conda-forge/configobj,,https://pypi.org/project/configobj,2024-09-21 12:47:46.000,2024-09-21 12:47:46.000,5.0.9,19.0,648.0,6713372.0,6744704.0,https://anaconda.org/conda-forge/configobj,2025-04-22 14:56:53.636,1378651.0,3.0,,,,,,,,,,,,,,,,,,
212,entrypoints,takluyver/entrypoints,Discover and load entry points from installed packages.,,inspect,https://github.com/takluyver/entrypoints,12.0,https://github.com/takluyver/entrypoints,MIT,2015-05-02 18:12:08.000,2025-04-22 14:56:21.731,29.0,4.0,74.0,26,False,339875.0,339158.0,entrypoints,conda-forge/entrypoints,,https://pypi.org/project/entrypoints,2022-02-02 21:30:26.000,2017-06-08 10:55:15.000,0.2.3,7.0,717.0,34806932.0,35197984.0,https://anaconda.org/conda-forge/entrypoints,2025-04-22 14:56:21.731,27764694.0,2.0,,,,,,,,,,,,,,,,,,
213,PySimpleGUI,PySimpleGUI/PySimpleGUI,PySimpleGUI is a Python package that enables Python programmers of all levels to create GUIs.,,gui-dev,https://github.com/PySimpleGUI/PySimpleGUI,19.0,https://github.com/PySimpleGUI/PySimpleGUI,PySimpleGUI License,2018-07-11 18:28:58.000,2026-08-16 19:09:12.000,1824.0,706.0,13813.0,25,False,13697.0,13678.0,pysimplegui,conda-forge/pysimplegui,,https://pypi.org/project/pysimplegui,2026-08-16 19:09:12.000,,,46.0,19.0,65402.0,68837.0,https://anaconda.org/conda-forge/pysimplegui,2025-04-22 14:57:10.170,257689.0,2.0,,,,,,,,,,,,,,,,,,
214,Records,kennethreitz/records,SQL for Humans.,,db-clients,https://github.com/kennethreitz/records,52.0,https://github.com/kennethreitz/records,ISC,2014-12-24 15:20:23.000,2026-09-01 10:55:16.592,574.0,42.0,7154.0,25,True,1347.0,1300.0,records,conda-forge/records,,https://pypi.org/project/records,2024-03-29 23:50:56.000,2024-03-29 23:50:56.000,0.6.0,13.0,47.0,290474.0,292306.0,https://anaconda.org/conda-forge/records,2026-09-01 10:55:16.592,117266.0,3.0,,,,,,,,,,,,,,,,,,
215,PDFMiner,euske/pdfminer,Python PDF Parser (Not actively maintained). Check out pdfminer.six.,,data-loading,https://github.com/euske/pdfminer,28.0,https://github.com/euske/pdfminer,MIT,2010-12-12 12:50:22.000,2025-04-22 14:56:26.384,1115.0,243.0,5295.0,25,False,11297.0,11131.0,pdfminer,conda-forge/pdfminer,,https://pypi.org/project/pdfminer,2021-12-15 14:45:46.670,,,41.0,166.0,245229.0,245942.0,https://anaconda.org/conda-forge/pdfminer,2025-04-22 14:56:26.384,86276.0,2.0,,,,,,,,,,,,,,,,,,
216,schematics,schematics/schematics,Python Data Structures for Humans.,,data-validation,https://github.com/schematics/schematics,119.0,https://github.com/schematics/schematics,BSD-3-Clause,2010-12-27 02:25:29.000,2025-04-22 14:57:08.152,286.0,109.0,2583.0,25,False,1884.0,1741.0,schematics,conda-forge/schematics,,https://pypi.org/project/schematics,2021-08-17 21:16:54.000,2021-08-17 21:16:54.000,2.1.1,24.0,143.0,882639.0,882968.0,https://anaconda.org/conda-forge/schematics,2025-04-22 14:57:08.152,28342.0,3.0,,,,,,,,,,,,,,,,,,
217,gin-config,google/gin-config,Gin provides a lightweight configuration framework for Python.,,configuration,https://github.com/google/gin-config,26.0,https://github.com/google/gin-config,Apache-2.0,2018-06-27 20:21:12.000,2025-04-30 17:01:01.000,118.0,60.0,2117.0,25,False,13285.0,13210.0,gin-config,conda-forge/gin-config,,https://pypi.org/project/gin-config,2021-11-03 09:30:11.939,2021-11-03 09:30:11.939,0.5.0,12.0,75.0,450924.0,451388.0,https://anaconda.org/conda-forge/gin-config,2025-04-22 14:57:26.496,35301.0,3.0,,,,,,,,,,,,,,,,,,
218,libcloud,apache/libcloud,Apache Libcloud is a Python library that hides differences between different cloud provider APIs and allows you to..,,db-clients,https://github.com/apache/libcloud,501.0,https://github.com/apache/libcloud,Apache-2.0,2009-12-11 09:00:14.000,2026-04-21 07:09:43.000,929.0,104.0,2115.0,25,True,190.0,,apache-libcloud,,,https://pypi.org/project/apache-libcloud,2026-04-21 07:09:43.000,2026-04-21 07:09:43.000,3.9.1,73.0,190.0,834125.0,834125.0,,,,3.0,,,,,,,,,,,,,,,,,,
219,piccolos,piccolo-orm/piccolo,"A fast, user friendly ORM and query builder which supports asyncio.",,db-clients,https://github.com/piccolo-orm/piccolo,56.0,https://github.com/piccolo-orm/piccolo,MIT,2018-10-27 20:53:26.000,2026-07-27 21:54:38.000,111.0,37.0,1933.0,25,True,563.0,545.0,piccolo,,,https://pypi.org/project/piccolo,2026-07-27 21:54:38.000,2026-07-27 21:54:38.000,1.36.0,295.0,18.0,1041992.0,1041992.0,,,,3.0,,,,,,,,,,,,,,,,,,
220,voluptuous,alecthomas/voluptuous,"CONTRIBUTIONS ONLY: Voluptuous, despite the name, is a Python data validation library.",,data-validation,https://github.com/alecthomas/voluptuous,107.0,https://github.com/alecthomas/voluptuous,BSD-3-Clause,2010-07-15 09:55:10.000,2025-12-19 01:44:28.729,220.0,41.0,1849.0,25,True,22112.0,21493.0,voluptuous,conda-forge/voluptuous,,https://pypi.org/project/voluptuous,2025-12-18 23:18:44.000,2025-12-18 23:18:44.000,0.16.0,53.0,619.0,,14292.0,https://anaconda.org/conda-forge/voluptuous,2025-12-19 01:44:28.729,1000483.0,3.0,,,,,,,,,,,,,,,,,,
221,influxdb,influxdata/influxdb-python,Python client for InfluxDB.,,db-clients,https://github.com/influxdata/influxdb-python,143.0,https://github.com/influxdata/influxdb-python,MIT,2013-11-05 19:27:16.000,2025-04-22 14:57:24.275,524.0,168.0,1691.0,25,False,362.0,,influxdb,conda-forge/influxdb,,https://pypi.org/project/influxdb,2024-04-18 21:45:06.000,2024-04-18 21:45:06.000,5.3.2,55.0,362.0,3742706.0,3746002.0,https://anaconda.org/conda-forge/influxdb,2025-04-22 14:57:24.275,253819.0,3.0,,,,,,,,,,,,,,,,,,
222,humanize,jmoiron/humanize,python humanize functions.,,text,https://github.com/jmoiron/humanize,62.0,https://github.com/jmoiron/humanize,MIT,2011-10-07 23:44:01.000,2026-07-01 11:45:34.841,149.0,,1680.0,25,True,1941.0,,humanize,conda-forge/humanize,,https://pypi.org/project/humanize,2026-06-30 16:17:28.000,2026-06-30 16:17:28.000,4.16.0,58.0,1941.0,,21485.0,https://anaconda.org/conda-forge/humanize,2026-07-01 11:45:34.841,1611386.0,3.0,,,,,,,,,,,,,,,,,,
223,python-benedict,fabiocaccamo/python-benedict,"dict subclass with keylist/keypath support, built-in I/O operations (base64, csv, html, ini, json, pickle, plist,..",,data-structures,https://github.com/fabiocaccamo/python-benedict,18.0,https://github.com/fabiocaccamo/python-benedict,MIT,2019-05-17 11:13:40.000,2026-07-07 20:55:42.000,49.0,5.0,1606.0,25,True,2152.0,2041.0,python-benedict,conda-forge/python-benedict,,https://pypi.org/project/python-benedict,2026-07-07 20:55:42.000,2026-07-07 20:55:42.000,0.38.0,71.0,111.0,974771.0,978744.0,https://anaconda.org/conda-forge/python-benedict,2025-04-22 14:57:40.942,278138.0,3.0,,,,,,,,,,,,,,,,,,
224,blessings,erikrose/blessings,"A thin, practical wrapper around terminal capabilities in Python.",,cli-helpers,https://github.com/erikrose/blessings,17.0,https://github.com/erikrose/blessings,MIT,2011-11-07 10:09:09.000,2025-08-28 12:20:17.000,151.0,32.0,1488.0,25,False,11247.0,10790.0,blessings,conda-forge/blessings,,https://pypi.org/project/blessings,2018-06-21 14:00:07.000,2018-01-03 17:03:36.000,1.6.1,10.0,457.0,910050.0,916781.0,https://anaconda.org/conda-forge/blessings,2025-08-26 14:55:20.960,504890.0,3.0,,,,,,,,,,,,,,,,,,
225,PyTables,PyTables/PyTables,A Python package to manage extremely large amounts of data.,,data-containers,https://github.com/PyTables/PyTables,146.0,https://github.com/PyTables/PyTables,BSD-3-Clause,2011-06-03 19:44:46.000,2026-07-25 09:36:12.401,282.0,154.0,1361.0,25,True,1835.0,,tables,conda-forge/pytables,,https://pypi.org/project/tables,2026-03-01 11:42:48.000,2026-03-01 11:42:48.000,3.11.1,51.0,1835.0,,179020.0,https://anaconda.org/conda-forge/pytables,2026-07-25 09:36:12.401,13247505.0,2.0,,,,,,,,,,,,,,,,,,
226,redis-py-cluster,grokzen/redis-py-cluster,Python cluster client for the official redis cluster. Redis 3.0+.,,db-clients,https://github.com/grokzen/redis-py-cluster,73.0,https://github.com/grokzen/redis-py-cluster,MIT,2013-05-21 06:41:34.000,2023-08-24 14:35:55.000,317.0,31.0,1092.0,25,False,2605.0,2473.0,redis-py-cluster,,,https://pypi.org/project/redis-py-cluster,2021-05-30 09:21:45.000,2021-05-30 09:21:45.000,2.1.3,19.0,132.0,3441662.0,3441662.0,,,,3.0,,,,,,,,,,,,,,,,,,
227,Intake,intake/intake,"Intake is a lightweight package for finding, investigating, loading and disseminating data.",,data-loading,https://github.com/intake/intake,95.0,https://github.com/intake/intake,BSD-2-Clause,2017-08-14 20:44:22.000,2026-06-17 17:08:46.000,152.0,114.0,1080.0,25,True,3891.0,3658.0,intake,conda-forge/intake,,https://pypi.org/project/intake,2026-06-17 17:08:46.000,2026-03-09 13:41:43.000,2.0.9,41.0,233.0,480881.0,493518.0,https://anaconda.org/conda-forge/intake,2026-03-09 16:27:13.233,947784.0,2.0,,,,,,,,,,,,,,,,,,
228,ratelimit,tomasbasham/ratelimit,API Rate Limit Decorator.,,utilities,https://github.com/tomasbasham/ratelimit,9.0,https://github.com/tomasbasham/ratelimit,MIT,2015-08-26 10:39:52.000,2025-04-22 14:57:44.778,159.0,29.0,755.0,25,False,6592.0,6234.0,ratelimit,conda-forge/ratelimit,,https://pypi.org/project/ratelimit,2018-12-17 18:55:49.000,2018-12-17 18:55:49.000,2.2.1,11.0,358.0,13613091.0,13613648.0,https://anaconda.org/conda-forge/ratelimit,2025-04-22 14:57:44.778,37879.0,3.0,,,,,,,,,,,,,,,,,,
229,catalogue,explosion/catalogue,Super lightweight function registries for your library.,,others,https://github.com/explosion/catalogue,12.0,https://github.com/explosion/catalogue,MIT,2019-11-01 14:09:09.000,2025-08-27 13:47:23.446,20.0,6.0,177.0,25,False,65916.0,65775.0,catalogue,conda-forge/catalogue,,https://pypi.org/project/catalogue,2023-09-25 06:29:23.000,2023-09-25 06:29:23.000,2.0.10,27.0,141.0,25926543.0,25958827.0,https://anaconda.org/conda-forge/catalogue,2025-08-27 13:47:23.446,2389057.0,3.0,,,,,,,,,,,,,,,,,,
230,openpyxl,,A Python library to read/write Excel 2010 xlsx/xlsm files.,,others,https://openpyxl.readthedocs.io,,,MIT,2015-11-03 00:22:17.154,2026-09-02 12:36:53.461,0.0,376.0,12.0,25,False,11108.0,,openpyxl,openpyxl,,https://pypi.org/project/openpyxl,2024-06-28 14:03:41.000,2024-07-23 16:46:09.000,3.1.5,108.0,11050.0,327588719.0,327591271.0,https://anaconda.org/anaconda/openpyxl,2026-09-02 12:36:53.461,330334.0,3.0,,,,,,openpyxl/openpyxl-ci,,https://hub.docker.com/r/openpyxl/openpyxl-ci,2018-09-13 18:04:17.646261,,1477.0,,58.0,,https://openpyxl.readthedocs.io/en/stable/,https://foss.heptapod.net/api/graphql::openpyxl/openpyxl,https://foss.heptapod.net/openpyxl/openpyxl,1911.0
231,csvkit,wireservice/csvkit,"A suite of utilities for converting to and working with CSV, the king of tabular file formats.",,data-loading,https://github.com/wireservice/csvkit,116.0,https://github.com/wireservice/csvkit,MIT,2011-04-01 03:00:30.000,2026-04-26 18:13:38.136,674.0,34.0,6366.0,24,True,2093.0,2044.0,csvkit,conda-forge/csvkit,,https://pypi.org/project/csvkit,2025-12-15 18:52:58.000,2025-12-15 18:52:58.000,2.2.0,45.0,49.0,309631.0,315470.0,https://anaconda.org/conda-forge/csvkit,2026-04-26 18:13:38.136,373724.0,3.0,,,,,,,,,,,,,,,,,,
232,CocoIndex,cocoindex-io/cocoindex,"Data transformation framework for AI. Ultra performant, with incremental processing. Star if you like it!.",,data-pipelines,https://github.com/cocoindex-io/cocoindex,89.0,https://github.com/cocoindex-io/cocoindex,Apache-2.0,2026-02-13 07:31:05.859,2026-08-12 07:01:28.000,451.0,61.0,6098.0,24,True,87.0,71.0,cocoindex,,,https://pypi.org/project/cocoindex,2026-08-12 07:01:28.000,2026-08-04 18:24:17.000,1.0.19,231.0,16.0,79603.0,79603.0,,,,2.0,,,,,,,,,,,,,,,,,,
233,pyinfra,Fizzadar/pyinfra,pyinfra automates/provisions/manages/deploys infrastructure.,,infrastructure,https://pyinfra.com,219.0,,MIT,,2026-07-27 19:50:53.000,531.0,,5913.0,24,True,298.0,252.0,pyinfra,,,https://pypi.org/project/pyinfra,2026-07-27 19:50:53.000,2026-07-27 19:50:53.000,3.10.0,238.0,46.0,226384.0,226384.0,,,,3.0,,,,,,,,,,,,,,,,,,
234,python-dependency-injector,ets-labs/python-dependency-injector,Dependency injection framework for Python.,,utilities,https://github.com/ets-labs/python-dependency-injector,49.0,https://github.com/ets-labs/python-dependency-injector,BSD-3-Clause,2015-01-04 13:23:05.000,2026-06-19 11:25:21.013,347.0,209.0,4882.0,24,True,6299.0,5875.0,dependency-injector,conda-forge/dependency_injector,,https://pypi.org/project/dependency-injector,2026-06-18 17:50:58.000,2026-06-18 17:50:58.000,4.49.1,303.0,424.0,,2488.0,https://anaconda.org/conda-forge/dependency_injector,2026-06-19 11:25:21.013,149310.0,3.0,,,,,,,,,,,,-5.0,,,,,,
235,asciimatics,peterbrittain/asciimatics,"A cross platform package to do curses-like operations, plus higher level APIs and widgets to create text UIs and ASCII..",,cli-helpers,https://github.com/peterbrittain/asciimatics,47.0,https://github.com/peterbrittain/asciimatics,Apache-2.0,2015-04-15 20:18:41.000,2025-06-03 21:42:03.000,264.0,18.0,4276.0,24,False,1296.0,1179.0,asciimatics,conda-forge/asciimatics,,https://pypi.org/project/asciimatics,2023-10-25 15:19:05.000,2023-10-25 15:19:05.000,1.15.0,24.0,117.0,134124.0,138029.0,https://anaconda.org/conda-forge/asciimatics,2025-04-22 14:56:50.205,277322.0,3.0,,,,,,,,,,,,,,,,,,
236,SDV,sdv-dev/SDV,Synthetic data generation for tabular data.,,data-loading,https://github.com/sdv-dev/SDV,51.0,https://github.com/sdv-dev/SDV,,2018-05-11 15:56:50.000,2026-08-31 15:16:11.134,420.0,161.0,3551.0,24,False,1017.0,915.0,sdv,conda-forge/sdv,,https://pypi.org/project/sdv,2026-08-28 18:05:04.000,2026-08-28 18:05:04.000,1.38.2,236.0,102.0,83492.0,85374.0,https://anaconda.org/conda-forge/sdv,2026-08-31 15:16:11.134,107285.0,3.0,,,,,,,,,,,,,,,,,,
237,Koalas,databricks/koalas,Koalas: pandas API on Apache Spark.,,data-containers,https://github.com/databricks/koalas,51.0,https://github.com/databricks/koalas,Apache-2.0,2019-01-03 21:46:54.000,2025-04-22 14:57:05.444,366.0,109.0,3364.0,24,False,426.0,395.0,koalas,conda-forge/koalas,"['spark', 'pandas']",https://pypi.org/project/koalas,2021-10-19 22:26:05.000,2021-10-19 22:26:05.000,1.8.2,47.0,31.0,831874.0,837380.0,https://anaconda.org/conda-forge/koalas,2025-04-22 14:57:05.444,484544.0,3.0,,,,,,,,,,,,,,,,,,
238,Blaze,blaze/blaze,NumPy and Pandas interface to Big Data.,,data-containers,https://github.com/blaze/blaze,69.0,https://github.com/blaze/blaze,BSD-3-Clause,2012-10-26 14:25:22.000,2025-04-22 14:56:39.802,393.0,268.0,3195.0,24,False,9411.0,9398.0,blaze,conda-forge/blaze,,https://pypi.org/project/blaze,2021-12-15 15:22:54.705,2021-12-15 15:22:54.705,0.6.0,13.0,13.0,25535.0,29003.0,https://anaconda.org/conda-forge/blaze,2025-04-22 14:56:39.802,378037.0,3.0,,,,,,,,,,,,,,,,,,
239,docarray,jina-ai/docarray,The data structure for multimodal data.,,data-containers,https://docs.docarray.org/,81.0,,Apache-2.0,2022-01-10 17:43:24.495,2025-04-22 14:58:08.417,244.0,,3120.0,24,False,5840.0,5758.0,docarray,conda-forge/docarray,,https://pypi.org/project/docarray,2025-03-21 08:34:42.000,2025-03-21 08:34:42.000,0.41.0,741.0,82.0,127106.0,132356.0,https://anaconda.org/conda-forge/docarray,2025-04-22 14:58:08.417,294022.0,3.0,,,,,,,,,,,,,,,,,,
240,sklearn-pandas,scikit-learn-contrib/sklearn-pandas,Pandas integration with sklearn.,,data-containers,https://github.com/scikit-learn-contrib/sklearn-pandas,39.0,https://github.com/scikit-learn-contrib/sklearn-pandas,Zlib,2013-04-22 22:55:20.000,2025-04-22 14:57:40.956,417.0,38.0,2784.0,24,False,11864.0,11784.0,sklearn-pandas,conda-forge/sklearn-pandas,"['sklearn', 'pandas']",https://pypi.org/project/sklearn-pandas,2021-05-08 08:14:28.000,2021-05-08 08:14:28.000,2.2.0,27.0,80.0,175232.0,176593.0,https://anaconda.org/conda-forge/sklearn-pandas,2025-04-22 14:57:40.956,95296.0,3.0,,,,,,,,,,,,,,,,,,
241,mrjob,Yelp/mrjob,Run MapReduce jobs on Hadoop or Amazon Web Services.,,data-pipelines,https://github.com/Yelp/mrjob,146.0,https://github.com/Yelp/mrjob,Apache-2.0,2010-10-13 18:35:21.000,2025-04-22 14:56:27.508,588.0,214.0,2618.0,24,False,1718.0,1715.0,mrjob,conda-forge/mrjob,,https://pypi.org/project/mrjob,2021-12-15 14:47:15.579,2021-12-15 14:47:15.579,0.4.0,62.0,3.0,81221.0,93245.0,https://anaconda.org/conda-forge/mrjob,2025-04-22 14:56:27.508,889825.0,2.0,,,,,,,,,,,,,,,,,,
242,swifter,jmcarpenter2/swifter,A package which efficiently applies any function to a pandas dataframe or series in the fastest available manner.,,data-containers,https://github.com/jmcarpenter2/swifter,19.0,https://github.com/jmcarpenter2/swifter,MIT,2018-04-07 21:37:19.000,2025-04-22 14:57:04.018,101.0,22.0,2542.0,24,False,2136.0,2079.0,swifter,conda-forge/swifter,['pandas'],https://pypi.org/project/swifter,2023-07-31 18:46:53.000,2023-07-31 18:46:53.000,1.4.0,86.0,57.0,12300866.0,12308742.0,https://anaconda.org/conda-forge/swifter,2025-04-22 14:57:04.018,590728.0,3.0,,,,,,,,,,,,,,,,,,
243,pyscaffold,pyscaffold/pyscaffold,Python project template generator with batteries included.,,others,https://github.com/pyscaffold/pyscaffold,59.0,https://github.com/pyscaffold/pyscaffold,MIT,2014-04-02 07:01:57.000,2026-08-24 17:11:43.000,190.0,37.0,2261.0,24,True,46.0,,pyscaffold,conda-forge/pyscaffold,,https://pypi.org/project/pyscaffold,2024-09-23 15:42:38.000,2023-04-18 16:10:45.643,4.4.1,182.0,46.0,1973688.0,1984986.0,https://anaconda.org/conda-forge/pyscaffold,2025-04-22 14:56:22.133,779587.0,3.0,,,,,,,,,,,,,,,,,,
244,pyfilesystem2,pyfilesystem/pyfilesystem2,Pythons Filesystem abstraction layer.,,file-path-utils,https://github.com/pyfilesystem/pyfilesystem2,47.0,https://github.com/pyfilesystem/pyfilesystem2,MIT,2016-10-14 15:05:27.000,2025-05-17 13:45:45.000,187.0,117.0,2106.0,24,False,410.0,,fs,conda-forge/fs,,https://pypi.org/project/fs,2023-07-20 15:36:08.195,2023-07-20 15:36:08.195,0.3.0,88.0,410.0,2507473.0,2523248.0,https://anaconda.org/conda-forge/fs,2025-04-22 14:56:42.067,1703742.0,3.0,,,,,,,,,,,,,,,,,,
245,sqlitedict,RaRe-Technologies/sqlitedict,"Persistent dict in Python, backed up by sqlite3 and pickle, multithread-safe.",,data-structures,https://github.com/piskvorky/sqlitedict,40.0,,Apache-2.0,2020-09-30 16:31:41.976,2025-04-22 14:56:57.223,141.0,,1248.0,24,False,9140.0,8878.0,sqlitedict,conda-forge/sqlitedict,,https://pypi.org/project/sqlitedict,2022-12-03 13:40:11.241,2022-12-03 13:40:11.241,2.1.0,21.0,262.0,1601341.0,1604725.0,https://anaconda.org/conda-forge/sqlitedict,2025-04-22 14:56:57.223,243652.0,3.0,,,,,,,,,,,,,,,,,,
246,path,jaraco/path,Object-oriented file system path manipulation.,,file-path-utils,https://github.com/jaraco/path,57.0,https://github.com/jaraco/path,,2012-04-21 02:59:29.000,2025-08-03 11:18:26.016,146.0,1.0,1120.0,24,False,17736.0,17470.0,path,conda-forge/path,,https://pypi.org/project/path,2025-07-27 20:40:22.000,2025-07-27 20:40:22.000,17.1.1,35.0,266.0,1190674.0,1207220.0,https://anaconda.org/conda-forge/path,2025-08-03 11:18:26.016,1257502.0,3.0,,,,,,,,,,,,,,,,,,
247,minio,minio/minio-py,MinIO Client SDK for Python.,,db-clients,https://github.com/minio/minio-py,147.0,https://github.com/minio/minio-py,Apache-2.0,2015-06-17 03:51:15.000,2025-12-07 06:51:23.000,370.0,4.0,1046.0,24,True,823.0,,minio,conda-forge/minio,,https://pypi.org/project/minio,2025-11-27 00:37:13.000,2025-11-27 00:37:13.000,7.2.20,127.0,823.0,10492364.0,10497785.0,https://anaconda.org/conda-forge/minio,2025-11-27 01:42:18.090,395795.0,3.0,,,,,,,,,,,,,,,,,,
248,cx-Oracle,oracle/python-cx_Oracle,"Obsolete Python interface to Oracle Database, now superseded by python-oracledb.",,db-clients,https://github.com/oracle/python-cx_Oracle,17.0,https://github.com/oracle/python-cx_Oracle,BSD-3-Clause,2017-03-07 04:03:36.000,2026-01-15 21:15:00.327,364.0,22.0,896.0,24,True,9629.0,9195.0,cx-Oracle,conda-forge/cx_oracle,,https://pypi.org/project/cx-Oracle,2023-07-20 16:04:57.864,2023-07-20 16:04:57.864,5.0.2,55.0,434.0,2933919.0,2949195.0,https://anaconda.org/conda-forge/cx_oracle,2026-01-15 21:15:00.327,1130432.0,3.0,,,,,,,,,,,,,,,,,,
249,pysolr,django-haystack/pysolr,Pysolr Python Solr client.,,db-clients,https://github.com/django-haystack/pysolr,77.0,https://github.com/django-haystack/pysolr,BSD-3-Clause,2009-07-01 17:54:08.000,2026-03-14 00:59:25.000,338.0,24.0,697.0,24,True,4051.0,3964.0,pysolr,conda-forge/pysolr,,https://pypi.org/project/pysolr,2025-11-18 10:42:40.000,2025-11-18 10:42:40.000,3.11.0,39.0,87.0,332619.0,337520.0,https://anaconda.org/conda-forge/pysolr,2025-11-18 13:40:33.893,117635.0,3.0,,,,,,,,,,,,,,,,,,
250,dataclasses,ericvsmith/dataclasses,A backport of the dataclasses module for Python 3.6.,,compatibility,https://github.com/ericvsmith/dataclasses,12.0,https://github.com/ericvsmith/dataclasses,Apache-2.0,2017-05-19 20:46:27.000,2025-04-22 14:56:50.362,51.0,8.0,593.0,24,False,76500.0,73035.0,dataclasses,conda-forge/dataclasses,,https://pypi.org/project/dataclasses,2020-11-13 14:40:29.000,,,8.0,3465.0,7999429.0,8138522.0,https://anaconda.org/conda-forge/dataclasses,2025-04-22 14:56:50.362,13909322.0,3.0,,,,,,,,,,,,,,,,,,
251,beaker,bbangert/beaker,WSGI middleware for sessions and caching.,,caching,https://github.com/bbangert/beaker,94.0,https://github.com/bbangert/beaker,BSD-3-Clause,2011-10-16 17:48:39.000,2026-05-30 17:42:29.798,144.0,75.0,512.0,24,True,6290.0,6196.0,beaker,conda-forge/beaker,,https://pypi.org/project/beaker,2026-05-30 12:02:21.000,2026-05-30 12:02:21.000,1.14.1,64.0,94.0,176033.0,180414.0,https://anaconda.org/conda-forge/beaker,2026-05-30 17:42:29.798,197146.0,3.0,,,,,,,,,,,,,,,,,,
252,pylibmc,lericson/pylibmc,A Python wrapper around the libmemcached interface from TangentOrg.,,caching,https://github.com/lericson/pylibmc,57.0,https://github.com/lericson/pylibmc,BSD-3-Clause,2009-07-31 19:51:02.000,2025-08-28 13:29:21.336,137.0,26.0,479.0,24,False,5953.0,5874.0,pylibmc,conda-forge/pylibmc,,https://pypi.org/project/pylibmc,2022-08-30 07:35:04.550,2022-08-30 07:35:04.550,1.6.3,44.0,79.0,487116.0,493910.0,https://anaconda.org/conda-forge/pylibmc,2025-08-28 13:29:21.336,482427.0,3.0,,,,,,,,,,,,,,,,,,
253,futures,agronholm/pythonfutures,Backport of the concurrent.futures package to Python 2.6 and 2.7.,,compatibility,https://github.com/agronholm/pythonfutures,19.0,https://github.com/agronholm/pythonfutures,Python-2.0,2015-03-13 23:36:07.000,2025-04-22 14:56:26.652,46.0,5.0,235.0,24,False,43266.0,42297.0,futures,conda-forge/futures,,https://pypi.org/project/futures,2022-10-31 21:42:18.266,2022-10-31 21:42:18.266,3.4.0,25.0,969.0,2761339.0,2772884.0,https://anaconda.org/conda-forge/futures,2025-04-22 14:56:26.652,1397047.0,3.0,,,,,,,,,,,,,,,,,,
254,docopt-ng,jazzband/docopt-ng,"Humane command line arguments parser. Now with maintenance, typehints, and complete test coverage.",,cli-helpers,https://github.com/jazzband/docopt-ng,54.0,https://github.com/jazzband/docopt-ng,MIT,2019-03-26 15:35:29.000,2026-07-19 01:41:20.000,26.0,13.0,224.0,24,True,962.0,862.0,docopt-ng,,,https://pypi.org/project/docopt-ng,2023-05-30 20:46:45.000,2023-05-30 20:46:45.000,0.9.0,6.0,100.0,1759980.0,1759980.0,,,,3.0,,,,,,,,,,,,,,,,,,
255,coolname,alexanderlukanin13/coolname,Random Name and Slug Generator.,,text,https://github.com/alexanderlukanin13/coolname,7.0,https://github.com/alexanderlukanin13/coolname,BSD-2-Clause,2015-11-06 18:07:11.000,2026-05-29 13:27:47.021,16.0,1.0,177.0,24,True,4542.0,4370.0,coolname,conda-forge/coolname,,https://pypi.org/project/coolname,2026-04-23 06:04:49.000,2026-04-23 06:04:49.000,5.0.0,14.0,172.0,10062551.0,10066387.0,https://anaconda.org/conda-forge/coolname,2026-05-29 13:27:47.021,264719.0,3.0,,,,,,,,,,,,,,,,,,
256,pathlib2,jazzband/pathlib2,Backport of pathlib aiming to support the full stdlib Python API.,,compatibility,https://github.com/jazzband/pathlib2,16.0,https://github.com/jazzband/pathlib2,MIT,2014-10-18 08:28:33.000,2025-09-23 12:54:59.329,30.0,7.0,86.0,24,False,65708.0,64955.0,pathlib2,conda-forge/pathlib2,,https://pypi.org/project/pathlib2,2022-02-10 18:01:07.000,2022-02-08 12:42:21.000,2.3.7,15.0,753.0,3798184.0,3851025.0,https://anaconda.org/conda-forge/pathlib2,2025-09-23 12:54:59.329,3698933.0,3.0,,,,,,,,,,,,,,,,,,
257,importlib-resources,python/importlib_resources,Backport of the importlib.resources module.,,inspect,https://github.com/python/importlib_resources,52.0,https://github.com/python/importlib_resources,,2020-05-18 12:28:24.318,2026-04-13 23:37:11.000,49.0,9.0,74.0,24,False,5216.0,,importlib-resources,conda-forge/importlib_resources,,https://pypi.org/project/importlib-resources,2026-04-12 16:36:08.000,2026-04-12 16:36:08.000,7.1.0,83.0,5216.0,85800915.0,86492481.0,https://anaconda.org/conda-forge/importlib_resources,2026-04-13 08:28:35.665,52559046.0,3.0,,,,,,,,,,,,,,,,,,
258,algorithms,keon/algorithms,Minimal examples of data structures and algorithms in Python.,,algorithms,https://github.com/keon/algorithms,224.0,https://github.com/keon/algorithms,MIT,2016-11-17 22:32:08.000,2026-02-18 00:50:03.000,4711.0,,24988.0,23,True,148.0,143.0,algorithms,conda-forge/algorithms,,https://pypi.org/project/algorithms,2026-02-18 00:50:03.000,2026-02-18 00:50:03.000,1.0.1,7.0,5.0,2402.0,2481.0,https://anaconda.org/conda-forge/algorithms,2025-04-22 14:57:51.136,5172.0,3.0,,,,,,,,,,,,,,,,,,
259,Gooey,chriskiehl/Gooey,Turn (almost) any Python command line program into a full GUI application with one line.,,gui-dev,https://github.com/chriskiehl/Gooey,105.0,https://github.com/chriskiehl/Gooey,MIT,2014-01-01 21:06:05.000,2026-03-26 17:49:53.950,1018.0,168.0,20615.0,23,True,1198.0,1093.0,gooey,conda-forge/gooey,,https://pypi.org/project/gooey,2022-01-29 23:10:33.000,2021-12-15 16:29:29.533,0.8.7,58.0,105.0,5237.0,7241.0,https://anaconda.org/conda-forge/gooey,2026-03-26 17:49:53.950,150308.0,2.0,,,,,,,,,,,,,,,,,,
260,Vaex,vaexio/vaex,"Out-of-Core hybrid Apache Arrow/NumPy DataFrame for Python, ML, visualization and exploration of big tabular data at a..",,data-containers,https://github.com/vaexio/vaex,76.0,https://github.com/vaexio/vaex,MIT,2014-09-27 09:44:42.000,2026-04-01 03:56:14.000,603.0,551.0,8505.0,23,True,1095.0,1027.0,vaex,conda-forge/vaex,,https://pypi.org/project/vaex,2026-02-03 17:25:42.000,2026-02-03 17:25:42.000,4.19.0,70.0,68.0,,5415.0,https://anaconda.org/conda-forge/vaex,2025-04-22 14:56:28.679,644467.0,3.0,,,,,,,,,,,,,,,,,,
261,img2dataset,rom1504/img2dataset,"Easily turn large sets of image urls to an image dataset. Can download, resize and package 100M urls in 20h on one..",,data-loading,https://github.com/rom1504/img2dataset,36.0,https://github.com/rom1504/img2dataset,MIT,2021-08-11 20:20:15.000,2025-10-19 21:22:50.000,362.0,144.0,4210.0,23,True,297.0,291.0,img2dataset,,,https://pypi.org/project/img2dataset,2025-08-09 22:07:21.000,2025-08-09 22:07:21.000,1.47.0,89.0,6.0,81743.0,81743.0,,,,3.0,,,,,,,,,,,,,,,,,,
262,Databases,encode/databases,Async database support for Python.,,db-clients,https://github.com/encode/databases,59.0,https://github.com/encode/databases,BSD-3-Clause,2019-02-01 10:55:25.000,2026-01-01 19:03:38.844,263.0,133.0,3857.0,23,True,161.0,,databases,conda-forge/databases,,https://pypi.org/project/databases,2024-03-01 17:39:26.000,2024-03-01 17:39:26.000,0.9.0,43.0,161.0,1198634.0,1204237.0,https://anaconda.org/conda-forge/databases,2026-01-01 19:03:38.844,392243.0,3.0,,,,,,,,,,,,,,,,,,
263,camelot,camelot-dev/camelot,A Python library to extract tabular data from PDFs.,,data-loading,https://github.com/camelot-dev/camelot,80.0,https://github.com/camelot-dev/camelot,MIT,2019-07-01 13:39:33.000,2026-08-06 07:43:57.000,542.0,52.0,3803.0,23,True,3676.0,3670.0,camelot,,,https://pypi.org/project/camelot,2021-12-15 14:24:33.385,2011-12-30 16:40:09.000,11.12.30,16.0,6.0,3267.0,3267.0,,,,3.0,,,,,,,,,,,,,,,,,,
264,Pandaral·lel,nalepae/pandarallel,A simple and efficient tool to parallelize Pandas operations on all availableCPUs.,,data-containers,https://github.com/nalepae/pandarallel,26.0,https://github.com/nalepae/pandarallel,BSD-3-Clause,2019-03-10 11:58:29.000,2025-04-22 14:57:53.953,213.0,99.0,3790.0,23,False,107.0,,pandarallel,conda-forge/pandarallel,"['pandas', 'jupyter']",https://pypi.org/project/pandarallel,2023-05-02 20:45:04.130,2023-05-02 20:45:04.130,1.6.5,41.0,107.0,515239.0,517630.0,https://anaconda.org/conda-forge/pandarallel,2025-04-22 14:57:53.953,150648.0,3.0,,,,,,,,,,,,,,,,,,
265,gino,python-gino/gino,GINO Is Not ORM - a Python asyncio ORM on SQLAlchemy core.,,db-clients,https://github.com/python-gino/gino,45.0,https://github.com/python-gino/gino,BSD-3-Clause,2017-07-21 04:27:01.000,2022-02-12 20:37:35.000,150.0,55.0,2726.0,23,False,2555.0,2505.0,gino,,,https://pypi.org/project/gino,2022-02-12 20:37:35.000,2020-06-08 23:55:55.000,1.0.1,50.0,50.0,13500.0,13500.0,,,,3.0,,,,,,,,,,,,,,,,,,
266,PyFunctional,EntilZha/PyFunctional,Python library for creating data pipelines with chain functional programming.,,data-pipelines,https://github.com/EntilZha/PyFunctional,33.0,https://github.com/EntilZha/PyFunctional,MIT,2015-02-05 17:17:51.000,2024-03-13 17:36:36.000,134.0,14.0,2311.0,23,False,1018.0,991.0,pyfunctional,,,https://pypi.org/project/pyfunctional,2024-03-13 17:36:36.000,2024-03-13 17:36:36.000,1.5.0,15.0,27.0,434323.0,434323.0,,,,3.0,,,,,,,,,,,,,,,,,,
267,immutables,MagicStack/immutables,A high-performance immutable mapping type for Python.,,data-structures,https://github.com/MagicStack/immutables,17.0,https://github.com/MagicStack/immutables,Apache-2.0,2018-03-30 21:24:52.000,2025-09-12 14:05:35.158,59.0,12.0,1205.0,23,True,8106.0,7971.0,immutables,conda-forge/immutables,,https://pypi.org/project/immutables,2024-10-10 00:53:56.000,,,21.0,135.0,2221909.0,2247407.0,https://anaconda.org/conda-forge/immutables,2025-09-12 14:05:35.158,1937879.0,3.0,,,,,,,,,,,,,,,,,,
268,ODMantic,art049/odmantic,Sync and Async ODM (Object Document Mapper) for MongoDB based on python type hints.,,db-clients,https://github.com/art049/odmantic,23.0,https://github.com/art049/odmantic,ISC,2020-05-01 13:59:45.000,2026-05-19 21:43:53.000,98.0,118.0,1175.0,23,True,3624.0,3600.0,odmantic,,,https://pypi.org/project/odmantic,2026-01-24 18:02:02.000,2026-01-24 18:02:02.000,1.1.0,23.0,24.0,64969.0,64969.0,,,,3.0,,,,,,,,,,,,,,,,,,
269,neo4j-driver,neo4j/neo4j-python-driver,Neo4j Bolt driver for Python.,,db-clients,https://github.com/neo4j/neo4j-python-driver,44.0,https://github.com/neo4j/neo4j-python-driver,Apache-2.0,2015-05-05 13:08:20.000,2026-08-28 10:56:57.733,214.0,10.0,1050.0,23,True,65.0,,neo4j-driver,conda-forge/neo4j-python-driver,,https://pypi.org/project/neo4j-driver,2026-08-28 10:26:31.000,2026-08-28 10:26:31.000,5.28.5,150.0,65.0,98808.0,105828.0,https://anaconda.org/conda-forge/neo4j-python-driver,2026-08-28 10:56:57.733,526561.0,3.0,,,,,,,,,,,,,,,,,,
270,HappyBase,python-happybase/happybase,[UNMAINTAINED] A developer-friendly Python library to interact with Apache HBase.,,db-clients,https://github.com/python-happybase/happybase,22.0,https://github.com/python-happybase/happybase,MIT,2012-05-20 20:06:10.000,2025-09-26 09:31:47.000,163.0,34.0,609.0,23,True,1075.0,1031.0,happybase,conda-forge/happybase,,https://pypi.org/project/happybase,2025-09-26 09:30:46.000,2025-09-26 09:30:46.000,1.3.0,13.0,44.0,61826.0,64992.0,https://anaconda.org/conda-forge/happybase,2025-04-22 14:56:24.390,389440.0,3.0,,,,,,,,,,,,,,,,,,
271,pyscreenshot,ponty/pyscreenshot,"Python screenshot library, replacement for the Pillow ImageGrab module on Linux.",,others,https://github.com/ponty/pyscreenshot,25.0,https://github.com/ponty/pyscreenshot,BSD-2-Clause,2011-02-01 13:02:51.000,2023-11-04 13:29:53.000,89.0,,497.0,23,False,5953.0,5861.0,pyscreenshot,,,https://pypi.org/project/pyscreenshot,2023-03-12 06:35:43.130,2018-12-21 10:20:02.000,0.5.1,23.0,92.0,164431.0,164431.0,,,,3.0,,,,,,,,,,,,,,,,,,
272,umongo,Scille/umongo,"sync/async MongoDB ODM, yes.",,db-clients,https://github.com/Scille/umongo,19.0,https://github.com/Scille/umongo,MIT,2016-03-09 16:34:42.000,2026-08-20 21:49:27.587,68.0,53.0,447.0,23,True,26053.0,26043.0,umongo,conda-forge/umongo,,https://pypi.org/project/umongo,2026-03-01 13:19:13.000,2026-03-01 13:19:13.000,4.0.0,59.0,10.0,32827.0,33148.0,https://anaconda.org/conda-forge/umongo,2026-08-20 21:49:27.587,19273.0,3.0,,,,,,,,,,,,,,,,,,
273,filedepot,amol-/depot,Toolkit for storing files and attachments in web applications.,,db-clients,https://github.com/amol-/depot,21.0,https://github.com/amol-/depot,MIT,2014-06-04 10:27:12.000,2026-07-22 00:01:30.000,41.0,9.0,165.0,23,True,1488.0,1473.0,filedepot,,,https://pypi.org/project/filedepot,2026-07-22 00:01:30.000,2026-07-22 00:01:30.000,0.12.0,27.0,15.0,15514.0,15514.0,,,,3.0,,,,,,,,,,,,,,,,,,
274,contextlib2,jazzband/contextlib2,contextlib2 is a backport of the standard librarys contextlib module to earlier Python versions.,,compatibility,https://github.com/jazzband/contextlib2,17.0,https://github.com/jazzband/contextlib2,psfrag,2016-03-18 13:22:21.000,2025-10-06 17:48:17.000,12.0,4.0,39.0,23,False,87001.0,86583.0,contextlib2,conda-forge/contextlib2,,https://pypi.org/project/contextlib2,2021-06-27 06:54:20.000,2021-06-27 06:54:20.000,21.6.0,14.0,418.0,11397307.0,11436675.0,https://anaconda.org/conda-forge/contextlib2,2025-04-22 14:56:20.337,2480193.0,3.0,,,,,,,,,,,,,,,,,,
275,snorkel,snorkel-team/snorkel,A system for quickly generating training data with weak supervision.,,data-loading,https://github.com/snorkel-team/snorkel,81.0,https://github.com/snorkel-team/snorkel,Apache-2.0,2016-02-26 05:52:45.000,2026-04-10 17:37:34.000,854.0,17.0,5962.0,22,True,699.0,677.0,snorkel,conda-forge/snorkel,,https://pypi.org/project/snorkel,2024-02-27 22:57:29.000,2024-02-27 22:57:29.000,0.10.0,22.0,22.0,43411.0,44558.0,https://anaconda.org/conda-forge/snorkel,2025-04-22 14:57:07.929,75702.0,3.0,,,,,,,,,,,,,,,,,,
276,Dynaconf,rochacbruno/dynaconf,The dynamic configurator for your Python Project.,,configuration,https://github.com/dynaconf/dynaconf,128.0,,MIT,2020-10-29 15:25:33.245,2026-08-06 07:05:05.902,340.0,,4320.0,22,True,776.0,,dynaconf,conda-forge/dynaconf,,https://pypi.org/project/dynaconf,2026-08-05 19:50:23.000,2026-08-05 19:50:23.000,3.3.5,101.0,776.0,,3290.0,https://anaconda.org/conda-forge/dynaconf,2026-08-06 07:05:05.902,233592.0,3.0,,,,,,,,,,,,,,,,,,
277,python-box,cdgriffith/Box,Python dictionaries with advanced dot notation access.,,data-structures,https://github.com/cdgriffith/Box,1.0,https://github.com/cdgriffith/Box,MIT,2017-03-11 04:46:51.000,2026-04-29 15:47:00.525,118.0,32.0,2817.0,22,True,593.0,,python-box,conda-forge/python-box,,https://pypi.org/project/python-box,2026-02-21 16:21:14.000,2026-02-21 16:21:14.000,7.4.1,69.0,593.0,6133277.0,6150080.0,https://anaconda.org/conda-forge/python-box,2026-04-29 15:47:00.525,1243474.0,3.0,,,,,,,,,,,,,,,,,,
278,whylogs,whylabs/whylogs,Open standard for end-to-end data and ML monitoring for any scale in any infrastructure.,,data-pipelines,https://github.com/whylabs/whylogs,35.0,https://github.com/whylabs/whylogs,Apache-2.0,2020-08-14 23:25:32.000,2025-01-10 20:14:49.000,134.0,,2776.0,22,False,412.0,404.0,whylogs,,,https://pypi.org/project/whylogs,2024-12-03 23:54:37.000,2024-11-21 02:10:18.000,1.6.3,361.0,8.0,131316.0,131316.0,,,,3.0,,,,,,,,,,,,,,,,,,
279,mongo-connector,yougov/mongo-connector,MongoDB data stream pipeline tools by YouGov (adopted from MongoDB).,,db-clients,https://github.com/yougov/mongo-connector,62.0,https://github.com/yougov/mongo-connector,Apache-2.0,2012-08-09 23:39:36.000,2024-03-27 15:59:35.000,474.0,263.0,1878.0,22,False,240.0,231.0,mongo-connector,,,https://pypi.org/project/mongo-connector,2018-12-05 19:18:21.000,2018-12-05 19:18:21.000,3.1.1,51.0,9.0,36693.0,36693.0,,,,3.0,,,,,,,,,,,,,,,,,,
280,datatable,h2oai/datatable,A Python package for manipulating 2-dimensional tabular data structures.,,data-containers,https://github.com/h2oai/datatable,42.0,https://github.com/h2oai/datatable,MPL-2.0,2017-03-03 02:32:59.000,2026-08-29 15:19:04.410,163.0,180.0,1867.0,22,True,54.0,,datatable,conda-forge/datatable,,https://pypi.org/project/datatable,2023-12-01 21:51:48.000,2023-12-01 21:51:48.000,1.1.0,15.0,54.0,30391.0,31267.0,https://anaconda.org/conda-forge/datatable,2026-08-29 15:19:04.410,60460.0,3.0,,,,,,,,,,,,,,,,,,
281,pandasql,yhat/pandasql,sqldf for pandas.,,data-containers,https://github.com/yhat/pandasql,15.0,https://github.com/yhat/pandasql,MIT,2013-02-18 01:53:56.000,2025-04-22 14:57:54.808,186.0,59.0,1349.0,22,False,76.0,,pandasql,conda-forge/pandasql,['pandas'],https://pypi.org/project/pandasql,2016-04-20 21:52:36.000,2016-04-20 21:52:36.000,0.7.3,31.0,76.0,2285403.0,2295582.0,https://anaconda.org/conda-forge/pandasql,2025-04-22 14:57:54.808,641336.0,3.0,,,,,,,,,,,,,,,,,,
282,Singer,singer-io/getting-started,"Standard for moving data between databases, web APIs, files, queues, and just about anything else you can think of.",,data-loading,https://github.com/singer-io/getting-started,33.0,https://github.com/singer-io/getting-started,AGPL-3.0,2016-10-31 16:53:56.000,2026-02-27 17:28:30.000,146.0,29.0,1288.0,22,True,306.0,,singer-python,,,https://pypi.org/project/singer-python,2026-02-27 17:28:30.000,2026-02-27 17:15:11.000,6.8.0,131.0,306.0,608822.0,608822.0,,,,3.0,,,,,,,,,,,,,,,,,,
283,parallel-ssh,ParallelSSH/parallel-ssh,Asynchronous parallel SSH client library.,,infrastructure,https://github.com/ParallelSSH/parallel-ssh,23.0,https://github.com/ParallelSSH/parallel-ssh,LGPL-2.1,2012-12-24 14:45:36.000,2025-10-14 12:24:14.000,154.0,11.0,1258.0,22,False,316.0,282.0,parallel-ssh,,,https://pypi.org/project/parallel-ssh,2025-10-14 12:24:14.000,2025-10-12 15:36:40.000,2.16.0,104.0,34.0,229732.0,229732.0,,,,3.0,,,,,,,,,,,,,,,,,,
284,pluginbase,mitsuhiko/pluginbase,A simple but flexible plugin system for Python.,,others,https://github.com/mitsuhiko/pluginbase,9.0,https://github.com/mitsuhiko/pluginbase,BSD-3-Clause,2014-06-30 20:51:42.000,2025-04-22 14:56:45.424,142.0,3.0,1089.0,22,False,3109.0,3041.0,pluginbase,conda-forge/pluginbase,,https://pypi.org/project/pluginbase,2021-05-16 16:25:40.000,2021-05-16 16:25:40.000,1.0.1,9.0,68.0,822877.0,838024.0,https://anaconda.org/conda-forge/pluginbase,2025-04-22 14:56:45.424,363531.0,3.0,,,,,,,,,,,,,,,,,,
285,bcolz,Blosc/bcolz,A columnar data container that can be compressed.,,data-containers,https://github.com/Blosc/bcolz,33.0,https://github.com/Blosc/bcolz,BSD-3-Clause,2010-08-18 15:27:02.000,2025-04-22 14:56:31.857,149.0,132.0,956.0,22,False,2131.0,2088.0,bcolz,conda-forge/bcolz,,https://pypi.org/project/bcolz,2018-04-13 07:44:26.000,2018-04-13 07:44:26.000,1.2.1,23.0,43.0,10011.0,15297.0,https://anaconda.org/conda-forge/bcolz,2025-04-22 14:56:31.857,607952.0,3.0,,,,,,,,,,,,,,,,,,
286,munch,Infinidat/munch,A Munch is a Python dictionary that provides attribute-style access (a la JavaScript objects).,,data-structures,https://github.com/Infinidat/munch,27.0,https://github.com/Infinidat/munch,MIT,2012-03-08 21:20:50.000,2025-04-22 14:56:20.788,86.0,14.0,781.0,22,False,576.0,,munch,conda-forge/munch,,https://pypi.org/project/munch,2023-07-01 09:51:02.251,2023-07-01 09:51:02.251,4.0.0,16.0,576.0,2968776.0,3085576.0,https://anaconda.org/conda-forge/munch,2025-04-22 14:56:20.788,4672030.0,3.0,,,,,,,,,,,,,,,,,,
287,scandir,benhoyt/scandir,"Better directory iterator and faster os.walk(). Archived, as this has been in the stdlib since Python 3.5.",,file-path-utils,https://github.com/benhoyt/scandir,23.0,https://github.com/benhoyt/scandir,BSD-3-Clause,2013-05-13 08:14:57.000,2025-08-22 08:03:39.390,68.0,,537.0,22,False,215.0,,scandir,conda-forge/scandir,,https://pypi.org/project/scandir,2019-03-09 17:58:19.000,2019-03-09 17:58:19.000,1.10.0,16.0,215.0,2148947.0,2178401.0,https://anaconda.org/conda-forge/scandir,2025-08-22 08:03:39.390,2091265.0,3.0,,,,,,,,,,,,,,,,,,
288,Unipath,mikeorr/Unipath,An object-oriented approach to Python file/directory operations.,,file-path-utils,https://github.com/mikeorr/Unipath,6.0,https://github.com/mikeorr/Unipath,MIT,2013-01-28 04:38:28.000,2022-01-11 09:35:44.000,39.0,9.0,514.0,22,False,10383.0,10324.0,unipath,,,https://pypi.org/project/unipath,2015-02-11 04:36:12.000,2009-03-29 15:28:56.000,0.2.1,3.0,59.0,109717.0,109717.0,,,,3.0,,,,,,,,,,,,,,,,,,
289,aiomisc,aiokitchen/aiomisc,aiomisc - miscellaneous utils for asyncio.,,async,https://github.com/aiokitchen/aiomisc,22.0,https://github.com/aiokitchen/aiomisc,MIT,2018-04-13 14:33:37.000,2026-07-10 06:54:21.000,28.0,10.0,424.0,22,True,508.0,447.0,aiomisc,,,https://pypi.org/project/aiomisc,2026-07-10 06:54:21.000,2026-07-10 06:54:21.000,18.0.26,313.0,61.0,55981.0,55981.0,,,,3.0,,,,,,,,,,,,,,,,,,
290,rtoml,samuelcolvin/rtoml,A fast TOML library for python implemented in rust.,,serialization,https://github.com/samuelcolvin/rtoml,16.0,https://github.com/samuelcolvin/rtoml,MIT,2020-01-07 22:30:25.000,2025-10-19 04:57:52.000,30.0,10.0,377.0,22,True,1140.0,975.0,rtoml,,,https://pypi.org/project/rtoml,2025-10-19 04:57:52.000,2025-10-19 04:57:52.000,0.13.0,17.0,165.0,1053148.0,1053148.0,,,,3.0,,,,,,,,,,,,,,,,,,
291,micropython,micropython/micropython,MicroPython - a lean and efficient Python implementation for microcontrollers and constrained systems.,,python-implementations,https://github.com/micropython/micropython,763.0,https://github.com/micropython/micropython,Python-2.0,2013-12-20 11:47:07.000,2026-08-24 13:50:59.000,8939.0,1540.0,22009.0,21,True,21.0,21.0,micropython-_markupbase,,,https://pypi.org/project/micropython-_markupbase,2016-10-10 21:51:14.000,2015-04-11 20:19:03.000,3.3.3,2.0,,,,,,,2.0,,,,,,,,,,,,,,,,,,
292,powerline-shell,b-ryan/powerline-shell,A beautiful and useful prompt for your shell.,,others,https://github.com/b-ryan/powerline-shell,89.0,https://github.com/b-ryan/powerline-shell,MIT,2012-09-09 16:12:53.000,2022-09-22 18:12:11.000,744.0,119.0,5927.0,21,False,138.0,134.0,powerline-shell,,,https://pypi.org/project/powerline-shell,2018-09-16 00:34:48.000,2018-09-16 00:34:48.000,0.7.0,26.0,4.0,11246.0,11246.0,,,,3.0,,,,,,,,,,,,,,,,,,
293,toga,beeware/toga,"A Python native, OS native GUI toolkit.",,gui-dev,https://github.com/beeware/toga,349.0,https://github.com/beeware/toga,BSD-3-Clause,2014-08-01 21:44:10.000,2026-07-08 01:05:50.000,818.0,301.0,5391.0,21,True,58.0,3.0,toga,,,https://pypi.org/project/toga,2026-07-08 01:05:50.000,2026-07-08 01:05:50.000,0.5.6,80.0,50.0,,64.0,,,,3.0,@pybee/toga,https://www.npmjs.com/package/@pybee/toga,2017-04-23 05:17:57.458,5.0,64.0,,,,,,,,,,,,,
294,Arctic,man-group/arctic,Arctic is a high performance datastore for numeric data.,,data-containers,https://github.com/man-group/arctic,86.0,https://github.com/man-group/arctic,LGPL-2.1,2015-05-29 13:37:30.000,2026-09-01 21:41:40.419,578.0,97.0,3079.0,21,False,312.0,289.0,arctic,conda-forge/arctic,,https://pypi.org/project/arctic,2024-02-06 09:00:23.000,2024-02-06 09:00:23.000,1.82.2,96.0,23.0,1548.0,2493.0,https://anaconda.org/conda-forge/arctic,2026-09-01 21:41:40.419,49144.0,3.0,,,,,,,,,,,,,,,,,,
295,prisma,RobertCraigie/prisma-client-py,Prisma Client Python is an auto-generated and fully type-safe database client designed for ease of use.,,db-clients,https://github.com/RobertCraigie/prisma-client-py,31.0,https://github.com/RobertCraigie/prisma-client-py,Apache-2.0,2020-12-16 04:29:28.000,2024-11-20 10:40:27.000,81.0,236.0,1893.0,21,False,24.0,,prisma,,,https://pypi.org/project/prisma,2024-08-16 02:54:02.000,2024-08-16 02:54:02.000,0.15.0,33.0,24.0,765665.0,765665.0,,,,3.0,,,,,,,,,,,,,,,,,,
296,CommonRegex,madisonmay/CommonRegex,A collection of common regular expressions bundled with an easy to use interface.,,utilities,https://github.com/madisonmay/CommonRegex,14.0,https://github.com/madisonmay/CommonRegex,MIT,2013-12-17 08:43:14.000,2023-04-20 18:31:08.000,141.0,22.0,1566.0,21,False,220.0,212.0,commonregex,,,https://pypi.org/project/commonregex,2021-12-15 15:25:21.835,2021-12-15 15:25:21.835,1.5.4,6.0,8.0,77121.0,77121.0,,,,3.0,,,,,,,,,,,,,,,,,,
297,TaskTiger,closeio/tasktiger,Python task queue using Redis.,,data-pipelines,https://github.com/closeio/tasktiger,35.0,https://github.com/closeio/tasktiger,MIT,2015-05-14 00:26:32.000,2026-08-31 12:17:50.000,95.0,50.0,1467.0,21,True,35.0,33.0,tasktiger,,,https://pypi.org/project/tasktiger,2026-08-31 12:17:50.000,2026-08-31 12:17:50.000,0.26.0,46.0,2.0,9293.0,9293.0,,,,3.0,,,,,,,,,,,,,,,,,,
298,ubelt,Erotemic/ubelt,"A Python utility library with a stdlib like feel and extra batteries. Paths, Progress, Dicts, Downloads, Caching,..",,utilities,https://github.com/Erotemic/ubelt,6.0,https://github.com/Erotemic/ubelt,Apache-2.0,2017-01-30 21:14:57.000,2026-07-31 09:17:38.925,51.0,11.0,740.0,21,True,136.0,,ubelt,conda-forge/ubelt,,https://pypi.org/project/ubelt,2026-07-31 01:08:01.000,2026-07-31 01:08:01.000,1.4.3,80.0,136.0,57512.0,65096.0,https://anaconda.org/conda-forge/ubelt,2026-07-31 09:17:38.925,455045.0,3.0,,,,,,,,,,,,,,,,,,
299,hickle,telegraphic/hickle,a HDF5-based python pickle replacement.,,serialization,https://github.com/telegraphic/hickle,29.0,https://github.com/telegraphic/hickle,MIT,2012-05-28 09:04:16.000,2025-04-22 14:57:00.315,70.0,6.0,486.0,21,False,1136.0,1097.0,hickle,conda-forge/hickle,,https://pypi.org/project/hickle,2024-03-30 09:15:05.000,2024-03-30 09:15:05.000,5.0.3,40.0,39.0,48418.0,49792.0,https://anaconda.org/conda-forge/hickle,2025-04-22 14:57:00.315,42621.0,3.0,,,,,,,,,,,,,,,,,,
300,typing_inspect,ilevkivskyi/typing_inspect,Runtime inspection utilities for Python typing module.,,inspect,https://github.com/ilevkivskyi/typing_inspect,21.0,https://github.com/ilevkivskyi/typing_inspect,MIT,2017-04-29 15:49:25.000,2025-05-12 13:53:23.000,38.0,24.0,369.0,21,False,719.0,,typing_inspect,conda-forge/typing_inspect,,https://pypi.org/project/typing_inspect,2023-05-24 20:27:04.117,2023-05-24 20:27:04.117,0.9.0,12.0,719.0,,60240.0,https://anaconda.org/conda-forge/typing_inspect,2025-04-22 14:57:03.639,3795175.0,3.0,,,,,,,,,,,,,,,,,,
301,price-parser,scrapinghub/price-parser,Extract price amount and currency symbol from a raw text string.,,text,https://github.com/scrapinghub/price-parser,19.0,https://github.com/scrapinghub/price-parser,BSD-3-Clause,2019-04-11 18:27:30.000,2026-03-19 11:33:22.000,54.0,26.0,346.0,21,True,602.0,562.0,price-parser,,,https://pypi.org/project/price-parser,2026-03-19 11:33:22.000,2026-03-19 11:33:22.000,0.5.1,15.0,40.0,766060.0,766060.0,,,,3.0,,,,,,,,,,,,,,,,,,
302,flupy,olirice/flupy,Fluent data pipelines for python and your shell.,,data-pipelines,https://github.com/olirice/flupy,9.0,https://github.com/olirice/flupy,,2018-01-06 16:46:04.000,2026-07-18 01:54:59.000,14.0,3.0,195.0,21,False,884.0,876.0,flupy,,,https://pypi.org/project/flupy,2026-07-18 01:54:59.000,2026-07-18 01:54:59.000,1.2.4,42.0,8.0,2063963.0,2063963.0,,,,3.0,,,,,,,,,,,,,,,,,,
303,pyexcel-xlsx,pyexcel/pyexcel-xlsx,"A wrapper library to read, manipulate and write data in xlsx and xlsm format using openpyxl.",,data-loading,https://github.com/pyexcel/pyexcel-xlsx,6.0,https://github.com/pyexcel/pyexcel-xlsx,BSD-3-Clause,2014-12-02 00:03:24.000,2025-04-22 14:56:42.748,33.0,9.0,117.0,21,False,3341.0,3266.0,pyexcel-xlsx,conda-forge/pyexcel-xlsx,,https://pypi.org/project/pyexcel-xlsx,2025-03-05 07:35:39.000,2025-03-05 07:35:39.000,0.6.1,29.0,75.0,1294387.0,1295215.0,https://anaconda.org/conda-forge/pyexcel-xlsx,2025-04-22 14:56:42.748,58834.0,3.0,,,,,,,,,,,,,,,,,,
304,ploomber,ploomber/ploomber,"The fastest way to build data pipelines. Develop iteratively, deploy anywhere.",,data-pipelines,https://github.com/ploomber/ploomber,80.0,https://github.com/ploomber/ploomber,Apache-2.0,2020-01-20 20:13:06.000,2025-05-29 22:02:03.000,241.0,110.0,3604.0,20,False,13.0,,ploomber,conda-forge/ploomber,,https://pypi.org/project/ploomber,2024-09-18 19:11:38.000,2024-09-18 19:11:38.000,0.23.3,117.0,13.0,9468.0,12748.0,https://anaconda.org/conda-forge/ploomber,2025-04-22 14:57:55.792,206701.0,3.0,,,,,,,,,,,,,,,,,,
305,pampy,santinic/pampy,Pampy: The Pattern Matching for Python you always dreamed of.,,utilities,https://github.com/santinic/pampy,10.0,https://github.com/santinic/pampy,MIT,2018-11-08 12:51:17.000,2022-03-29 22:05:25.000,125.0,23.0,3516.0,20,False,532.0,495.0,pampy,,,https://pypi.org/project/pampy,2019-11-07 15:54:35.000,2019-11-07 15:54:35.000,0.3.0,11.0,37.0,51850.0,51850.0,,,,3.0,,,,,,,,,,,,,,,,,,
306,flexx,flexxui/flexx,Write desktop and web apps in pure Python.,,gui-dev,https://github.com/flexxui/flexx,37.0,https://github.com/flexxui/flexx,BSD-2-Clause,2014-09-03 08:38:00.000,2025-04-22 14:56:24.897,256.0,96.0,3331.0,20,False,160.0,153.0,flexx,conda-forge/flexx,,https://pypi.org/project/flexx,2022-04-12 19:13:11.000,2022-04-12 19:13:11.000,0.8.4,17.0,7.0,,4153.0,https://anaconda.org/conda-forge/flexx,2025-04-22 14:56:24.897,299055.0,3.0,,,,,,,,,,,,,,,,,,
307,Phoenix,wxWidgets/Phoenix,"wxPythons Project Phoenix. A new implementation of wxPython, better, stronger, faster than he was before.",,gui-dev,https://github.com/wxWidgets/Phoenix,162.0,https://github.com/wxWidgets/Phoenix,wxWindows,2012-07-17 06:22:25.000,2026-08-03 13:57:37.894,564.0,644.0,2617.0,20,False,9.0,,wx,conda-forge/wxpython,,https://pypi.org/project/wx,2016-08-17 03:22:15.000,2016-08-17 03:22:15.000,3.0.3,20.0,9.0,,30212.0,https://anaconda.org/conda-forge/wxpython,2026-08-03 13:57:37.894,2145108.0,3.0,,,,,,,,,,,,,,,,,,
308,bonobo,python-bonobo/bonobo,Extract Transform Load for Python 3.5+.,,data-pipelines,https://github.com/python-bonobo/bonobo,37.0,https://github.com/python-bonobo/bonobo,Apache-2.0,2016-12-09 04:03:23.000,2023-05-12 06:19:51.000,145.0,107.0,1612.0,20,False,195.0,186.0,bonobo,,,https://pypi.org/project/bonobo,2019-07-20 13:33:19.000,2019-05-16 13:19:48.000,0.6.4,38.0,9.0,7886.0,7886.0,,,,3.0,,,,,,,,,,,,,,,http://docs.bonobo-project.org/en/master/,,,
309,riko,nerevu/riko,A Python stream processing engine modeled after Yahoo! Pipes.,,data-pipelines,https://github.com/nerevu/riko,25.0,https://github.com/nerevu/riko,MIT,2016-06-02 12:22:51.000,2026-09-01 00:43:01.000,75.0,24.0,1606.0,20,True,14.0,14.0,riko,,,https://pypi.org/project/riko,2026-09-01 00:43:01.000,2026-08-28 14:26:42.000,0.76.1,73.0,,2278.0,2278.0,,,,3.0,,,,,,,,,,,,,,,,,,
310,Pypeline,cgarciae/pypeln,Concurrent data pipelines in Python .,,data-pipelines,https://github.com/cgarciae/pypeln,13.0,https://github.com/cgarciae/pypeln,MIT,2018-09-01 13:43:31.000,2025-04-22 14:57:31.976,89.0,21.0,1408.0,20,False,182.0,171.0,pypeln,conda-forge/pypeln,,https://pypi.org/project/pypeln,2022-01-06 15:32:39.000,2022-01-06 15:32:39.000,0.4.9,36.0,11.0,154467.0,154779.0,https://anaconda.org/conda-forge/pypeln,2025-04-22 14:57:31.976,23139.0,3.0,,,,,,,,,,,,,,,,,,
311,fabtools,fabtools/fabtools,Tools for writing awesome Fabric files.,,infrastructure,https://github.com/fabtools/fabtools,88.0,https://github.com/fabtools/fabtools,BSD-2-Clause,2011-09-05 01:44:24.000,2018-03-18 12:07:00.000,218.0,104.0,1153.0,20,False,319.0,317.0,fabtools,,,https://pypi.org/project/fabtools,2016-10-12 10:37:57.000,2016-10-12 10:37:57.000,0.20.0,30.0,2.0,813.0,813.0,,,,3.0,,,,,,,,,,,,,,,,,,
312,dirty-equals,samuelcolvin/dirty-equals,Doing dirty (but extremely useful) things with equals.,,data-validation,https://github.com/samuelcolvin/dirty-equals,21.0,https://github.com/samuelcolvin/dirty-equals,MIT,2022-01-26 16:10:05.000,2025-11-18 11:10:57.068,48.0,21.0,997.0,20,True,1192.0,1090.0,dirty-equals,conda-forge/dirty-equals,,https://pypi.org/project/dirty-equals,2025-11-17 01:51:22.000,2025-09-19 16:05:29.000,0.10.0,19.0,102.0,,2717.0,https://anaconda.org/conda-forge/dirty-equals,2025-11-18 11:10:57.068,146734.0,3.0,,,,,,,,,,,,,,,,,,
313,unsync,alex-sherman/unsync,Unsynchronize asyncio.,,async,https://github.com/alex-sherman/unsync,11.0,https://github.com/alex-sherman/unsync,MIT,2018-02-06 02:16:16.000,2025-04-22 14:57:27.673,54.0,3.0,901.0,20,False,304.0,271.0,unsync,conda-forge/unsync,,https://pypi.org/project/unsync,2021-10-21 00:46:56.000,2021-10-21 00:46:56.000,1.4.0,9.0,33.0,72391.0,72830.0,https://anaconda.org/conda-forge/unsync,2025-04-22 14:57:27.673,32936.0,3.0,,,,,,,,,,,,,,,,,,
314,pysimdjson,TkTech/pysimdjson,Python bindings for the simdjson project.,,serialization,https://github.com/TkTech/pysimdjson,15.0,https://github.com/TkTech/pysimdjson,,2019-02-22 03:26:04.000,2025-08-31 00:14:30.298,60.0,9.0,709.0,20,False,1674.0,1616.0,pysimdjson,conda-forge/pysimdjson,,https://pypi.org/project/pysimdjson,2025-06-28 20:36:06.000,2025-05-20 04:54:21.000,7.0.1,39.0,58.0,1139803.0,1144106.0,https://anaconda.org/conda-forge/pysimdjson,2025-08-31 00:14:30.298,305581.0,3.0,,,,,,,,,,,,,,,,,,
315,messytables,okfn/messytables,Tools for parsing messy tabular data. This is now superseded by https://github.com/frictionlessdata/tabulator-py.,,data-loading,https://github.com/okfn/messytables,44.0,https://github.com/okfn/messytables,MIT,2011-07-27 18:08:21.000,2023-05-22 21:34:25.000,109.0,41.0,390.0,20,False,358.0,345.0,messytables,,,https://pypi.org/project/messytables,2017-02-09 12:37:47.000,2017-02-09 12:37:47.000,0.15.2,26.0,13.0,14090.0,14090.0,,,,3.0,,,,,,,,,,,,,,,,,,
316,pyhdb,SAP-archive/PyHDB,SAP HANA Connector in pure Python.,,db-clients,https://github.com/SAP-archive/PyHDB,10.0,https://github.com/SAP-archive/PyHDB,Apache-2.0,2014-12-12 04:02:40.000,2021-05-04 17:33:58.000,133.0,,315.0,20,False,271.0,260.0,pyhdb,,,https://pypi.org/project/pyhdb,2018-02-16 12:37:13.000,2018-02-16 12:37:13.000,0.3.4,8.0,11.0,74586.0,74586.0,,,,3.0,,,,,,,,,,,,,,,,,,
317,deepdish,uchicago-cs/deepdish,Flexible HDF5 saving/loading and other data science tools from the University of Chicago.,,data-loading,https://github.com/uchicago-cs/deepdish,11.0,https://github.com/uchicago-cs/deepdish,BSD-3-Clause,2014-08-27 18:10:26.000,2025-04-22 14:56:29.245,59.0,18.0,271.0,20,False,1053.0,989.0,deepdish,conda-forge/deepdish,,https://pypi.org/project/deepdish,2021-09-24 05:09:00.400,2021-09-24 05:09:00.400,0.3.7,17.0,64.0,6716.0,10401.0,https://anaconda.org/conda-forge/deepdish,2025-04-22 14:56:29.245,272721.0,3.0,,,,,,,,,,,,,,,,,,
318,Queries,gmr/queries,PostgreSQL database access simplified.,,db-clients,https://github.com/gmr/queries,12.0,https://github.com/gmr/queries,BSD-3-Clause,2012-08-24 16:12:55.000,2021-11-16 15:05:15.000,34.0,6.0,259.0,20,False,154.0,151.0,queries,,,https://pypi.org/project/queries,2021-11-16 15:05:08.000,2021-11-16 15:05:08.000,2.1.1,30.0,3.0,582701.0,582701.0,,,,3.0,,,,,,,,,,,,,,,,,,
319,aioprometheus,claws/aioprometheus,A Prometheus Python client library for asyncio-based applications.,,db-clients,https://github.com/claws/aioprometheus,12.0,https://github.com/claws/aioprometheus,MIT,2016-06-18 12:53:23.000,2024-08-21 08:17:58.000,21.0,14.0,176.0,20,False,572.0,556.0,aioprometheus,,,https://pypi.org/project/aioprometheus,2023-12-27 23:54:29.000,2023-12-27 23:54:29.000,23.12.0,27.0,16.0,139825.0,139825.0,,,,3.0,,,,,,,,,,,,,,,,,,
320,clint,kennethreitz-archive/clint,Python Command Line Interface Tools.,,cli-helpers,https://github.com/kennethreitz/clint,64.0,,ISC,2016-05-24 20:22:15.785,2025-04-22 14:56:23.827,19.0,,95.0,20,False,5838.0,5451.0,clint,conda-forge/clint,,https://pypi.org/project/clint,2015-08-25 16:11:19.000,2015-08-25 16:11:19.000,0.5.1,18.0,387.0,329275.0,330465.0,https://anaconda.org/conda-forge/clint,2025-04-22 14:56:23.827,147622.0,3.0,,,,,,,,,,,,,,,,,,
321,faust,robinhood/faust,Python Stream Processing.,,data-pipelines,https://github.com/robinhood/faust,95.0,https://github.com/robinhood/faust,BSD-3-Clause,2017-03-08 18:36:11.000,2024-07-27 10:27:41.000,540.0,278.0,6823.0,19,False,2186.0,2162.0,faust,,,https://pypi.org/project/faust,2020-02-25 22:58:45.202,2020-02-25 22:58:45.202,1.10.4,46.0,24.0,,,,,,3.0,,,,,,,,,,,,,,,,,,
322,Eel,ChrisKnott/Eel,"For little HTML GUI applications, with easy Python/JS interop.",,gui-dev,https://github.com/python-eel/Eel,49.0,,MIT,,2025-06-22 18:21:36.000,606.0,,6750.0,19,False,111.0,,eel,,,https://pypi.org/project/eel,2025-06-22 18:21:36.000,2025-06-22 18:21:36.000,0.18.2,45.0,111.0,56749.0,56749.0,,,,3.0,,,,,,,,,,,,,,,,,,
323,bashplotlib,glamp/bashplotlib,plotting in the terminal.,,cli-helpers,https://github.com/glamp/bashplotlib,20.0,https://github.com/glamp/bashplotlib,MIT,2012-12-13 04:01:10.000,2024-06-23 22:00:04.000,142.0,24.0,1918.0,19,False,207.0,193.0,bashplotlib,,,https://pypi.org/project/bashplotlib,2016-02-06 21:56:46.000,2016-02-06 21:56:46.000,0.6.5,27.0,14.0,3229.0,3229.0,,,,3.0,,,,,,,,,,,,,,,,,,
324,enaml,nucleic/enaml,Declarative User Interfaces for Python.,,gui-dev,https://github.com/nucleic/enaml,44.0,https://github.com/nucleic/enaml,,2013-03-06 21:29:01.000,2025-12-15 10:34:13.000,132.0,49.0,1569.0,19,False,275.0,253.0,enaml,conda-forge/enaml,,https://pypi.org/project/enaml,2025-10-06 16:08:39.000,2025-10-06 16:08:39.000,0.19.0,32.0,22.0,4971.0,11620.0,https://anaconda.org/conda-forge/enaml,2025-10-27 16:55:18.289,498748.0,3.0,,,,,,,,,,,,,,,,,,
325,pygsheets,nithinmurali/pygsheets,Google Sheets Python API v4.,,db-clients,https://github.com/nithinmurali/pygsheets,99.0,https://github.com/nithinmurali/pygsheets,MIT,2016-06-06 17:20:44.000,2024-05-19 22:19:44.000,222.0,68.0,1517.0,19,False,3220.0,3143.0,pygsheets,,,https://pypi.org/project/pygsheets,2022-11-30 17:29:01.641,2022-11-30 17:29:01.641,2.0.6,18.0,77.0,,,,,,3.0,,,,,,,,,,,,-6.0,,,,,,
326,pinject,google/pinject,A pythonic dependency injection library.,,utilities,https://github.com/google/pinject,11.0,https://github.com/google/pinject,Apache-2.0,2013-06-20 23:46:50.000,2025-04-22 14:58:01.367,87.0,28.0,1348.0,19,False,14.0,,pinject,conda-forge/pinject,,https://pypi.org/project/pinject,2021-12-15 14:38:46.326,2021-12-15 14:38:46.326,0.10.1,14.0,14.0,189932.0,190097.0,https://anaconda.org/conda-forge/pinject,2025-04-22 14:58:01.367,9925.0,3.0,,,,,,,,,,,,,,,,,,
327,janus,aio-libs/janus,Thread-safe asyncio-aware queue for Python.,,data-structures,https://github.com/aio-libs/janus,30.0,https://github.com/aio-libs/janus,Apache-2.0,2015-06-08 15:45:28.000,2026-08-03 04:08:54.000,54.0,12.0,964.0,19,True,133.0,,janus,conda-forge/janus,,https://pypi.org/project/janus,2024-12-13 12:59:06.000,2024-12-13 12:59:06.000,2.0.0,21.0,133.0,,2148.0,https://anaconda.org/conda-forge/janus,2025-04-22 14:57:06.889,150395.0,3.0,,,,,,,,,,,,,,,,,,
328,awesome-slugify,voronind/awesome-slugify,Python flexible slugify function.,,text,https://github.com/voronind/awesome-slugify,11.0,https://github.com/voronind/awesome-slugify,GPL-3.0,2013-10-19 02:58:27.000,2025-04-22 14:56:21.449,45.0,18.0,483.0,19,False,3637.0,3514.0,awesome-slugify,conda-forge/awesome-slugify,,https://pypi.org/project/awesome-slugify,2015-06-05 06:31:13.000,2015-06-05 06:31:13.000,1.6.5,26.0,123.0,56447.0,58427.0,https://anaconda.org/conda-forge/awesome-slugify,2025-04-22 14:56:21.449,247542.0,3.0,,,,,,,,,,,,,,,,,,
329,StaticFrame,InvestmentSystems/static-frame,Immutable and statically-typeable DataFrames with runtime type and data validation.,,data-containers,https://github.com/static-frame/static-frame,30.0,,MIT,2020-05-13 01:20:02.990,2026-08-11 02:43:21.000,38.0,,483.0,19,True,39.0,33.0,static-frame,conda-forge/static-frame,,https://pypi.org/project/static-frame,2026-08-11 02:43:21.000,2026-08-11 02:43:21.000,5.1.1,244.0,6.0,7837.0,16504.0,https://anaconda.org/conda-forge/static-frame,2026-07-07 15:09:19.290,658698.0,3.0,,,,,,,,,,,,,,,,,,
330,dbnd,databand-ai/dbnd,DBND is an agile pipeline framework that helps data engineering teams track and orchestrate their data processes.,,data-pipelines,https://github.com/databand-ai/dbnd,93.0,https://github.com/databand-ai/dbnd,Apache-2.0,2020-01-02 10:42:47.000,2026-03-05 14:05:40.000,33.0,26.0,269.0,19,True,69.0,42.0,dbnd,,,https://pypi.org/project/dbnd,2026-03-05 14:05:40.000,2022-09-07 10:31:33.181,0.90.10,573.0,27.0,24280.0,24280.0,,,,3.0,,,,,,,,,,,,,,,,,,
331,pysparkling,svenkreiss/pysparkling,A pure Python implementation of Apache Sparks RDD and DStream interfaces.,,data-pipelines,https://github.com/svenkreiss/pysparkling,10.0,https://github.com/svenkreiss/pysparkling,MIT,2015-05-09 19:23:20.000,2025-04-22 14:57:49.185,48.0,9.0,255.0,19,False,250.0,248.0,pysparkling,conda-forge/pysparkling,,https://pypi.org/project/pysparkling,2022-11-13 18:45:00.900,2022-11-13 18:45:00.900,0.6.2,69.0,2.0,17585.0,17682.0,https://anaconda.org/conda-forge/pysparkling,2025-04-22 14:57:49.185,6405.0,3.0,,,,,,,,,,,,,,,,,,
332,tabulator-py,frictionlessdata/tabulator-py,Python library for reading and writing tabular data via streams.,,data-loading,https://github.com/frictionlessdata/tabulator-py,27.0,https://github.com/frictionlessdata/tabulator-py,MIT,2015-08-24 05:34:38.000,2025-04-22 14:56:37.611,42.0,,236.0,19,False,37.0,,tabulator,conda-forge/tabulator-py,,https://pypi.org/project/tabulator,2021-03-21 07:47:00.000,2023-12-02 01:27:27.146,0.3.2,142.0,37.0,110565.0,113128.0,https://anaconda.org/conda-forge/tabulator-py,2025-04-22 14:56:37.611,284497.0,3.0,,,,,,,,,,,,,,,,,,
333,cloudant,cloudant/python-cloudant,A Python library for Cloudant and CouchDB.,,db-clients,https://github.com/cloudant/python-cloudant,33.0,https://github.com/cloudant/python-cloudant,Apache-2.0,2015-08-28 16:22:49.000,2026-04-29 15:40:52.997,55.0,,163.0,19,True,34.0,,cloudant,conda-forge/cloudant,,https://pypi.org/project/cloudant,2021-08-26 11:14:04.000,2021-08-26 11:14:04.000,2.15.0,47.0,34.0,248998.0,255711.0,https://anaconda.org/conda-forge/cloudant,2026-04-29 15:40:52.997,429637.0,3.0,,,,,,,,,,,,,,,,,,
334,stopit,glenfant/stopit,"Raise asynchronous exceptions in other thread, control the timeout of blocks or callables with a context manager or a..",,async,https://github.com/glenfant/stopit,7.0,https://github.com/glenfant/stopit,GPL-3.0,2014-02-09 15:40:01.000,2026-02-09 23:38:04.785,8.0,1.0,35.0,19,False,3446.0,3348.0,stopit,conda-forge/stopit,,https://pypi.org/project/stopit,2018-02-09 00:32:14.000,2018-02-09 00:32:14.000,1.1.2,4.0,98.0,327419.0,533033.0,https://anaconda.org/conda-forge/stopit,2026-02-09 23:38:04.785,4317902.0,3.0,,,,,,,,,,,,,,,,,,
335,hydra,facebookresearch/hydra,A high performance persistent bloom filter.,,configuration,http://github.com/crankycoder/Hydra,146.0,,MIT,2020-11-03 23:31:05.971,2026-08-30 09:55:05.171,6.0,,20.0,19,False,44653.0,44640.0,hydra,conda-forge/hydra-core,,https://pypi.org/project/hydra,2016-08-03 13:21:51.000,,,14.0,13.0,5410.0,33389.0,https://anaconda.org/conda-forge/hydra-core,2026-08-30 09:55:05.171,1958591.0,3.0,,,,,,,,,,,,,,,,,,
336,grumpy,google/grumpy,Grumpy is a Python to Go source code transcompiler and runtime.,,python-implementations,https://github.com/google/grumpy,30.0,https://github.com/google/grumpy,Apache-2.0,2016-12-21 17:49:01.000,2022-01-18 09:01:43.000,631.0,80.0,10492.0,18,False,25.0,24.0,grumpy-tools,,,https://pypi.org/project/grumpy-tools,2018-07-24 16:42:00.000,2018-07-24 16:42:00.000,0.3.0,9.0,1.0,29.0,29.0,,,,2.0,,,,,,,,,,,,,,,,,,
337,Activeloop,activeloopai/Hub,Activeloop Deep Lake.,,data-pipelines,https://www.github.com/activeloopai/deeplake,141.0,,MPL-2.0,,2023-02-02 20:54:34.806,723.0,,9227.0,18,False,3494.0,3490.0,hub,,,https://pypi.org/project/hub,2023-02-02 20:54:34.806,2023-02-02 20:54:34.806,2.5.1,154.0,4.0,,,,,,3.0,,,,,,,,,,,,,,,,,,
338,storm,emre/storm,Manage your SSH like a boss.,,infrastructure,https://github.com/emre/storm,30.0,https://github.com/emre/storm,MIT,2013-05-20 18:30:39.000,2026-07-02 18:09:18.000,147.0,22.0,3271.0,18,True,4.0,,storm,,,https://pypi.org/project/storm,2026-07-02 18:09:18.000,2009-11-30 08:37:12.000,0.16.0,20.0,4.0,2894.0,2894.0,,,,3.0,,,,,,,,,,,,,,,,,,
339,psycopg3,psycopg/psycopg,New generation PostgreSQL database adapter for the Python programming language.,,db-clients,https://github.com/psycopg/psycopg,105.0,https://github.com/psycopg/psycopg,LGPL-3.0,2020-03-15 04:15:53.000,2026-08-31 19:32:14.000,268.0,67.0,2482.0,18,True,,,,,,,,,,,,,,,,,3.0,,,,,,,,,,,,,,,,,,
340,excalibur,camelot-dev/excalibur,A web interface to extract tabular data from PDFs.,,data-loading,https://github.com/camelot-dev/excalibur,15.0,https://github.com/camelot-dev/excalibur,MIT,2018-10-20 11:34:49.000,2025-01-03 15:51:25.000,240.0,119.0,1679.0,18,False,94.0,94.0,excalibur-py,,,https://pypi.org/project/excalibur-py,2025-01-03 15:51:25.000,2025-01-03 15:51:25.000,1.0.1,12.0,,493.0,493.0,,,,3.0,,,,,,,,,,,,,,,,,,
341,PugSQL,mcfunley/pugsql,A HugSQL-inspired database library for Python.,,db-clients,https://github.com/mcfunley/pugsql,14.0,https://github.com/mcfunley/pugsql,Apache-2.0,2019-05-19 16:55:38.000,2025-12-04 18:38:50.000,27.0,26.0,759.0,18,True,87.0,84.0,pugsql,,,https://pypi.org/project/pugsql,2025-12-04 18:38:43.000,2025-12-04 18:38:43.000,0.3.7,33.0,3.0,27981.0,27981.0,,,,3.0,,,,,,,,,,,,,,,,,,
342,pypyr,pypyr/pypyr,"pypyr task-runner cli & api for automation pipelines. Automate anything by combining commands, different scripts in..",,infrastructure,https://github.com/pypyr/pypyr,8.0,https://github.com/pypyr/pypyr,Apache-2.0,2017-03-24 11:26:15.000,2025-04-22 14:58:08.234,28.0,16.0,640.0,18,False,150.0,139.0,pypyr,conda-forge/pypyr,,https://pypi.org/project/pypyr,2023-09-22 03:14:38.000,2023-09-22 03:14:38.000,5.9.1,85.0,11.0,20319.0,21040.0,https://anaconda.org/conda-forge/pypyr,2025-04-22 14:58:08.234,40421.0,3.0,,,,,,,,,,,,,,,,,,
343,datatest,shawnbrown/datatest,Tools for test driven data-wrangling and data validation.,,data-loading,https://github.com/shawnbrown/datatest,7.0,https://github.com/shawnbrown/datatest,Apache-2.0,2016-05-12 13:16:27.000,2021-12-05 17:44:33.000,15.0,14.0,286.0,18,False,213.0,204.0,datatest,,,https://pypi.org/project/datatest,2021-01-04 03:39:40.000,2021-01-04 03:39:40.000,0.11.1,17.0,9.0,17169.0,17169.0,,,,3.0,,,,,,,,,,,,,,,,,,
344,valideer,podio/valideer,Lightweight data validation and adaptation Python library.,,data-validation,https://github.com/podio/valideer,11.0,https://github.com/podio/valideer,MIT,2012-07-25 12:33:39.000,2025-04-22 14:56:21.736,27.0,9.0,263.0,18,False,83.0,80.0,valideer,conda-forge/valideer,,https://pypi.org/project/valideer,2015-12-20 08:56:50.000,2015-12-20 08:56:50.000,0.4.2,8.0,3.0,8548.0,9402.0,https://anaconda.org/conda-forge/valideer,2025-04-22 14:56:21.736,106867.0,3.0,,,,,,,,,,,,,,,,,,
345,Click Extra,kdeldycke/click-extra,Drop-in replacement for Click to make user-friendly and colorful CLI.,,cli-helpers,https://github.com/kdeldycke/click-extra,15.0,https://github.com/kdeldycke/click-extra,GPL-2.0,2021-10-18 08:02:27.000,2026-09-03 09:16:21.000,11.0,3.0,122.0,18,True,188.0,137.0,click-extra,,,https://pypi.org/project/click-extra,2026-09-03 09:16:21.000,2026-09-03 09:16:21.000,9.1.0,157.0,51.0,70531.0,70531.0,,,,3.0,,,,,,,,,,,,,,,,,,
346,borb,jorisschellekens/borb,"pText is a library for reading, creating and manipulating PDF files in python.",,data-loading,https://github.com/jorisschellekens/ptext-release,2.0,,,2021-08-27 00:50:09.718,2026-08-04 14:32:16.815,158.0,,3568.0,17,False,379.0,379.0,ptext-joris-schellekens,conda-forge/borb,,https://pypi.org/project/ptext-joris-schellekens,2021-07-20 11:34:32.000,2021-07-20 11:34:32.000,2.0.4,61.0,,4.0,2389.0,https://anaconda.org/conda-forge/borb,2026-08-04 14:32:16.815,145533.0,3.0,,,,,,,,,,,,,,,,,,
347,PyPattyrn,tylerlaberge/PyPattyrn,A simple library for implementing common design patterns.,,algorithms,https://github.com/tylerlaberge/PyPattyrn,4.0,https://github.com/tylerlaberge/PyPattyrn,MIT,2016-07-17 22:09:31.000,2024-05-26 00:24:11.000,149.0,,2270.0,17,False,71.0,57.0,pypattyrn,,,https://pypi.org/project/pypattyrn,2016-09-11 02:18:42.000,,,1.0,14.0,1109.0,1109.0,,,,3.0,,,,,,,,,,,,,,,,,,
348,Optimus,hi-primus/optimus,"Agile Data Preparation Workflows madeeasy with Pandas, Dask, cuDF, Dask-cuDF, Vaex and PySpark.",,data-pipelines,https://github.com/hi-primus/optimus,25.0,https://github.com/hi-primus/optimus,Apache-2.0,2017-07-13 02:31:18.000,2024-12-02 14:09:25.000,232.0,30.0,1540.0,17,False,,,optimuspyspark,,['spark'],https://pypi.org/project/optimuspyspark,2020-07-19 03:22:09.765,2020-07-19 03:22:09.765,2.2.32,85.0,,2093.0,2093.0,,,,3.0,,,,,,,,,,,,,,,,,,
349,streamparse,Parsely/streamparse,streamparse lets you run Python code against real-time streams of data. Integrates with Apache Storm.,,data-pipelines,https://github.com/Parsely/streamparse,47.0,,Apache-2.0,,2024-08-09 15:17:04.000,220.0,,1505.0,17,False,78.0,76.0,streamparse,,,https://pypi.org/project/streamparse,2024-08-09 15:17:04.000,2024-08-09 15:17:04.000,5.0.1,53.0,2.0,633.0,633.0,,,,3.0,,,,,,,,,,,,,,,,,,
350,rows,turicas/rows,"A common, beautiful interface to tabular data, no matter the format.",,data-loading,https://github.com/turicas/rows,32.0,https://github.com/turicas/rows,LGPL-3.0,2014-05-07 05:43:11.000,2026-03-11 15:50:43.000,136.0,161.0,886.0,17,True,188.0,182.0,rows,,,https://pypi.org/project/rows,2021-12-15 14:50:33.964,2021-12-15 14:50:33.964,0.0.0,10.0,6.0,6102.0,6102.0,,,,3.0,,,,,,,,,,,,,,,,,,
351,pdpipe,pdpipe/pdpipe,Easy pipelines for pandas DataFrames.,,data-pipelines,https://github.com/pdpipe/pdpipe,14.0,https://github.com/pdpipe/pdpipe,MIT,2017-01-24 20:37:22.000,2026-03-06 22:38:46.450,46.0,11.0,725.0,17,True,81.0,67.0,pdpipe,conda-forge/pdpipe,['pandas'],https://pypi.org/project/pdpipe,2026-03-06 20:18:03.000,2025-07-01 13:09:01.000,1.1.0,89.0,14.0,1717.0,2663.0,https://anaconda.org/conda-forge/pdpipe,2026-03-06 22:38:46.450,66242.0,3.0,,,,,,,,,,,,,,,,,,
352,cachier,shaypal5/cachier,"Persistent, stale-free, local and cross-machine caching for Python functions.",,caching,https://github.com/python-cachier/cachier,28.0,,,,2026-03-26 09:47:43.000,73.0,,657.0,17,False,665.0,607.0,cachier,,,https://pypi.org/project/cachier,2026-03-26 09:47:43.000,2026-03-26 09:47:43.000,4.2.0,69.0,58.0,143609.0,143609.0,,,,3.0,,,,,,,,,,,,,,,,,,
353,Pandas Summary,polyaxon/datatile,An extension to pandas describe function.,,data-containers,https://github.com/mouradmourafiq/pandas-summary,100.0,,MIT,,2021-11-25 22:52:42.000,46.0,,534.0,17,False,21.0,,pandas-summary,,['pandas'],https://pypi.org/project/pandas-summary,2021-11-25 22:52:42.000,2021-11-25 22:52:42.000,0.2.0,10.0,21.0,116363.0,116363.0,,,,3.0,,,,,,,,,,,,,,,,,,
354,PyMODM,mongodb/pymodm,"A Pythonic, object-oriented interface for working with MongoDB.",,db-clients,https://github.com/mongodb/pymodm,18.0,https://github.com/mongodb/pymodm,Apache-2.0,2016-03-30 16:24:59.000,2025-04-22 14:57:21.446,64.0,2.0,351.0,17,False,10.0,,pymodm,conda-forge/pymodm,,https://pypi.org/project/pymodm,2020-04-30 18:54:55.036,2020-04-30 18:54:55.036,0.4.3,8.0,10.0,11242.0,11349.0,https://anaconda.org/conda-forge/pymodm,2025-04-22 14:57:21.446,8495.0,3.0,,,,,,,,,,,,,,,,,,
355,fletcher,xhochy/fletcher,Pandas ExtensionDType/Array backed by Apache Arrow.,,data-containers,https://github.com/xhochy/fletcher,24.0,https://github.com/xhochy/fletcher,MIT,2018-03-04 16:44:22.000,2025-04-22 14:56:52.754,33.0,,228.0,17,False,13.0,11.0,fletcher,conda-forge/fletcher,['pandas'],https://pypi.org/project/fletcher,2021-01-17 20:11:01.000,2021-01-17 20:11:01.000,0.7.2,16.0,2.0,237.0,1259.0,https://anaconda.org/conda-forge/fletcher,2025-04-22 14:56:52.754,100171.0,3.0,,,,,,,,,,,,,,,,,,
356,BatchFlow,analysiscenter/batchflow,BatchFlow helps you conveniently work with random or sequential batches of your data and define data processing and..,,data-pipelines,https://github.com/analysiscenter/batchflow,40.0,https://github.com/analysiscenter/batchflow,Apache-2.0,2017-03-13 14:22:53.000,2026-04-16 14:26:46.000,45.0,33.0,205.0,17,True,15.0,15.0,batchflow,,,https://pypi.org/project/batchflow,2026-04-16 14:26:38.000,2026-04-16 14:26:38.000,0.10.1,26.0,,584.0,584.0,,,,3.0,,,,,,,,,,,,,,,,,,
357,everett,willkg/everett,configuration library for python projects.,,configuration,https://github.com/willkg/everett,9.0,https://github.com/willkg/everett,MPL-2.0,2016-08-01 19:20:54.000,2025-10-15 12:34:36.000,14.0,4.0,148.0,17,True,22.0,,everett,conda-forge/everett,,https://pypi.org/project/everett,2025-10-15 12:34:11.000,2025-10-15 12:34:11.000,3.5.0,22.0,22.0,559710.0,561470.0,https://anaconda.org/conda-forge/everett,2025-04-22 14:57:11.114,124991.0,3.0,,,,,,,,,,,,,,,,,,
358,millify,azaitsev/millify,Convert long numbers into a human-readable format in Python.,,text,https://github.com/azaitsev/millify,1.0,https://github.com/azaitsev/millify,MIT,2018-01-15 01:27:12.000,2022-04-19 08:41:41.000,14.0,12.0,106.0,17,False,1663.0,1648.0,millify,,,https://pypi.org/project/millify,2018-01-15 02:19:08.000,2018-01-15 02:19:08.000,0.1.1,1.0,15.0,69046.0,69046.0,,,,3.0,,,,,,,,,,,,,,,,,,
359,dpark,douban/dpark,"Python clone of Spark, a MapReduce alike framework in Python.",,data-pipelines,https://github.com/douban/dpark,36.0,https://github.com/douban/dpark,BSD-3-Clause,2012-04-11 08:35:06.000,2020-12-25 10:36:06.000,530.0,1.0,2680.0,16,False,8.0,8.0,dpark,,['spark'],https://pypi.org/project/dpark,2018-07-27 04:11:36.000,2018-07-27 04:11:36.000,0.5.0,19.0,,52.0,52.0,,,,3.0,,,,,,,,,,,,,,,,,,
360,colout,nojhan/colout,Color text streams with a polished command line interface.,,cli-helpers,https://github.com/nojhan/colout,31.0,https://github.com/nojhan/colout,GPL-3.0,2012-03-31 10:39:00.000,2024-10-14 12:43:37.000,59.0,14.0,1164.0,16,False,9.0,9.0,colout,,,https://pypi.org/project/colout,2020-06-21 20:05:59.000,2020-06-21 20:05:59.000,0.12.0,6.0,,1670.0,1670.0,,,,3.0,,,,,,,,,,,,,,,,,,
361,pickleDB,patx/pickledb,pickleDB is an in memory key-value store using Pythons orjson module for persistence. It can also use SQLite instead..,,data-containers,https://github.com/patx/pickledb,17.0,https://github.com/patx/pickledb,BSD-3-Clause,2011-10-28 00:04:40.000,2026-05-10 00:16:30.000,134.0,18.0,1071.0,16,True,3416.0,3408.0,pickledb,,,https://pypi.org/project/pickledb,2026-01-05 04:52:06.000,2025-12-10 21:30:53.000,1.4.1,31.0,8.0,,,,,,3.0,,,,,,,,,,,,,,,,,,
362,kale,kubeflow-kale/kale,Convert JupyterNotebooks to Kubeflow Pipelines deployments.,,data-pipelines,https://github.com/kubeflow/kale,29.0,,Apache-2.0,,2026-08-07 17:23:34.000,158.0,,699.0,16,True,,,kubeflow-kale,,['jupyter'],https://pypi.org/project/kubeflow-kale,2026-08-07 17:23:34.000,2026-08-07 17:23:34.000,2.2.0,24.0,,2054.0,2054.0,,,,3.0,,,,,,,,,,,,,,,,,,
363,macropy,lihaoyi/macropy,"Macros in Python: quasiquotes, case classes, LINQ and more!.",,others,https://github.com/lihaoyi/macropy,19.0,https://github.com/lihaoyi/macropy,MIT,2013-04-15 14:47:29.000,2018-05-11 23:17:05.000,139.0,16.0,2504.0,15,False,30.0,,macropy3,,,https://pypi.org/project/macropy3,2018-05-11 23:17:05.000,,,4.0,30.0,163.0,163.0,,,,3.0,,,,,,,,,,,,,,,,,,
364,wssh,aluzzardi/wssh,SSH to WebSockets Bridge.,,infrastructure,https://github.com/aluzzardi/wssh,9.0,https://github.com/aluzzardi/wssh,MIT,2012-07-24 05:26:41.000,2019-02-12 13:08:18.000,275.0,26.0,1297.0,15,False,13.0,13.0,wssh,,,https://pypi.org/project/wssh,2012-07-24 09:27:02.000,2012-07-24 09:27:02.000,0.1.0,1.0,,48.0,48.0,,,,3.0,,,,,,,,,,,,,,,,,,
365,db.py,yhat/db.py,db.py is an easier way to interact with your databases.,,db-clients,https://github.com/yhat/db.py,24.0,https://github.com/yhat/db.py,BSD-2-Clause,2014-10-26 15:36:57.000,2021-08-02 12:32:38.000,111.0,33.0,1215.0,15,False,2.0,,db.py,,,https://pypi.org/project/db.py,2017-03-31 14:41:57.000,2017-03-31 14:41:57.000,0.5.3,35.0,2.0,336.0,336.0,,,,3.0,,,,,,,,,,,,,,,,,,
366,Databolt Flow,d6t/d6tflow,Python library for building highly effective data science workflows.,,data-pipelines,https://github.com/d6t/d6tflow,16.0,https://github.com/d6t/d6tflow,MIT,2019-02-03 01:51:22.000,2024-02-20 02:03:46.000,77.0,11.0,951.0,15,False,32.0,32.0,d6tflow,,,https://pypi.org/project/d6tflow,2024-02-20 02:03:46.000,2024-02-20 02:03:46.000,0.2.8,25.0,,192.0,192.0,,,,3.0,,,,,,,,,,,,,,,,,,
367,mrq,pricingassistant/mrq,Mr. Queue - A distributed worker task queue in Python using Redis & gevent.,,data-pipelines,https://github.com/pricingassistant/mrq,40.0,https://github.com/pricingassistant/mrq,MIT,2014-02-13 09:32:40.000,2023-06-13 19:16:57.000,114.0,64.0,883.0,15,False,36.0,36.0,mrq,,,https://pypi.org/project/mrq,2018-08-31 16:03:04.000,2018-08-31 16:03:04.000,0.9.10,70.0,,53.0,53.0,,,,3.0,,,,,,,,,,,,,,,,,,
368,Upgini,upgini/upgini,Data search & enrichment library for Machine Learning Easily find and add relevant features to your ML & AI pipeline..,,data-loading,https://github.com/upgini/upgini,14.0,https://github.com/upgini/upgini,BSD-3-Clause,2021-12-08 21:53:58.000,2026-09-02 17:15:39.000,26.0,1.0,357.0,15,True,11.0,11.0,upgini,,,https://pypi.org/project/upgini,2026-09-02 17:15:39.000,2026-08-26 13:13:47.000,1.2.163,1286.0,,,,,,,3.0,,,,,,,,,,,,,,,,,,
369,pdfmux,NameetP/pdfmux,"PDF extraction that audits its own output and certifies any other extractors, catching pages they silently dropped...",,data-loading,https://github.com/NameetP/pdfmux,6.0,https://github.com/NameetP/pdfmux,MIT,2026-03-03 19:34:01.060,2026-07-27 17:39:52.000,12.0,11.0,77.0,15,False,5.0,,pdfmux,,"['python', 'pdf', 'markdown']",https://pypi.org/project/pdfmux,2026-07-27 17:39:22.000,2026-07-27 17:39:22.000,1.8.7,26.0,5.0,2789.0,2789.0,,,,3.0,,,,,,,,,,,,,,,,,,
370,daffy,vertti/daffy,"Lightweight DataFrame validation decorators for Pandas, Polars, Modin, and PyArrow. No custom types required.",,data-containers,https://github.com/vertti/daffy,9.0,https://github.com/vertti/daffy,MIT,2021-01-31 09:27:29.000,2026-08-10 07:08:39.000,5.0,1.0,58.0,15,False,6.0,6.0,daffy,,['pandas'],https://pypi.org/project/daffy,2026-08-10 07:08:39.000,2026-08-10 07:08:39.000,3.1.0,57.0,,3785.0,3785.0,,,,3.0,,,,,,,,,,,,,,,,,,
371,py2neo,py2neo-org/py2neo,Python client library and toolkit for Neo4j.,,db-clients,https://py2neo.org/,37.0,,Apache-2.0,2017-06-20 17:55:13.297,2025-04-22 14:56:37.891,,,,15,False,147.0,,py2neo,conda-forge/py2neo,,https://pypi.org/project/py2neo,2023-10-20 15:18:09.000,2023-10-20 15:18:09.000,2021.2.4,115.0,147.0,79319.0,81471.0,https://anaconda.org/conda-forge/py2neo,2025-04-22 14:56:37.891,238901.0,3.0,,,,,,,,,,,,,,,,,,
372,spark-deep-learning,databricks/spark-deep-learning,Deep Learning Pipelines for Apache Spark.,,data-pipelines,https://github.com/databricks/spark-deep-learning,17.0,https://github.com/databricks/spark-deep-learning,Apache-2.0,2017-05-31 17:30:28.000,2023-03-30 20:19:05.000,496.0,87.0,1996.0,14,False,57.0,57.0,,,['spark'],,,,,,,,,,,,3.0,,,,,,,,,,,,,,,,,,
373,typical,seandstewart/typical,"Typical: Fast, simple, & correct data-validation using Python 3 typing.",,data-validation,https://github.com/seandstewart/typical,9.0,https://github.com/seandstewart/typical,MIT,2019-03-15 01:24:36.000,2025-04-22 14:57:52.419,9.0,,184.0,14,False,7.0,,typical,conda-forge/typical,,https://pypi.org/project/typical,2024-09-09 15:55:59.000,2024-09-09 15:55:59.000,2.9.0,116.0,7.0,643.0,1892.0,https://anaconda.org/conda-forge/typical,2025-04-22 14:57:52.419,79954.0,3.0,,,,,,,,,,,,,,,,,,
374,cleverdict,PFython/cleverdict,A JSON-friendly data structure which allows both object attributes and dictionary keys and values to be used..,,data-structures,https://github.com/PFython/cleverdict,7.0,https://github.com/PFython/cleverdict,MIT,2020-06-20 05:07:58.000,2022-05-14 19:19:05.000,9.0,13.0,91.0,14,False,53.0,48.0,cleverdict,,,https://pypi.org/project/cleverdict,2022-02-15 06:59:08.000,2022-02-15 06:59:08.000,1.9.2,28.0,5.0,783.0,783.0,,,,3.0,,,,,,,,,,,,,,,,,,
375,Mara Pipelines,mara/mara-pipelines,"A lightweight opinionated ETL framework, halfway between plain scripts and Apache Airflow.",,data-pipelines,https://github.com/mara/mara-pipelines,17.0,https://github.com/mara/mara-pipelines,MIT,2018-03-31 20:37:22.000,2023-12-15 16:14:47.000,102.0,26.0,2082.0,13,False,1.0,,mara-pipelines,,,https://pypi.org/project/mara-pipelines,2023-12-06 18:12:20.000,2023-12-06 18:12:20.000,3.5.0,8.0,1.0,65.0,65.0,,,,3.0,,,,,,,,,,,,,,,,,,
376,Bounter,RaRe-Technologies/bounter,Counter for large datasets.,,data-containers,https://github.com/RaRe-Technologies/bounter,9.0,,MIT,,2022-11-20 08:18:00.871,46.0,,933.0,13,False,42.0,38.0,bounter,,,https://pypi.org/project/bounter,2022-11-20 08:18:00.871,2022-11-20 08:18:00.871,1.2.0,8.0,4.0,286.0,286.0,,,,3.0,,,,,,,,,,,,,,,,,,
377,csvs-to-sqlite,simonw/csvs-to-sqlite,Convert CSV files into a SQLite database.,,data-loading,https://github.com/simonw/csvs-to-sqlite,8.0,https://github.com/simonw/csvs-to-sqlite,Apache-2.0,2017-11-13 06:38:21.000,2025-04-10 17:01:58.000,70.0,41.0,898.0,13,False,2.0,,csvs-to-sqlite,,,https://pypi.org/project/csvs-to-sqlite,2025-04-10 17:01:58.000,2025-04-10 17:01:58.000,1.3.1,17.0,2.0,677.0,677.0,,,,3.0,,,,,,,,,,,,,,,,,,
378,Botflow,kkyon/botflow,"Python Fast Data driven programming framework for Data pipeline work( Web Crawler,Machine Learning,Quantitative..",,data-pipelines,https://github.com/kkyon/botflow,11.0,https://github.com/kkyon/botflow,BSD-3-Clause,2018-08-20 03:13:31.000,2018-09-14 14:38:32.000,51.0,,741.0,13,False,4.0,4.0,botflow,,,https://pypi.org/project/botflow,2018-09-14 14:38:32.000,2018-09-14 14:38:32.000,0.2.0,5.0,,88.0,88.0,,,,3.0,,,,,,,,,,,,,,,,,,
379,SuperSQLite,plasticityai/supersqlite,A supercharged SQLite library for Python.,,db-clients,https://github.com/plasticityai/supersqlite,2.0,https://github.com/plasticityai/supersqlite,MIT,2018-11-09 08:20:26.000,2020-05-09 09:06:06.000,24.0,8.0,719.0,13,False,16.0,13.0,supersqlite,,,https://pypi.org/project/supersqlite,2018-11-22 02:36:46.000,2018-11-22 02:36:46.000,0.0.78,57.0,3.0,98.0,98.0,,,,3.0,,,,,,,,,,,,,,,,,,
380,lazydata,rstojnic/lazydata,Lazydata: Scalable data dependencies for Python projects.,,db-clients,https://github.com/rstojnic/lazydata,6.0,https://github.com/rstojnic/lazydata,Apache-2.0,2018-08-21 12:44:27.000,2019-02-13 18:15:09.000,24.0,10.0,622.0,13,False,11.0,11.0,lazydata,,,https://pypi.org/project/lazydata,2018-09-18 21:25:30.000,2018-09-18 21:25:30.000,1.0.19,19.0,,17.0,17.0,,,,3.0,,,,,,,,,,,,,,,,,,
381,validr,guyskk/validr,"A simple, fast, extensible python library for data validation.",,data-validation,https://github.com/guyskk/validr,7.0,https://github.com/guyskk/validr,MIT,2015-09-05 05:47:04.000,2024-07-09 17:38:26.000,12.0,8.0,222.0,13,False,6.0,,validr,,,https://pypi.org/project/validr,2023-12-13 20:40:33.000,2023-12-13 20:40:33.000,1.2.2,24.0,6.0,658.0,658.0,,,,3.0,,,,,,,,,,,,,,,,,,
382,gsheets-db-api,betodealmeida/gsheets-db-api,A Python DB-API and SQLAlchemy dialect to Google Spreasheets.,,db-clients,https://github.com/betodealmeida/gsheets-db-api,3.0,https://github.com/betodealmeida/gsheets-db-api,MIT,2018-09-10 22:07:02.000,2022-12-08 11:32:58.000,16.0,16.0,213.0,13,False,1.0,,gsheetsdb,,,https://pypi.org/project/gsheetsdb,2022-01-05 03:28:15.000,2021-02-17 21:00:28.000,0.1.13,15.0,1.0,4774.0,4774.0,,,,3.0,,,,,,,,,,,,,,,,,,
383,pyston,pyston/pyston,(No longer maintained) A faster and highly-compatible implementation of the Python programming language.,,python-implementations,https://github.com/pyston/pyston,1039.0,https://github.com/pyston/pyston,Apache-2.0,2021-03-01 22:38:24.000,2024-08-12 16:30:59.000,96.0,49.0,2505.0,12,False,,,,,,,,,,,,,,,,,3.0,,,,,,,,,,,,,,,,,,
384,Pipeless,pipeless-ai/pipeless,An open-source framework to create and deploy computer vision applications in minutes.,,computer-vision,https://github.com/pipeless-ai/pipeless,8.0,https://github.com/pipeless-ai/pipeless,Apache-2.0,2023-07-21 17:22:24.000,2024-05-08 10:13:19.000,52.0,17.0,851.0,12,False,2.0,,pipeless-ai,,,https://pypi.org/project/pipeless-ai,2023-11-02 12:42:21.000,2023-11-02 12:42:21.000,0.1.19,20.0,2.0,94.0,94.0,,,,1.0,,,,,,,,,,,,,,,,,,
385,PandaPy,firmai/pandapy,PandaPy has the speed of NumPy and the usability of Pandas 10x to 50x faster (by @firmai).,,data-containers,https://github.com/firmai/pandapy,3.0,https://github.com/firmai/pandapy,MIT,2020-01-15 18:21:23.000,2021-10-20 11:36:04.000,56.0,2.0,489.0,12,False,9.0,9.0,pandapy,,['pandas'],https://pypi.org/project/pandapy,2020-01-25 23:10:32.000,,,22.0,,32.0,32.0,,,,3.0,,,,,,,,,,,,,,,,,,
386,bodywork-core,bodywork-ml/bodywork-core,ML pipeline orchestration and model deployments on Kubernetes.,,data-pipelines,https://github.com/bodywork-ml/bodywork-core,4.0,https://github.com/bodywork-ml/bodywork-core,AGPL-3.0,2020-11-17 11:38:17.000,2023-08-18 06:42:48.000,22.0,21.0,434.0,12,False,,,bodywork,,,https://pypi.org/project/bodywork,2022-07-04 09:43:53.000,2022-07-04 09:43:53.000,3.0.12,62.0,,287.0,287.0,,,,3.0,,,,,,,,,,,,,,,,,,
387,Squirrel,merantix-momentum/squirrel-core,"A Python library that enables ML teams to share, load, and transform data in a collaborative, flexible, and efficient..",,data-loading,https://github.com/merantix-momentum/squirrel-core,17.0,https://github.com/merantix-momentum/squirrel-core,Apache-2.0,2022-02-11 08:15:36.000,2025-01-23 12:07:28.000,8.0,3.0,283.0,12,False,1.0,,squirrel-core,squirrel-core,,https://pypi.org/project/squirrel-core,2025-01-23 12:07:28.000,2024-10-07 11:53:56.000,0.20.2,118.0,,212.0,212.0,https://anaconda.org/anaconda/squirrel-core,2022-11-18 08:24:02.000,,3.0,,,,,,,,,,,,,1.0,,,,,
388,Grai,grai-io/grai-core,"Platform to programmatically manage, test, and debug data infrastructure.",,infrastructure,https://github.com/grai-io/grai-core,15.0,https://github.com/grai-io/grai-core,MIT-0,2022-06-09 16:16:22.000,2026-01-30 20:28:25.000,20.0,51.0,314.0,11,False,,,the-guide,,,https://pypi.org/project/the-guide,2023-08-11 19:02:53.000,2023-08-11 19:02:53.000,0.1.36,1.0,,11.0,11.0,,,,3.0,,,,,,,,,,,,,,,,,,
389,datajob,vincentclaes/datajob,Build and deploy a serverless data pipeline on AWS with no effort.,,data-pipelines,https://github.com/vincentclaes/datajob,7.0,https://github.com/vincentclaes/datajob,Apache-2.0,2020-10-22 19:07:31.000,2022-12-09 09:29:43.000,18.0,18.0,101.0,11,False,3.0,3.0,datajob,,,https://pypi.org/project/datajob,2022-11-22 19:10:35.164,2022-11-22 19:10:35.164,0.11.0,13.0,,139.0,139.0,,,,3.0,,,,,,,,,,,,,,,,,,
390,onecite,HzaCode/OneCite,"An intelligent toolkit to automatically parse, complete, and format academic references.",,cli-helpers,https://github.com/HzaCode/OneCite,2.0,https://github.com/HzaCode/OneCite,MIT,2025-08-13 02:58:01.497,2026-04-17 16:14:17.000,8.0,1.0,56.0,11,False,,,onecite,,,https://pypi.org/project/onecite,2026-04-17 16:14:17.000,2026-04-17 16:14:17.000,0.1.1,13.0,,263.0,263.0,,,,3.0,,,,,,,,,,,,,,,,,,
391,RasgoQL,rasgointelligence/RasgoQL,"Write python locally, execute SQL in your data warehouse.",,data-pipelines,https://github.com/rasgointelligence/RasgoQL,10.0,https://github.com/rasgointelligence/RasgoQL,AGPL-3.0,2022-01-23 01:39:32.000,2022-07-05 16:55:25.000,12.0,6.0,268.0,10,False,,,rasgoql,,,https://pypi.org/project/rasgoql,2022-07-05 16:55:25.000,2022-07-05 16:55:25.000,1.6.4,33.0,,95.0,95.0,,,,3.0,,,,,,,,,,,,,,,,,,
392,stackless,stackless-dev/stackless,The Stackless Python programming language.,,python-implementations,https://github.com/stackless-dev/stackless,1002.0,https://github.com/stackless-dev/stackless,,2017-09-05 14:36:10.000,2020-01-22 20:30:14.000,43.0,10.0,617.0,9,False,,,,,,,,,,,,,,,,,3.0,,,,,,,,,,,,,,,,,,
393,dataklasses,dabeaz/dataklasses,A different spin on dataclasses.,,data-validation,https://github.com/dabeaz/dataklasses,3.0,https://github.com/dabeaz/dataklasses,,2021-12-19 23:40:48.000,2022-01-07 12:58:17.000,28.0,1.0,739.0,7,False,,,,,,,,,,,,,,,,,3.0,,,,,,,,,,,,,,,,,,
394,cl-python,metawilm/cl-python,An implementation of Python in Common Lisp.,,python-implementations,https://github.com/metawilm/cl-python,12.0,https://github.com/metawilm/cl-python,,2009-05-14 18:00:17.000,2017-11-08 09:37:08.000,25.0,3.0,242.0,7,False,,,,,,,,,,,,,,,,,3.0,,,,,,,,,,,,,,,,,,
395,Wayback-Archive,GeiserX/Wayback-Archive,Download complete websites from the Wayback Machine with full asset preservation for offline viewing.,,data-loading,https://github.com/GeiserX/Wayback-Archive,3.0,https://github.com/GeiserX/Wayback-Archive,GPL-3.0,2026-04-06 19:01:39.399,2026-08-20 14:01:46.000,7.0,1.0,27.0,6,False,,,,,,,,,,,,,,,,,3.0,,,,,,,,,,,,,,,,,,
