,name,github_id,description,resource,category,homepage,contributor_count,github_url,license,created_at,updated_at,fork_count,open_issue_count,star_count,projectrank,show,pypi_id,conda_id,npm_id,dependent_project_count,github_dependent_project_count,pypi_url,pypi_latest_release_published_at,latest_stable_release_published_at,latest_stable_release_number,release_count,pypi_dependent_project_count,pypi_monthly_downloads,monthly_downloads,conda_url,conda_latest_release_published_at,conda_total_downloads,npm_url,npm_latest_release_published_at,npm_dependent_project_count,npm_monthly_downloads,projectrank_placing,labels,dockerhub_id,helm_id,dockerhub_url,dockerhub_latest_release_published_at,dockerhub_stars,dockerhub_pulls,trending,last_commit_pushed_at,commit_count,watchers_count,pr_count,closed_issue_count,updated_github_id,github_release_downloads,conda_dependent_project_count,brew_id,docs_url,gitlab_id,gitlab_url
0,best-of-ml-python - Computer Vision,ml-tooling/best-of-ml-python,Collection of computer vision and image processing libraries.,True,computer-vision,https://github.com/ml-tooling/best-of-ml-python,57.0,https://github.com/ml-tooling/best-of-ml-python,CC-BY-SA-4.0,2020-11-29 19:41:36.000,2024-10-03 18:53:57.000,2360.0,27.0,16330.0,0,True,,,,,,,,,,,,,,,,,,,,,,,,,,,,,,,,,,,,,,,,,
1,best-of-web-python - Web UI,ml-tooling/best-of-web-python,Collection of libraries to implement web-based UIs.,True,gui-dev,https://github.com/ml-tooling/best-of-web-python,17.0,https://github.com/ml-tooling/best-of-web-python,CC-BY-SA-4.0,2021-01-05 13:09:27.000,2025-10-09 17:36:28.000,192.0,3.0,2617.0,0,True,,,,,,,,,,,,,,,,,,,,,,,,,,,,,,,,,,,,,,,,,
2,best-of-python-dev,ml-tooling/best-of-python-dev,A ranked list of awesome python developer tools and libraries. Updated weekly.,True,dev-utils,https://github.com/ml-tooling/best-of-python-dev,9.0,https://github.com/ml-tooling/best-of-python-dev,CC-BY-SA-4.0,2021-01-08 14:46:24.000,2025-10-09 16:30:15.000,53.0,4.0,1186.0,0,True,,,,,,,,,,,,,,,,,,,,,,,,,,,,,,,,,,,,,,,,,
3,best-of-web-python,ml-tooling/best-of-web-python,A ranked list of awesome python libraries for web development. Updated weekly.,True,web-dev,https://github.com/ml-tooling/best-of-web-python,17.0,https://github.com/ml-tooling/best-of-web-python,CC-BY-SA-4.0,2021-01-05 13:09:27.000,2025-10-09 17:36:28.000,192.0,3.0,2617.0,0,True,,,,,,,,,,,,,,,,,,,,,,,,,,,,,,,,,,,,,,,,,
4,best-of-ml-python,ml-tooling/best-of-ml-python,A ranked list of awesome machine learning Python libraries. Updated weekly.,True,machine-learning,https://github.com/ml-tooling/best-of-ml-python,57.0,https://github.com/ml-tooling/best-of-ml-python,CC-BY-SA-4.0,2020-11-29 19:41:36.000,2024-10-03 18:53:57.000,2360.0,27.0,16330.0,0,True,,,,,,,,,,,,,,,,,,,,,,,,,,,,,,,,,,,,,,,,,
5,python-patterns,faif/python-patterns,Collection of design patterns/idioms in Python.,True,algorithms,https://github.com/faif/python-patterns,152.0,https://github.com/faif/python-patterns,,2012-06-06 21:02:35.000,2026-03-13 17:04:16.000,7027.0,15.0,42722.0,0,True,,,,,,,,,,,,,,,,,,,,,,,,,,,,,,,,,,,,,,,,,
6,best-of-ml-python - NLP,ml-tooling/best-of-ml-python,Collection of text processing and NLP libraries.,True,text,https://github.com/ml-tooling/best-of-ml-python#text-data--nlp,57.0,https://github.com/ml-tooling/best-of-ml-python,CC-BY-SA-4.0,2020-11-29 19:41:36.000,2024-10-03 18:53:57.000,2360.0,27.0,16330.0,0,True,,,,,,,,,,,,,,,,,,,,,,,,,,,,,,,,,,,,,,,,,
7,protobuf,protocolbuffers/protobuf,Protocol Buffers - Googles data interchange format.,,serialization,https://github.com/protocolbuffers/protobuf,1483.0,https://github.com/protocolbuffers/protobuf,BSD-3-Clause,2014-08-26 15:52:15.000,2026-09-24 02:10:47.000,16291.0,481.0,72062.0,40,True,protobuf,conda-forge/protobuf,google-protobuf,1020511.0,1003225.0,https://pypi.org/project/protobuf,2026-09-17 20:07:51.000,2026-09-17 20:07:51.000,7.36.2,227.0,13333.0,598533213.0,622009128.0,https://anaconda.org/conda-forge/protobuf,2026-09-06 09:51:48.754,35814062.0,https://www.npmjs.com/package/google-protobuf,2026-09-17 12:34:18.101,3953.0,23004678.0,1.0,,,,,,,,,,,,,,,,,,,,
8,pandas,pandas-dev/pandas,"Flexible and powerful data analysis / manipulation library for Python, providing labeled data structures similar to R..",,data-containers,https://github.com/pandas-dev/pandas,4316.0,https://github.com/pandas-dev/pandas,BSD-3-Clause,2010-08-24 01:37:33.000,2026-09-19 08:02:33.536,20395.0,2697.0,49739.0,40,True,pandas,conda-forge/pandas,,3009640.0,2875356.0,https://pypi.org/project/pandas,2026-09-17 23:20:20.000,2026-09-17 23:20:20.000,3.0.6,141.0,134284.0,521714827.0,523072184.0,https://anaconda.org/conda-forge/pandas,2026-09-19 08:02:33.536,96372394.0,,,,,1.0,['pandas'],,,,,,,,,,,,,,,,,,,
9,numpy,numpy/numpy,The fundamental package for scientific computing with Python.,,data-containers,https://github.com/numpy/numpy,2147.0,https://github.com/numpy/numpy,,2010-09-13 23:02:39.000,2026-09-10 21:58:31.977,12735.0,2334.0,32683.0,38,False,numpy,conda-forge/numpy,,3912216.0,3699377.0,https://pypi.org/project/numpy,2026-09-06 16:24:29.000,2026-09-06 16:24:29.000,2.5.3,196.0,212839.0,761016204.0,763120763.0,https://anaconda.org/conda-forge/numpy,2026-09-10 21:58:31.977,157841959.0,,,,,1.0,,,,,,,,,,,,,,,,,,,,
10,click,pallets/click,Python composable command line interface toolkit.,,cli-helpers,https://github.com/pallets/click,452.0,https://github.com/pallets/click,BSD-3-Clause,2014-04-24 09:52:19.000,2026-09-07 17:30:31.395,1985.0,81.0,17654.0,38,True,click,conda-forge/click,,2481201.0,2406272.0,https://pypi.org/project/click,2026-08-26 13:33:12.000,2026-08-26 13:33:12.000,8.5.0,65.0,74929.0,777680151.0,778851509.0,https://anaconda.org/conda-forge/click,2026-09-07 17:30:31.395,74966919.0,,,,,1.0,,,,,,,,,,,,,,,,,,,,
11,boto3,boto/boto3,AWS SDK for Python (Boto3).,,db-clients,https://github.com/boto/boto3,173.0,https://github.com/boto/boto3,Apache-2.0,2014-10-03 21:38:03.000,2026-09-23 19:23:27.000,1994.0,200.0,9907.0,38,True,boto3,conda-forge/boto3,,638873.0,615556.0,https://pypi.org/project/boto3,2026-09-23 19:23:27.000,2026-09-23 19:23:27.000,1.43.101,2125.0,23317.0,2458951979.0,2459434938.0,https://anaconda.org/conda-forge/boto3,2026-09-21 17:20:45.681,36704915.0,,,,,1.0,,,,,,,,,,,,,,,,,,,,
12,SQLAlchemy,sqlalchemy/sqlalchemy,The Database Toolkit for Python.,,db-clients,https://github.com/sqlalchemy/sqlalchemy,866.0,https://github.com/sqlalchemy/sqlalchemy,MIT,2018-11-27 03:35:03.000,2026-09-20 19:14:09.714,1783.0,208.0,12158.0,37,True,SQLAlchemy,conda-forge/sqlalchemy,,1229729.0,1206977.0,https://pypi.org/project/SQLAlchemy,2026-09-15 21:06:57.000,2026-09-15 21:06:57.000,2.0.54,334.0,22752.0,316482653.0,316945659.0,https://anaconda.org/conda-forge/sqlalchemy,2026-09-20 19:14:09.714,31947446.0,,,,,1.0,,,,,,,,,,,,,,,,,,,,
13,rich,Textualize/rich,Rich is a Python library for rich text and beautiful formatting in the terminal.,,cli-helpers,https://github.com/Textualize/rich,290.0,https://github.com/Textualize/rich,MIT,2019-11-10 15:28:09.000,2026-04-12 11:02:00.080,2156.0,325.0,56361.0,36,True,rich,conda-forge/rich,,614768.0,571000.0,https://pypi.org/project/rich,2026-04-12 08:24:02.000,2026-04-12 08:24:02.000,15.0.0,207.0,43768.0,433078367.0,433444019.0,https://anaconda.org/conda-forge/rich,2026-04-12 11:02:00.080,27058265.0,,,,,1.0,,,,,,,,,,,,,,,,,,,,
14,pydantic,samuelcolvin/pydantic,Data validation using Python type hints.,,data-validation,https://github.com/pydantic/pydantic,808.0,,MIT,2020-07-11 13:47:24.542,2026-09-09 21:55:04.000,2936.0,,28751.0,36,True,pydantic,conda-forge/pydantic,,1167663.0,1063114.0,https://pypi.org/project/pydantic,2026-09-09 21:55:04.000,2026-08-28 14:03:59.000,2.13.5,206.0,104549.0,804964148.0,805386866.0,https://anaconda.org/conda-forge/pydantic,2026-08-28 18:21:31.501,31281155.0,,,,,1.0,,,,,,,,,,,,,,,,,,,,
15,python-dotenv,theskumar/python-dotenv,Reads key-value pairs from a .env file and can set them as environment variables. It helps in developing applications..,,configuration,https://github.com/theskumar/python-dotenv,116.0,https://github.com/theskumar/python-dotenv,BSD-3-Clause,2014-09-06 05:35:17.000,2026-08-17 21:47:39.435,562.0,106.0,8845.0,36,True,python-dotenv,conda-forge/python-dotenv,,1799686.0,1754435.0,https://pypi.org/project/python-dotenv,2026-08-16 16:54:52.000,2026-08-16 16:54:52.000,1.2.3,51.0,45251.0,551503332.0,551720639.0,https://anaconda.org/conda-forge/python-dotenv,2026-08-17 21:47:39.435,16080791.0,,,,,1.0,,,,,,,,,,,,,,,,,,,,
16,botocore,boto/botocore,"The low-level, core functionality of boto3 and the AWS CLI.",,infrastructure,https://github.com/boto/botocore,223.0,https://github.com/boto/botocore,Apache-2.0,2012-11-13 13:25:36.000,2026-09-23 19:23:21.000,1182.0,198.0,1643.0,36,True,botocore,conda-forge/botocore,,449075.0,444132.0,https://pypi.org/project/botocore,2026-09-23 19:23:21.000,2026-09-23 19:23:21.000,1.43.101,2523.0,4943.0,824347390.0,825076406.0,https://anaconda.org/conda-forge/botocore,2026-09-23 15:52:06.466,51031139.0,,,,,1.0,,,,,,,,,,,,,,,,,,,,
17,ansible,ansible/ansible,Ansible is a radically simple IT automation platform that makes your applications and systems easier to deploy and..,,infrastructure,https://github.com/ansible/ansible,6955.0,https://github.com/ansible/ansible,GPL-3.0,2012-03-06 14:58:02.000,2026-09-22 13:57:53.000,24335.0,837.0,70764.0,35,True,ansible,conda-forge/ansible,,43191.0,42590.0,https://pypi.org/project/ansible,2026-09-22 13:57:53.000,2026-09-08 19:04:12.000,14.4.0,440.0,601.0,7684323.0,7711148.0,https://anaconda.org/conda-forge/ansible,2026-09-08 22:54:03.589,2038737.0,,,,,1.0,,,,,,,,,,,,,,,,,,,,
18,Airflow,apache/airflow,"Platform to programmatically author, schedule, and monitor workflows.",,data-pipelines,https://github.com/apache/airflow,4660.0,https://github.com/apache/airflow,Apache-2.0,2015-04-13 18:04:58.000,2026-09-24 10:05:16.000,17911.0,2077.0,47593.0,35,True,apache-airflow,conda-forge/airflow,,20892.0,19891.0,https://pypi.org/project/apache-airflow,2026-09-17 08:38:26.000,2026-09-17 08:38:26.000,3.3.2,303.0,1001.0,7705773.0,19734404.0,https://anaconda.org/conda-forge/airflow,2026-09-17 16:32:36.150,2175784.0,,,,,1.0,,apache/airflow,stable/airflow,https://hub.docker.com/r/apache/airflow,2026-09-17 10:11:39.245719,636.0,1643894481.0,,,,,,,,,,,,,
19,Celery,celery/celery,Asynchronous task queue/job queue based on distributed message passing.,,data-pipelines,https://github.com/celery/celery,1571.0,https://github.com/celery/celery,BSD-3-Clause,2009-04-24 11:31:24.000,2026-09-22 08:33:56.000,5176.0,725.0,28910.0,35,True,celery,conda-forge/celery,,193524.0,190301.0,https://pypi.org/project/celery,2026-09-22 08:33:56.000,2026-03-26 12:14:49.000,5.6.3,228.0,3223.0,42340984.0,42383702.0,https://anaconda.org/conda-forge/celery,2026-07-26 04:00:56.633,3203858.0,,,,,1.0,,,,,,,,,,,,,,,,,,,,
20,Datasets,huggingface/datasets,"The largest hub of ready-to-use datasets for AI models with fast, easy-to-use and efficient data manipulation tools.",,data-loading,https://github.com/huggingface/datasets,706.0,https://github.com/huggingface/datasets,Apache-2.0,2020-03-26 09:23:22.000,2026-07-29 15:15:36.086,3315.0,1175.0,21777.0,35,True,datasets,conda-forge/datasets,,141584.0,134455.0,https://pypi.org/project/datasets,2026-07-28 11:09:10.000,2026-07-28 11:09:10.000,5.0.1,119.0,7129.0,75477349.0,75529048.0,https://anaconda.org/conda-forge/datasets,2026-07-29 15:15:36.086,3567235.0,,,,,1.0,,,,,,,,,,,,,,,,,,,,
21,Faker,joke2k/faker,Faker is a Python package that generates fake data for you.,,data-loading,https://github.com/joke2k/faker,684.0,https://github.com/joke2k/faker,MIT,2012-11-12 23:00:09.000,2026-09-18 12:27:57.650,2116.0,28.0,19400.0,35,True,Faker,conda-forge/faker,,302440.0,298811.0,https://pypi.org/project/Faker,2026-09-14 16:50:16.000,2026-09-14 16:50:16.000,40.39.0,506.0,3629.0,63522909.0,63552832.0,https://anaconda.org/conda-forge/faker,2026-09-18 12:27:57.650,2244298.0,,,,,1.0,,,,,,,,4.0,,,,,,,,,,,,
22,Pygments,pygments/pygments,Pygments is a generic syntax highlighter written in Python.,,others,https://github.com/pygments/pygments,950.0,https://github.com/pygments/pygments,BSD-2-Clause,2019-08-31 15:46:03.000,2026-08-17 19:41:45.279,868.0,637.0,2205.0,35,True,pygments,conda-forge/pygments,,1189806.0,1177950.0,https://pypi.org/project/pygments,2026-08-17 08:02:44.000,2026-08-17 08:02:44.000,2.21.0,70.0,11856.0,900817025.0,901841314.0,https://anaconda.org/conda-forge/pygments,2026-08-17 19:41:45.279,73748833.0,,,,,1.0,,,,,,,,,,,,,,,,,,,,
23,python-bigquery,googleapis/python-bigquery,This library has moved to https://github.com/googleapis/google-cloud-python/tree/main/packages/google-cloud-bigquery.,,db-clients,https://github.com/googleapis/python-bigquery,177.0,https://github.com/googleapis/python-bigquery,Apache-2.0,2019-12-10 00:09:04.000,2026-09-24 07:29:07.309,324.0,,798.0,35,True,google-cloud-bigquery,conda-forge/google-cloud-bigquery,,1963.0,,https://pypi.org/project/google-cloud-bigquery,2026-09-17 20:29:41.000,2026-09-17 20:29:41.000,3.45.2,195.0,1963.0,141504942.0,141560436.0,https://anaconda.org/conda-forge/google-cloud-bigquery,2026-09-24 07:29:07.309,4106582.0,,,,,1.0,,,,,,,,,2026-03-06 17:43:50,2075.0,48.0,1615.0,683.0,,,,,,,
24,cpython,python/cpython,The Python programming language.,,python-implementations,https://github.com/python/cpython,4053.0,https://github.com/python/cpython,MIT,2017-02-10 19:23:51.000,2026-09-10 00:08:38.000,35356.0,9641.0,76419.0,34,True,cpython,conda-forge/typing,@buckpkg/python,629924.0,629897.0,https://pypi.org/project/cpython,2020-07-22 03:00:52.000,2020-07-22 03:00:52.000,0.0.6,11.0,21.0,7.0,59726.0,https://anaconda.org/conda-forge/typing,2025-04-22 14:56:21.050,4538653.0,https://www.npmjs.com/package/@buckpkg/python,2017-08-03 05:51:22.671,6.0,,1.0,,,,,,,,,,,,,,,,,,,,
25,polars,pola-rs/polars,"Extremely fast Query Engine for DataFrames, written in Rust.",,data-containers,https://github.com/pola-rs/polars,773.0,https://github.com/pola-rs/polars,MIT,2020-05-13 19:45:33.000,2026-09-20 17:34:59.000,3121.0,2894.0,39812.0,34,True,polars,,,45054.0,36889.0,https://pypi.org/project/polars,2026-09-20 17:34:59.000,2026-09-09 07:40:12.000,1.44.2,459.0,8165.0,51383754.0,51383754.0,,,,,,,,1.0,,,,,,,,,,,,,,,,,,,,
26,flatbuffers,google/flatbuffers,FlatBuffers: Memory Efficient Serialization Library.,,serialization,https://github.com/google/flatbuffers,777.0,https://github.com/google/flatbuffers,Apache-2.0,2014-05-19 18:33:01.000,2026-09-14 18:02:25.000,3657.0,303.0,26460.0,34,True,flatbuffers,conda-forge/flatbuffers,flatbuffers,206639.0,205642.0,https://pypi.org/project/flatbuffers,2025-12-19 23:16:13.000,2025-12-19 23:16:13.000,25.12.19,38.0,705.0,72774635.0,106163088.0,https://anaconda.org/conda-forge/flatbuffers,2025-12-22 07:41:54.888,2562611.0,https://www.npmjs.com/package/flatbuffers,2025-09-24 05:25:45.967,292.0,33351845.0,1.0,,,,,,,,,,,,,,,,,,,,
27,redis,redis/redis-py,Redis Python client.,,db-clients,https://github.com/redis/redis-py,582.0,https://github.com/redis/redis-py,MIT,2009-11-06 10:22:26.000,2026-07-31 10:30:32.007,2703.0,88.0,13600.0,34,True,redis,conda-forge/redis-py,,13028.0,,https://pypi.org/project/redis,2026-07-30 08:50:58.000,2026-07-30 08:50:58.000,8.1.0,170.0,13028.0,193228380.0,193267807.0,https://anaconda.org/conda-forge/redis-py,2026-07-31 10:30:32.007,2957082.0,,,,,1.0,,,,,,,,,,,,,,,,,,,,
28,tink,google/tink,"Tink is a multi-language, cross-platform, open source library that provides cryptographic APIs that are secure, easy..",,cryptography,https://github.com/tink-crypto/tink,118.0,https://github.com/tink-crypto/tink,Apache-2.0,2014-06-06 16:21:09.000,2026-08-13 02:12:35.000,1193.0,,13537.0,34,False,tink,,tink-crypto,1664.0,1639.0,https://pypi.org/project/tink,2026-08-13 02:12:35.000,2026-08-13 02:12:35.000,1.16.1,21.0,22.0,1740520.0,1741429.0,,,,https://www.npmjs.com/package/tink-crypto,2023-05-02 19:29:05.212,3.0,896.0,1.0,,,,,,,,,2024-04-17 10:22:21,7864.0,7.0,248.0,469.0,tink-crypto/tink,1500.0,,,,,
29,cryptography,pyca/cryptography,cryptography is a package designed to expose cryptographic primitives and recipes to Python developers.,,cryptography,https://github.com/pyca/cryptography,563.0,https://github.com/pyca/cryptography,,2013-08-07 02:23:38.000,2026-09-24 11:14:19.000,1826.0,36.0,7782.0,34,False,cryptography,conda-forge/cryptography,,1023134.0,994892.0,https://pypi.org/project/cryptography,2026-08-25 19:44:03.000,2026-08-25 19:44:03.000,50.0.1,160.0,28242.0,1032401614.0,1033563541.0,https://anaconda.org/conda-forge/cryptography,2026-09-11 10:21:32.201,85982660.0,,,,,1.0,,,,,,,,,,,,,,,,,,,,
30,docker,docker/docker-py,A Python library for the Docker Engine API.,,infrastructure,https://github.com/docker/docker-py,465.0,https://github.com/docker/docker-py,Apache-2.0,2013-05-23 16:15:07.000,2026-08-13 00:05:44.000,1727.0,565.0,7209.0,34,True,docker,conda-forge/docker-py,,134726.0,128880.0,https://pypi.org/project/docker,2026-07-09 14:53:45.000,2026-07-09 14:53:45.000,7.2.0,69.0,5846.0,129444809.0,129554964.0,https://anaconda.org/conda-forge/docker-py,2026-07-12 17:13:55.574,8261662.0,,,,,2.0,,,,,,,,,,,,,,,,,,,,
31,alembic,sqlalchemy/alembic,A database migrations tool for SQLAlchemy.,,db-clients,https://github.com/sqlalchemy/alembic,230.0,https://github.com/sqlalchemy/alembic,MIT,2018-11-27 03:02:53.000,2026-09-13 16:17:19.703,376.0,119.0,4400.0,34,True,alembic,conda-forge/alembic,,357460.0,352478.0,https://pypi.org/project/alembic,2026-09-11 19:09:12.000,2026-09-11 19:09:12.000,1.20.0,149.0,4982.0,172502944.0,172674293.0,https://anaconda.org/conda-forge/alembic,2026-09-13 16:17:19.703,12337160.0,,,,,1.0,,,,,,,,-1.0,,,,,,,,,,,,
32,joblib,joblib/joblib,Computing with Python functions.,,data-pipelines,https://github.com/joblib/joblib,162.0,https://github.com/joblib/joblib,BSD-3-Clause,2010-05-07 06:48:26.000,2026-08-31 11:53:07.560,474.0,438.0,4388.0,34,True,joblib,conda-forge/joblib,,758888.0,746633.0,https://pypi.org/project/joblib,2026-08-31 09:39:02.000,2026-08-31 09:39:02.000,1.6.0,117.0,12255.0,161307525.0,162033016.0,https://anaconda.org/conda-forge/joblib,2026-08-31 11:53:07.560,53686358.0,,,,,1.0,,,,,,,,-1.0,,,,,,,,,,,,
33,more-itertools,more-itertools/more-itertools,"More routines for operating on iterables, beyond itertools.",,utilities,https://github.com/more-itertools/more-itertools,161.0,https://github.com/more-itertools/more-itertools,MIT,2012-04-26 05:15:14.000,2026-09-10 19:13:53.000,364.0,22.0,4089.0,34,True,more-itertools,conda-forge/more-itertools,,305099.0,300147.0,https://pypi.org/project/more-itertools,2026-05-22 14:14:28.000,2026-05-22 14:14:28.000,11.1.0,55.0,4952.0,219424609.0,219915164.0,https://anaconda.org/conda-forge/more-itertools,2026-05-22 19:30:08.242,36791634.0,,,,,1.0,,,,,,,,,,,,,,,,,,,,
34,Elasticsearch DSL,elastic/elasticsearch-dsl-py,High level Python client for Elasticsearch.,,db-clients,https://github.com/elastic/elasticsearch-dsl-py,144.0,https://github.com/elastic/elasticsearch-dsl-py,Apache-2.0,2014-03-05 16:19:39.000,2026-09-02 10:16:11.436,798.0,45.0,3885.0,34,False,elasticsearch-dsl,anaconda/elasticsearch-dsl,,375.0,,https://pypi.org/project/elasticsearch-dsl,2025-04-16 11:54:12.000,2025-04-16 11:55:25.000,8.18.0,50.0,375.0,4365299.0,4365456.0,https://anaconda.org/anaconda/elasticsearch-dsl,2026-09-02 10:16:11.436,16416.0,,,,,1.0,,,,,,,,,2025-04-18 13:50:16,1142.0,405.0,579.0,1302.0,,421.0,,,,,
35,cachetools,tkem/cachetools,Extensible memoizing collections and decorators.,,caching,https://github.com/tkem/cachetools,26.0,https://github.com/tkem/cachetools,MIT,2014-03-22 10:15:14.000,2026-09-21 00:28:11.028,210.0,4.0,2778.0,34,True,cachetools,conda-forge/cachetools,,710551.0,705212.0,https://pypi.org/project/cachetools,2026-09-16 20:48:25.000,2026-09-16 20:48:25.000,7.2.0,82.0,5339.0,231047889.0,231361028.0,https://anaconda.org/conda-forge/cachetools,2026-09-21 00:28:11.028,23798582.0,,,,,1.0,,,,,,,,,,,,,,,,,,,,
36,anyio,agronholm/anyio,High level asynchronous concurrency and networking framework that works on top of either Trio or asyncio.,,async,https://github.com/agronholm/anyio,105.0,https://github.com/agronholm/anyio,MIT,2018-08-19 21:07:18.000,2026-09-21 18:00:35.000,272.0,115.0,2546.0,34,True,anyio,conda-forge/anyio,,685708.0,677204.0,https://pypi.org/project/anyio,2026-09-05 10:42:37.000,2026-09-05 10:42:37.000,4.15.1,72.0,8504.0,762534300.0,763107137.0,https://anaconda.org/conda-forge/anyio,2026-09-07 12:30:13.991,43535621.0,,,,,1.0,,,,,,,,,,,,,,,,,,,,
37,pyparsing,pyparsing/pyparsing,Python library for creating PEG parsers.,,others,https://github.com/pyparsing/pyparsing,87.0,https://github.com/pyparsing/pyparsing,MIT,2017-05-14 18:07:01.000,2026-09-22 07:48:16.080,338.0,42.0,2491.0,34,True,pyparsing,conda-forge/pyparsing,,1304676.0,1297925.0,https://pypi.org/project/pyparsing,2026-09-20 20:59:04.000,2026-09-20 20:59:04.000,3.3.3,90.0,6751.0,299046583.0,300393621.0,https://anaconda.org/conda-forge/pyparsing,2026-09-22 07:48:16.080,79475272.0,,,,,1.0,,,,,,,,,,,,,,,,,,,,
38,wrapt,GrahamDumpleton/wrapt,"A Python module for decorators, wrappers and monkey patching.",,others,https://github.com/GrahamDumpleton/wrapt,42.0,https://github.com/GrahamDumpleton/wrapt,BSD-2-Clause,2013-05-29 10:22:45.000,2026-09-24 05:16:43.000,256.0,,2310.0,34,True,wrapt,conda-forge/wrapt,,639570.0,636110.0,https://pypi.org/project/wrapt,2026-09-24 05:16:43.000,2026-09-10 23:09:36.000,2.4.1,117.0,3460.0,373025324.0,373627722.0,https://anaconda.org/conda-forge/wrapt,2026-09-21 10:26:11.927,42770309.0,,,,,1.0,,,,,,,,,,,,,,,,,,,,
39,filesystem_spec,fsspec/filesystem_spec,A specification that python filesystems should adhere to.,,file-path-utils,https://github.com/fsspec/filesystem_spec,364.0,https://github.com/fsspec/filesystem_spec,BSD-3-Clause,2018-04-23 16:45:08.000,2026-09-24 13:34:36.152,489.0,356.0,1351.0,34,True,fsspec,conda-forge/fsspec,,316959.0,312811.0,https://pypi.org/project/fsspec,2026-09-18 17:50:41.000,2026-09-18 17:50:41.000,2026.9.0,102.0,4148.0,556156307.0,556684707.0,https://anaconda.org/conda-forge/fsspec,2026-09-24 13:34:36.152,40158452.0,,,,,1.0,,,,,,,,,,,,,,,,,,,,
40,pulumi,pulumi/pulumi,Pulumi - Infrastructure as Code in any programming language.,,infrastructure,https://github.com/pulumi/pulumi,4419.0,https://github.com/pulumi/pulumi,Apache-2.0,2016-10-31 21:02:47.000,2026-09-24 12:37:49.000,1432.0,2390.0,25727.0,33,True,pulumi,,@pulumi/pulumi,12943.0,11415.0,https://pypi.org/project/pulumi,2026-09-23 16:32:53.000,2026-09-23 10:32:17.083,3.264.0,5412.0,594.0,6294283.0,17847200.0,,,,https://www.npmjs.com/package/@pulumi/pulumi,2026-09-23 16:34:20.202,934.0,11552917.0,2.0,,,,,,,,,,,,,,,,,,,,
41,Typer,tiangolo/typer,"Typer, build great CLIs. Easy to code. Based on Python type hints.",,cli-helpers,https://github.com/fastapi/typer,107.0,,MIT,2020-06-26 01:31:29.764,2026-08-28 12:46:54.425,974.0,,19934.0,33,True,typer,conda-forge/typer,,314226.0,279515.0,https://pypi.org/project/typer,2026-08-28 10:26:53.000,2026-08-28 10:26:53.000,0.27.2,90.0,34711.0,237188433.0,237395631.0,https://anaconda.org/conda-forge/typer,2026-08-28 12:46:54.425,15539909.0,,,,,2.0,,,,,,,,,,,,,,,,,,,,
42,uvloop,MagicStack/uvloop,Ultra fast asyncio event loop.,,async,https://github.com/MagicStack/uvloop,79.0,https://github.com/MagicStack/uvloop,Apache-2.0,2015-11-08 04:14:54.000,2026-09-17 23:10:39.465,612.0,154.0,11879.0,33,True,uvloop,conda-forge/uvloop,,234589.0,232637.0,https://pypi.org/project/uvloop,2025-10-16 22:16:11.000,2025-10-16 22:16:11.000,0.22.1,84.0,1952.0,199136477.0,199209058.0,https://anaconda.org/conda-forge/uvloop,2026-09-17 23:10:39.465,5153321.0,,,,,2.0,,,,,,,,,,,,,,,,,,,,
43,rq,rq/rq,Simple job queues for Python.,,data-pipelines,https://github.com/rq/rq,361.0,https://github.com/rq/rq,BSD-3-Clause,2011-11-14 10:53:48.000,2026-09-01 06:00:16.092,1488.0,252.0,10675.0,33,True,rq,conda-forge/rq,,22573.0,22134.0,https://pypi.org/project/rq,2026-08-30 12:05:23.000,2026-08-30 12:05:23.000,2.12.0,98.0,439.0,9238574.0,9243419.0,https://anaconda.org/conda-forge/rq,2026-09-01 06:00:16.092,339209.0,,,,,1.0,,,,,,,,,,,,,,,,,,,,
44,paramiko,paramiko/paramiko,The leading native Python SSHv2 protocol library.,,infrastructure,https://github.com/paramiko/paramiko,189.0,https://github.com/paramiko/paramiko,LGPL-2.1,2009-02-02 03:41:08.000,2026-05-19 17:31:29.752,2074.0,1188.0,9819.0,33,True,paramiko,conda-forge/paramiko,,131325.0,126712.0,https://pypi.org/project/paramiko,2026-05-09 18:28:50.000,2026-05-09 18:28:50.000,5.0.0,151.0,4613.0,104215141.0,104350680.0,https://anaconda.org/conda-forge/paramiko,2026-05-19 17:31:29.752,10029917.0,,,,,2.0,,,,,,,,,,,,,,,,,,,,
45,Beam,apache/beam,"Unified programming model to define and execute data processing pipelines, including ETL, batch and stream processing.",,data-pipelines,https://github.com/apache/beam,1975.0,https://github.com/apache/beam,Apache-2.0,2016-02-02 08:00:06.000,2026-09-24 04:23:27.000,4657.0,3958.0,8670.0,33,True,apache-beam,conda-forge/apache-beam-with-aws,,10042.0,9849.0,https://pypi.org/project/apache-beam,2026-09-23 08:20:54.000,2026-08-31 20:12:25.000,2.76.0,177.0,193.0,3384104.0,3390192.0,https://anaconda.org/conda-forge/apache-beam-with-aws,2026-09-20 06:30:46.642,365293.0,,,,,1.0,,,,,,,,,,,,,,,,,,,,
46,tenacity,jd/tenacity,Retrying library for Python.,,utilities,https://github.com/jd/tenacity,116.0,https://github.com/jd/tenacity,Apache-2.0,2016-08-11 12:44:02.000,2026-03-23 17:21:20.000,322.0,34.0,8557.0,33,True,tenacity,conda-forge/tenacity,,419417.0,413126.0,https://pypi.org/project/tenacity,2026-02-07 10:45:32.000,2026-02-07 10:45:32.000,9.1.4,62.0,6291.0,332704934.0,332933809.0,https://anaconda.org/conda-forge/tenacity,2026-02-08 00:23:11.740,16250148.0,,,,,1.0,,,,,,,,,,,,,,,,,,,,
47,orjson,ijl/orjson,"Fast, correct Python JSON library supporting dataclasses, datetimes, and numpy.",,serialization,https://github.com/ijl/orjson,24.0,https://github.com/ijl/orjson,Apache-2.0,2018-11-21 23:43:14.000,2026-09-21 20:12:48.799,320.0,,8202.0,33,True,orjson,conda-forge/orjson,,234194.0,226927.0,https://pypi.org/project/orjson,2026-08-14 16:12:00.000,2026-08-14 16:12:00.000,3.12.0,152.0,7267.0,173241576.0,173341336.0,https://anaconda.org/conda-forge/orjson,2026-09-21 20:12:48.799,7581763.0,,,,,2.0,,,,,,,,-1.0,,,,,,,,,,,,
48,PyMySQL,PyMySQL/PyMySQL,MySQL client library for Python.,,db-clients,https://github.com/PyMySQL/PyMySQL,136.0,https://github.com/PyMySQL/PyMySQL,MIT,2011-07-27 17:38:47.000,2026-09-24 11:27:19.402,1442.0,17.0,7844.0,33,True,PyMySQL,conda-forge/pymysql,,297317.0,293915.0,https://pypi.org/project/PyMySQL,2026-09-17 12:22:47.000,2026-09-17 10:24:22.000,1.2.2,49.0,3402.0,73943736.0,73978704.0,https://anaconda.org/conda-forge/pymysql,2026-09-24 11:27:19.402,2587683.0,,,,,1.0,,,,,,,,,,,,,,,,,,,,
49,marshmallow,marshmallow-code/marshmallow,A lightweight library for converting complex objects to and from simple Python datatypes.,,serialization,https://github.com/marshmallow-code/marshmallow,230.0,https://github.com/marshmallow-code/marshmallow,MIT,2013-11-10 21:32:24.000,2026-09-11 20:02:11.000,736.0,147.0,7240.0,33,True,marshmallow,conda-forge/marshmallow,,235393.0,232463.0,https://pypi.org/project/marshmallow,2026-08-08 14:27:28.000,2026-08-08 14:27:28.000,4.3.1,201.0,2930.0,85700998.0,85761882.0,https://anaconda.org/conda-forge/marshmallow,2026-08-09 08:52:03.734,4566347.0,,,,,2.0,,,,,,,,,,,,,,,,,,,,
50,attrs,python-attrs/attrs,Python Classes Without Boilerplate.,,utilities,https://github.com/python-attrs/attrs,192.0,https://github.com/python-attrs/attrs,MIT,2015-01-27 15:01:01.000,2026-03-30 18:18:57.000,424.0,135.0,5757.0,33,True,attrs,conda-forge/attrs,,1482426.0,1471336.0,https://pypi.org/project/attrs,2026-03-19 14:22:23.000,2026-03-19 14:22:23.000,26.1.0,36.0,11090.0,661486874.0,662558474.0,https://anaconda.org/conda-forge/attrs,2026-03-19 15:56:59.596,78226845.0,,,,,1.0,,,,,,,,,,,,,,,,,,,,
51,azure-storage-blob,Azure/azure-sdk-for-python,This repository is for active development of the Azure SDK for Python. For consumers of the SDK we recommend visiting..,,db-clients,https://github.com/Azure/azure-sdk-for-python,1347.0,https://github.com/Azure/azure-sdk-for-python,MIT,2012-04-24 16:46:12.000,2026-09-24 11:42:32.000,3373.0,1103.0,5608.0,33,True,azure-storage-blob,conda-forge/azure-storage-blob,,4860.0,2764.0,https://pypi.org/project/azure-storage-blob,2026-09-22 21:50:06.000,2026-09-22 21:50:06.000,12.30.3,93.0,2096.0,94683825.0,94711454.0,https://anaconda.org/conda-forge/azure-storage-blob,2026-09-23 09:15:49.918,2072179.0,,,,,1.0,,,,,,,,,,,,,,,,,,,,
52,google-cloud-storage,googleapis/google-cloud-python,Google Cloud Client Libraries for Python.,,db-clients,https://github.com/googleapis/google-cloud-python,1134.0,https://github.com/googleapis/google-cloud-python,Apache-2.0,2014-01-28 15:51:47.000,2026-09-17 19:37:53.000,1769.0,562.0,5385.0,33,True,google-cloud-storage,conda-forge/google-cloud-storage,,6072.0,2622.0,https://pypi.org/project/google-cloud-storage,2026-09-08 17:10:09.000,2026-09-08 17:10:09.000,3.14.1,125.0,3450.0,146147417.0,146253976.0,https://anaconda.org/conda-forge/google-cloud-storage,2026-09-09 10:33:57.054,7885400.0,,,,,1.0,,,,,,,,,,,,,,,,,,,,
53,pandas-gbq,googleapis/python-bigquery-pandas,This library has moved to https://github.com/googleapis/google-cloud-python/tree/main/packages/pandas-gbq.,,db-clients,https://github.com/googleapis/python-bigquery-pandas,60.0,https://github.com/googleapis/python-bigquery-pandas,BSD-3-Clause,2017-02-08 13:07:19.000,2026-08-25 19:18:10.000,1769.0,,5385.0,33,True,pandas-gbq,conda-forge/pandas-gbq,,295.0,,https://pypi.org/project/pandas-gbq,2026-08-25 19:18:10.000,2026-08-25 19:18:10.000,0.35.2,69.0,295.0,18053683.0,18090688.0,https://anaconda.org/conda-forge/pandas-gbq,2025-05-01 18:48:18.992,2626963.0,,,,,1.0,,,,,,,,,2026-03-13 20:13:30,524.0,57.0,574.0,399.0,,718.0,,,,,
54,elasticsearch,elastic/elasticsearch-py,Official Python client for Elasticsearch.,,db-clients,https://github.com/elastic/elasticsearch-py,232.0,https://github.com/elastic/elasticsearch-py,Apache-2.0,2013-05-01 22:47:39.000,2026-09-10 13:46:13.905,1220.0,65.0,4386.0,33,True,elasticsearch,conda-forge/elasticsearch,,68195.0,65880.0,https://pypi.org/project/elasticsearch,2026-09-09 20:17:00.000,2026-09-09 20:17:00.000,9.5.1,174.0,2315.0,34979918.0,35006459.0,https://anaconda.org/conda-forge/elasticsearch,2026-09-10 13:46:13.905,2017142.0,,,,,1.0,,,,,,,,,,,,,,,,,,,,
55,PyYAML,yaml/pyyaml,Canonical source repository for PyYAML.,,file-formats,https://github.com/yaml/pyyaml,40.0,https://github.com/yaml/pyyaml,MIT,2011-11-03 05:09:49.000,2026-02-04 17:33:51.501,574.0,345.0,2865.0,33,True,pyyaml,conda-forge/pyyaml,,1930126.0,1875441.0,https://pypi.org/project/pyyaml,2025-09-25 21:31:46.000,2025-09-25 21:31:46.000,6.0.3,43.0,54685.0,868880076.0,870224227.0,https://anaconda.org/conda-forge/pyyaml,2026-02-04 17:33:51.501,96778899.0,,,,,1.0,,,,,,,,,,,,,,,,,,,,
56,h5py,h5py/h5py,HDF5 for Python -- The h5py package is a Pythonic interface to the HDF5 binary data format.,,data-containers,https://github.com/h5py/h5py,224.0,https://github.com/h5py/h5py,BSD-3-Clause,2012-09-21 00:40:02.000,2026-08-26 14:57:55.303,561.0,345.0,2243.0,33,True,h5py,conda-forge/h5py,,374334.0,363742.0,https://pypi.org/project/h5py,2026-03-06 13:47:35.000,2026-03-06 13:47:35.000,3.16.0,46.0,10592.0,25253027.0,25657513.0,https://anaconda.org/conda-forge/h5py,2026-08-26 14:57:55.303,30336508.0,,,,,1.0,,,,,,,,,,,,,,,,,,,,
57,s3transfer,boto/s3transfer,Amazon S3 Transfer Manager for Python.,,db-clients,https://github.com/boto/s3transfer,49.0,https://github.com/boto/s3transfer,Apache-2.0,2016-01-12 23:19:42.000,2026-07-30 20:53:14.000,155.0,71.0,238.0,33,True,s3transfer,conda-forge/s3transfer,,388952.0,388017.0,https://pypi.org/project/s3transfer,2026-07-22 19:30:43.000,2026-07-22 19:30:43.000,0.19.2,63.0,935.0,635236111.0,635687728.0,https://anaconda.org/conda-forge/s3transfer,2026-07-23 15:32:50.063,32064860.0,,,,,1.0,,,,,,,,,,,,,,,,,,,,
58,Prefect,PrefectHQ/prefect,Prefect is a workflow orchestration framework for building resilient data pipelines in Python.,,data-pipelines,https://github.com/PrefectHQ/prefect,767.0,https://github.com/PrefectHQ/prefect,Apache-2.0,2018-06-29 21:59:26.000,2026-09-24 11:07:06.314,2535.0,844.0,23902.0,32,True,prefect,conda-forge/prefect,,9055.0,8474.0,https://pypi.org/project/prefect,2026-09-23 08:21:59.000,2026-09-15 00:34:43.000,3.8.6,889.0,581.0,6677300.0,6694159.0,https://anaconda.org/conda-forge/prefect,2026-09-24 11:07:06.314,1281297.0,,,,,2.0,,,,,,,,,,,,,,,,,,,,
59,Dagster,dagster-io/dagster,"An orchestration platform for the development, production, and observation of data assets.",,data-pipelines,https://github.com/dagster-io/dagster,701.0,https://github.com/dagster-io/dagster,Apache-2.0,2018-04-30 16:30:04.000,2026-09-22 00:52:58.551,2300.0,2568.0,16192.0,32,True,dagster,conda-forge/dagster,,5373.0,4933.0,https://pypi.org/project/dagster,2026-09-21 23:16:50.000,2026-09-21 23:16:50.000,1.13.24,761.0,440.0,7938375.0,7982575.0,https://anaconda.org/conda-forge/dagster,2026-09-22 00:52:58.551,3359244.0,,,,,2.0,,,,,,,,,,,,,,,,,,,,
60,peewee,coleifer/peewee,"a small, expressive orm -- supports postgresql, mysql, sqlite, now with asyncio.",,db-clients,https://github.com/coleifer/peewee,165.0,https://github.com/coleifer/peewee,MIT,2010-10-11 20:14:11.000,2026-09-08 14:05:08.965,1381.0,,11986.0,32,True,peewee,conda-forge/peewee,,1389.0,24.0,https://pypi.org/project/peewee,2026-09-08 01:20:09.000,2026-09-08 01:20:09.000,4.5.1,222.0,1365.0,38270425.0,38302674.0,https://anaconda.org/conda-forge/peewee,2026-09-08 14:05:08.965,2354208.0,,,,,2.0,,,,,,,,,,,,,,,,,,,,
61,arrow,arrow-py/arrow,Better dates & times for Python.,,date-time-utils,https://github.com/arrow-py/arrow,289.0,https://github.com/arrow-py/arrow,Apache-2.0,2012-11-18 20:23:27.000,2026-03-30 02:18:26.000,732.0,133.0,9036.0,32,True,arrow,conda-forge/arrow,,188072.0,185788.0,https://pypi.org/project/arrow,2025-10-18 17:46:45.000,2025-10-18 17:46:45.000,1.4.0,65.0,2284.0,58340641.0,58537847.0,https://anaconda.org/conda-forge/arrow,2025-10-18 23:46:59.986,14790451.0,,,,,1.0,,,,,,,,,,,,,,,,,,,,
62,watchdog,gorakhargosh/watchdog,Python library and shell utilities to monitor filesystem events.,,file-path-utils,https://github.com/gorakhargosh/watchdog,183.0,https://github.com/gorakhargosh/watchdog,Apache-2.0,2010-10-23 12:00:17.000,2026-09-04 06:32:34.635,724.0,216.0,7106.0,32,True,watchdog,conda-forge/watchdog,,277032.0,274371.0,https://pypi.org/project/watchdog,2024-11-01 14:06:24.000,2024-11-01 14:06:24.000,6.0.0,54.0,2661.0,83642181.0,83728232.0,https://anaconda.org/conda-forge/watchdog,2026-09-04 06:32:34.635,6453830.0,,,,,2.0,,,,,,,,,,,,,,,,,,,,
63,kafka-python,dpkp/kafka-python,Python client for Apache Kafka.,,db-clients,https://github.com/dpkp/kafka-python,238.0,https://github.com/dpkp/kafka-python,Apache-2.0,2012-09-24 13:00:26.000,2026-08-16 20:19:44.747,1475.0,18.0,5900.0,32,True,kafka-python,conda-forge/kafka-python,,38344.0,37231.0,https://pypi.org/project/kafka-python,2026-08-16 16:46:13.000,2026-08-16 16:46:13.000,3.0.11,82.0,1113.0,16834251.0,16841720.0,https://anaconda.org/conda-forge/kafka-python,2026-08-16 20:19:44.747,537824.0,,,,,2.0,,,,,,,,,,,,,,,,,,,,
64,google-cloud-bigtable,googleapis/python-bigtable,This library has moved to https://github.com/googleapis/google-cloud-python/tree/main/packages/google-cloud-bigtable.,,db-clients,https://github.com/googleapis/python-bigtable,80.0,https://github.com/googleapis/python-bigtable,Apache-2.0,2019-12-10 00:09:10.000,2026-09-20 05:56:30.138,1769.0,,5385.0,32,True,google-cloud-bigtable,conda-forge/google-cloud-bigtable,,73.0,,https://pypi.org/project/google-cloud-bigtable,2026-09-17 20:29:43.000,2026-09-17 20:29:43.000,2.46.0,103.0,73.0,14453122.0,14456915.0,https://anaconda.org/conda-forge/google-cloud-bigtable,2026-09-20 05:56:30.138,254177.0,,,,,2.0,,,,,,,,-1.0,2026-04-01 00:00:28,927.0,43.0,937.0,322.0,,,,,,,
65,jsonschema,Julian/jsonschema,An implementation of JSON Schema validation for Python.,,data-validation,https://github.com/python-jsonschema/jsonschema,124.0,,MIT,2020-10-13 01:20:59.365,2026-08-24 13:50:01.657,633.0,,4960.0,32,True,jsonschema,conda-forge/jsonschema,,870681.0,861059.0,https://pypi.org/project/jsonschema,2026-01-07 13:41:05.000,2026-01-07 13:41:05.000,4.26.0,109.0,9622.0,440497496.0,441247755.0,https://anaconda.org/conda-forge/jsonschema,2026-08-24 13:50:01.657,53268409.0,,,,,1.0,,,,,,,,,,,,,,,,,,,,
66,pymongo,mongodb/mongo-python-driver,PyMongo - the Official MongoDB Python driver.,,db-clients,https://github.com/mongodb/mongo-python-driver,264.0,https://github.com/mongodb/mongo-python-driver,Apache-2.0,2009-01-15 15:18:06.000,2026-09-22 19:41:40.000,1159.0,17.0,4356.0,32,True,pymongo,conda-forge/pymongo,,7118.0,,https://pypi.org/project/pymongo,2026-09-10 14:55:12.000,2026-09-10 14:55:12.000,4.18.1,173.0,7118.0,63762102.0,63869089.0,https://anaconda.org/conda-forge/pymongo,2026-09-10 18:53:02.985,7917068.0,,,,,2.0,,,,,,,,3.0,,,,,,,,,,,,
67,xarray,pydata/xarray,N-D labeled arrays and datasets in Python.,,data-containers,https://github.com/pydata/xarray,636.0,https://github.com/pydata/xarray,Apache-2.0,2013-09-30 17:21:10.000,2026-07-09 21:46:38.762,1271.0,1381.0,4154.0,32,True,xarray,conda-forge/xarray,,52183.0,45870.0,https://pypi.org/project/xarray,2026-07-09 17:38:24.000,2026-04-13 19:45:34.000,2026.4.0,106.0,6313.0,9959281.0,10197175.0,https://anaconda.org/conda-forge/xarray,2026-07-09 21:46:38.762,17604207.0,,,,,2.0,,,,,,,,,,,,,,,,,,,,
68,colorama,tartley/colorama,Simple cross-platform colored terminal text in Python.,,cli-helpers,https://github.com/tartley/colorama,53.0,https://github.com/tartley/colorama,BSD-3-Clause,2014-04-17 20:18:25.000,2025-07-09 17:06:02.000,264.0,129.0,3705.0,32,False,colorama,conda-forge/colorama,,1495890.0,1480957.0,https://pypi.org/project/colorama,2022-10-25 02:38:17.509,2022-10-25 02:38:17.509,0.4.6,46.0,14933.0,244062931.0,245162622.0,https://anaconda.org/conda-forge/colorama,2025-04-22 14:56:22.542,78078128.0,,,,,2.0,,,,,,,,,,,,,,,,,,,,
69,psycopg2,psycopg/psycopg2,PostgreSQL database adapter for the Python programming language.,,db-clients,https://github.com/psycopg/psycopg2,144.0,https://github.com/psycopg/psycopg2,BSD-3-Clause-Attribution,2013-01-21 11:05:11.000,2026-09-14 23:43:07.542,545.0,15.0,3654.0,32,False,psycopg2,psycopg2,,870164.0,865517.0,https://pypi.org/project/psycopg2,2026-09-09 23:53:49.000,2026-09-09 23:53:49.000,2.9.13,66.0,4609.0,63309134.0,63312466.0,https://anaconda.org/anaconda/psycopg2,2026-09-14 23:43:07.542,433254.0,,,,,2.0,,,,,,,,,,,,,,,,38.0,,,,
70,dateparser,scrapinghub/dateparser,python parser for human readable dates.,,date-time-utils,https://github.com/scrapinghub/dateparser,164.0,https://github.com/scrapinghub/dateparser,BSD-3-Clause,2014-11-24 17:30:12.000,2026-09-03 13:45:56.174,514.0,344.0,2854.0,32,True,dateparser,conda-forge/dateparser,,41514.0,39790.0,https://pypi.org/project/dateparser,2026-09-03 10:07:52.000,2026-09-03 10:07:52.000,1.4.3,37.0,1724.0,37151630.0,37183441.0,https://anaconda.org/conda-forge/dateparser,2026-09-03 13:45:56.174,2385844.0,,,,,1.0,,,,,,,,,,,,,,,,,,,,
71,chardet,chardet/chardet,Python character encoding detector.,,text,https://github.com/chardet/chardet,58.0,https://github.com/chardet/chardet,0BSD,2012-07-26 20:30:54.000,2026-08-23 23:21:51.000,306.0,1.0,2662.0,32,True,chardet,conda-forge/chardet,@pypi/chardet,977082.0,969643.0,https://pypi.org/project/chardet,2026-08-14 20:36:07.000,2026-08-14 20:36:07.000,7.6.0,31.0,7432.0,166008881.0,166500031.0,https://anaconda.org/conda-forge/chardet,2026-08-17 03:47:08.528,35354606.0,https://www.npmjs.com/package/@pypi/chardet,2017-08-20 08:18:15.011,7.0,114.0,1.0,,,,,,,,,,,,,,,,,,,,
72,greenlet,python-greenlet/greenlet,Lightweight in-process concurrent programming.,,async,https://github.com/python-greenlet/greenlet,91.0,https://github.com/python-greenlet/greenlet,,2011-12-17 21:12:01.000,2026-09-19 09:23:04.135,271.0,22.0,1847.0,32,False,greenlet,conda-forge/greenlet,,618553.0,615768.0,https://pypi.org/project/greenlet,2026-09-14 14:21:31.000,2026-09-14 14:21:31.000,3.5.6,70.0,2785.0,361716139.0,362041626.0,https://anaconda.org/conda-forge/greenlet,2026-09-19 09:23:04.135,24411530.0,,,,,2.0,,,,,,,,,,,,,,,,,,,,
73,simplejson,simplejson/simplejson,"simplejson is a simple, fast, extensible JSON encoder/decoder for Python.",,serialization,https://github.com/simplejson/simplejson,54.0,https://github.com/simplejson/simplejson,MIT,2011-02-06 05:47:45.000,2026-09-04 12:49:09.274,355.0,13.0,1711.0,32,True,simplejson,conda-forge/simplejson,,155767.0,152765.0,https://pypi.org/project/simplejson,2026-08-27 00:36:23.000,2026-08-27 00:36:23.000,4.1.2,115.0,3002.0,40333187.0,40407737.0,https://anaconda.org/conda-forge/simplejson,2026-09-04 12:49:09.274,5665847.0,,,,,2.0,,,,,,,,,,,,,,,,,,,,
74,argcomplete,kislyuk/argcomplete,"Python and tab completion, better together.",,cli-helpers,https://github.com/kislyuk/argcomplete,88.0,https://github.com/kislyuk/argcomplete,Apache-2.0,2012-11-19 15:37:34.000,2026-08-08 09:16:06.178,150.0,71.0,1575.0,32,True,argcomplete,conda-forge/argcomplete,,78176.0,75821.0,https://pypi.org/project/argcomplete,2026-08-06 04:53:20.000,2026-08-06 04:53:20.000,3.7.2,139.0,2355.0,55615690.0,55671454.0,https://anaconda.org/conda-forge/argcomplete,2026-08-08 09:16:06.178,4126553.0,,,,,2.0,,,,,,,,,,,,,,,,,,,,
75,bcrypt,pyca/bcrypt,Modern(-ish) password hashing for your software and your servers.,,cryptography,https://github.com/pyca/bcrypt,41.0,https://github.com/pyca/bcrypt,Apache-2.0,2013-05-11 02:03:55.000,2026-09-08 07:23:31.731,179.0,6.0,1391.0,32,True,bcrypt,conda-forge/bcrypt,,364281.0,362231.0,https://pypi.org/project/bcrypt,2025-09-25 19:49:05.000,2025-09-25 19:49:05.000,5.0.0,28.0,2050.0,150571770.0,150755289.0,https://anaconda.org/conda-forge/bcrypt,2026-09-08 07:23:31.731,13396888.0,,,,,2.0,,,,,,,,,,,,,,,,,,,,
76,s3fs,fsspec/s3fs,S3 Filesystem.,,db-clients,https://github.com/fsspec/s3fs,162.0,https://github.com/fsspec/s3fs,BSD-3-Clause,2016-03-16 00:19:32.000,2026-09-18 19:02:52.000,305.0,174.0,1045.0,32,True,s3fs,conda-forge/s3fs,,31083.0,28804.0,https://pypi.org/project/s3fs,2026-09-18 19:02:52.000,2026-09-18 19:02:52.000,2026.9.0,92.0,2279.0,303103348.0,303279725.0,https://anaconda.org/conda-forge/s3fs,2026-09-01 18:28:30.755,12875587.0,,,,,2.0,,,,,,,,,,,,,,,,,,,,
77,six,benjaminp/six,Python 2 and 3 compatibility library.,,compatibility,https://github.com/benjaminp/six,68.0,https://github.com/benjaminp/six,MIT,2017-01-02 23:30:47.000,2025-07-22 15:47:12.245,274.0,107.0,993.0,32,False,six,conda-forge/six,,2821871.0,2796614.0,https://pypi.org/project/six,2024-12-04 17:35:26.000,2024-12-04 17:35:26.000,1.17.0,29.0,25257.0,861805758.0,863269151.0,https://anaconda.org/conda-forge/six,2025-07-22 15:47:12.245,111217910.0,,,,,1.0,,,,,,,,,,,,,,,,,,,,
78,filelock,tox-dev/py-filelock,A platform independent file lock.,,file-path-utils,https://github.com/tox-dev/py-filelock,73.0,,MIT,2020-05-19 17:08:47.301,2026-09-24 02:13:23.969,149.0,,975.0,32,True,filelock,conda-forge/filelock,,749872.0,743874.0,https://pypi.org/project/filelock,2026-09-23 23:40:20.000,2026-09-23 23:40:20.000,4.0.3,123.0,5998.0,481187187.0,481862986.0,https://anaconda.org/conda-forge/filelock,2026-09-24 02:13:23.969,51360780.0,,,,,2.0,,,,,,,,,,,,,,,,,,,,
79,traitlets,ipython/traitlets,A lightweight Traits like module.,,configuration,https://github.com/ipython/traitlets,127.0,https://github.com/ipython/traitlets,BSD-3-Clause,2013-12-06 20:45:45.000,2026-08-03 13:04:43.572,214.0,104.0,654.0,32,True,traitlets,conda-forge/traitlets,,619007.0,616723.0,https://pypi.org/project/traitlets,2026-08-03 08:32:34.000,2026-08-03 08:32:34.000,5.16.1,57.0,2284.0,113093657.0,113892633.0,https://anaconda.org/conda-forge/traitlets,2026-08-03 13:04:43.572,57526280.0,,,,,2.0,,,,,,,,,,,,,,,,,,,,
80,wcwidth,jquast/wcwidth,Python and C11 library that measures the width of strings in a terminal.,,cli-helpers,https://github.com/jquast/wcwidth,24.0,https://github.com/jquast/wcwidth,MIT,2014-04-05 09:57:11.000,2026-09-24 11:47:52.829,79.0,,465.0,32,True,wcwidth,conda-forge/wcwidth,,779828.0,777024.0,https://pypi.org/project/wcwidth,2026-09-23 20:23:22.000,2026-09-23 20:23:22.000,0.9.1,46.0,2804.0,227477102.0,228169317.0,https://anaconda.org/conda-forge/wcwidth,2026-09-24 11:47:52.829,51916184.0,,,,,2.0,,,,,,,,,,,,,,,,,,,,
81,pytz,stub42/pytz,pytz Python historical timezone library and database.,,date-time-utils,https://github.com/stub42/pytz,28.0,https://github.com/stub42/pytz,MIT,2016-07-12 12:22:30.000,2026-09-24 03:58:38.000,108.0,36.0,396.0,32,True,pytz,conda-forge/pytz,,2520299.0,2503784.0,https://pypi.org/project/pytz,2026-09-24 03:58:38.000,2023-01-14 12:26:16.208,2022.7.1,124.0,16515.0,370003763.0,371429355.0,https://anaconda.org/conda-forge/pytz,2026-07-26 14:45:12.500,99791472.0,,,,,1.0,,,,,,,,,,,,,,,,,,,,
82,cookiecutter,cookiecutter/cookiecutter,"A cross-platform command-line utility that creates projects from cookiecutters (project templates), e.g. Python..",,others,https://github.com/cookiecutter/cookiecutter,333.0,https://github.com/cookiecutter/cookiecutter,BSD-3-Clause,2013-07-14 18:31:22.000,2026-03-04 13:25:22.620,2201.0,267.0,24714.0,31,True,cookiecutter,conda-forge/cookiecutter,,39081.0,37902.0,https://pypi.org/project/cookiecutter,2026-03-04 04:06:01.000,2026-03-04 04:06:01.000,2.7.1,44.0,1179.0,7016185.0,7052068.0,https://anaconda.org/conda-forge/cookiecutter,2026-03-04 13:25:22.620,2296514.0,,,,,2.0,,,,,,,,,,,,,,,,,,,,
83,awscli,aws/aws-cli,Universal Command Line Interface for Amazon Web Services.,,infrastructure,https://github.com/aws/aws-cli,510.0,https://github.com/aws/aws-cli,Apache-2.0,2012-11-20 16:07:36.000,2026-09-20 21:50:26.466,4636.0,724.0,17220.0,31,True,awscli,conda-forge/awscli,,787.0,5.0,https://pypi.org/project/awscli,2026-08-27 21:30:32.000,2026-08-27 21:30:32.000,1.46.1,2692.0,782.0,87707348.0,88559383.0,https://anaconda.org/conda-forge/awscli,2026-09-20 21:50:26.466,63050645.0,,,,,2.0,,,,,,,,,,,,,,,,,,,,
84,kubernetes,kubernetes-client/python,Official Python client library for kubernetes.,,infrastructure,https://github.com/kubernetes-client/python,262.0,https://github.com/kubernetes-client/python,Apache-2.0,2016-10-31 20:08:03.000,2026-09-24 00:15:16.000,3524.0,71.0,7671.0,31,True,kubernetes,conda-forge/kubernetes,,2656.0,,https://pypi.org/project/kubernetes,2026-09-24 00:15:16.000,2026-07-13 20:38:10.000,36.0.3,122.0,2656.0,72313013.0,72324631.0,https://anaconda.org/conda-forge/kubernetes,2025-12-11 01:35:47.118,883001.0,,,,,2.0,,,,,,,,,,,,,,,,,,,,
85,Tablib,jazzband/tablib,"Python Module for Tabular Datasets in XLS, CSV, JSON, YAML, &c.",,data-loading,https://github.com/jazzband/tablib,139.0,https://github.com/jazzband/tablib,MIT,2011-03-28 02:36:50.000,2026-09-11 11:42:11.000,619.0,57.0,4757.0,31,True,tablib,conda-forge/tablib,,132422.0,132193.0,https://pypi.org/project/tablib,2026-07-31 17:30:04.000,2026-07-31 17:30:04.000,3.10.0,51.0,229.0,4831825.0,4837493.0,https://anaconda.org/conda-forge/tablib,2026-07-31 22:50:19.440,391121.0,,,,,1.0,,,,,,,,,,,,,,,,,,,,
86,Prometheus Client,prometheus/client_python,Prometheus instrumentation library for Python applications.,,db-clients,https://github.com/prometheus/client_python,183.0,https://github.com/prometheus/client_python,Apache-2.0,2015-02-10 22:47:25.000,2026-07-25 21:48:28.068,867.0,142.0,4347.0,31,True,prometheus_client,conda-forge/prometheus_client,,4794.0,,https://pypi.org/project/prometheus_client,2026-07-24 19:36:40.000,2026-07-24 19:36:40.000,0.26.0,60.0,4794.0,132000472.0,132378058.0,https://anaconda.org/conda-forge/prometheus_client,2026-07-25 21:48:28.068,28696608.0,,,,,2.0,,,,,,,,,,,,,,,,,,,,
87,pycryptodomex,Legrandin/pycryptodome,A self-contained cryptographic library for Python.,,cryptography,https://github.com/Legrandin/pycryptodome,167.0,https://github.com/Legrandin/pycryptodome,BSD-3-Clause,2014-05-02 15:11:38.000,2026-03-29 07:51:10.000,558.0,87.0,3230.0,31,True,pycryptodomex,conda-forge/pycryptodomex,,147281.0,145666.0,https://pypi.org/project/pycryptodomex,2025-05-17 17:22:07.000,2025-05-17 17:22:07.000,3.23.0,52.0,1615.0,46592316.0,46634169.0,https://anaconda.org/conda-forge/pycryptodomex,2025-09-13 06:28:04.340,3097185.0,,,,,3.0,,,,,,,,,,,,,,,,,,,,
88,python-magic,ahupp/python-magic,A python wrapper for libmagic.,,data-loading,https://github.com/ahupp/python-magic,68.0,https://github.com/ahupp/python-magic,MIT,2010-03-31 22:40:33.000,2026-09-22 16:05:03.000,306.0,26.0,2920.0,31,True,python-magic,conda-forge/python-magic,,88934.0,87392.0,https://pypi.org/project/python-magic,2022-06-07 20:16:57.000,2022-06-07 20:16:57.000,0.4.27,28.0,1542.0,26396541.0,26410545.0,https://anaconda.org/conda-forge/python-magic,2026-06-19 10:26:15.408,994304.0,,,,,1.0,,,,,,,,,,,,,,,,,,,,
89,pexpect,pexpect/pexpect,A Python module for controlling interactive programs in a pseudo-terminal.,,process-utils,https://github.com/pexpect/pexpect,109.0,https://github.com/pexpect/pexpect,ISC,2013-09-17 17:36:44.000,2025-04-22 14:56:22.014,486.0,163.0,2729.0,31,False,pexpect,conda-forge/pexpect,,529584.0,527826.0,https://pypi.org/project/pexpect,2023-11-25 06:56:14.000,2023-11-25 06:56:14.000,4.9.0,20.0,1758.0,120873195.0,121484109.0,https://anaconda.org/conda-forge/pexpect,2025-04-22 14:56:22.014,43374932.0,,,,,1.0,,,,,,,,,,,,,,,,,,,,
90,numexpr,pydata/numexpr,"Fast numerical array expression evaluator for Python, NumPy, Pandas, PyTables and more.",,data-containers,https://github.com/pydata/numexpr,90.0,https://github.com/pydata/numexpr,MIT,2013-11-30 22:33:48.000,2026-09-11 09:59:26.612,226.0,3.0,2531.0,31,True,numexpr,conda-forge/numexpr,,102553.0,101205.0,https://pypi.org/project/numexpr,2026-07-18 10:51:37.000,2026-07-18 10:51:37.000,2.14.2,64.0,1348.0,11292633.0,11489466.0,https://anaconda.org/conda-forge/numexpr,2026-09-11 09:59:26.612,14762476.0,,,,,2.0,,,,,,,,,,,,,,,,,,,,
91,dill,uqfoundation/dill,serialize all of Python.,,serialization,https://github.com/uqfoundation/dill,51.0,https://github.com/uqfoundation/dill,BSD-3-Clause,2013-06-28 16:42:27.000,2026-07-17 19:06:39.000,192.0,209.0,2442.0,31,True,dill,conda-forge/dill,,256666.0,252428.0,https://pypi.org/project/dill,2026-01-19 02:36:55.000,2026-01-19 02:36:55.000,0.4.1,30.0,4238.0,156890821.0,157172519.0,https://anaconda.org/conda-forge/dill,2026-01-19 23:02:44.504,21127416.0,,,,,2.0,,,,,,,,,,,,,,,,,,,,
92,omegaconf,omry/omegaconf,Flexible Python configuration system. The last one you will ever need.,,configuration,https://github.com/omry/omegaconf,48.0,https://github.com/omry/omegaconf,BSD-3-Clause,2018-09-03 14:59:01.000,2026-08-10 17:29:38.475,160.0,31.0,2417.0,31,True,omegaconf,conda-forge/omegaconf,,67716.0,65076.0,https://pypi.org/project/omegaconf,2026-08-07 21:23:12.000,2026-06-11 05:05:09.000,2.3.1,157.0,2640.0,26986112.0,27024136.0,https://anaconda.org/conda-forge/omegaconf,2026-08-10 17:29:38.475,2889844.0,,,,,2.0,,,,,,,,,,,,,,,,,,,,
93,pyrsistent,tobgu/pyrsistent,Persistent/Immutable/Functional data structures for Python.,,data-structures,https://github.com/tobgu/pyrsistent,78.0,https://github.com/tobgu/pyrsistent,MIT,2013-06-20 14:11:13.000,2026-09-04 22:09:31.920,160.0,29.0,2167.0,31,True,pyrsistent,conda-forge/pyrsistent,,369065.0,368025.0,https://pypi.org/project/pyrsistent,2023-10-25 21:06:04.000,2023-10-25 21:06:04.000,0.20.0,75.0,1040.0,23576546.0,23878111.0,https://anaconda.org/conda-forge/pyrsistent,2026-09-04 22:09:31.920,22315879.0,,,,,1.0,,,,,,,,,,,,,,,,,,,,
94,emoji,carpedm20/emoji,emoji terminal output for Python.,,text,https://github.com/carpedm20/emoji,70.0,https://github.com/carpedm20/emoji,BSD-3-Clause,2014-08-18 02:55:59.000,2026-09-22 13:56:19.029,296.0,27.0,2038.0,31,True,emoji,conda-forge/emoji,,94911.0,93317.0,https://pypi.org/project/emoji,2026-09-16 19:47:55.000,2026-09-16 19:47:55.000,2.16.0,56.0,1594.0,11820640.0,11824532.0,https://anaconda.org/conda-forge/emoji,2026-09-22 13:56:19.029,284144.0,,,,,1.0,,,,,,,,,,,,,,,,,,,,
95,cloudpickle,cloudpipe/cloudpickle,Extended pickling support for Python objects.,,serialization,https://github.com/cloudpipe/cloudpickle,81.0,https://github.com/cloudpipe/cloudpickle,BSD-3-Clause,2015-04-13 16:33:00.000,2026-08-06 13:10:49.000,195.0,110.0,1940.0,31,True,cloudpickle,conda-forge/cloudpickle,,172340.0,170014.0,https://pypi.org/project/cloudpickle,2025-11-03 09:25:25.000,2025-11-03 09:25:25.000,3.1.2,42.0,2326.0,150404116.0,150932582.0,https://anaconda.org/conda-forge/cloudpickle,2025-12-09 18:04:41.140,39106547.0,,,,,2.0,,,,,,,,,,,,,,,,,,,,
96,holidays,vacanza/holidays,Open World Holidays Framework.,,date-time-utils,https://github.com/vacanza/holidays,350.0,https://github.com/vacanza/holidays,MIT,2014-08-24 15:17:18.000,2026-09-23 11:16:44.610,713.0,78.0,1932.0,31,True,holidays,conda-forge/holidays,,28418.0,27748.0,https://pypi.org/project/holidays,2026-09-21 21:31:59.000,2023-06-21 16:43:02.350,0.27.1,173.0,670.0,26496085.0,26560186.0,https://anaconda.org/conda-forge/holidays,2026-09-23 11:16:44.610,4743508.0,,,,,2.0,,,,,,,,,,,,,,,,,,,,
97,python-slugify,un33k/python-slugify,Returns unicode slugs.,,text,https://github.com/un33k/python-slugify,46.0,https://github.com/un33k/python-slugify,MIT,2012-10-15 01:44:50.000,2026-09-22 16:05:22.000,141.0,,1625.0,31,True,python-slugify,conda-forge/python-slugify,,123314.0,121109.0,https://pypi.org/project/python-slugify,2026-09-22 15:54:16.000,2026-09-22 15:54:16.000,9.1.1,51.0,2205.0,62007390.0,62063829.0,https://anaconda.org/conda-forge/python-slugify,2026-09-09 19:07:51.768,4176531.0,,,,,1.0,,,,,,,,,,,,,,,,,,,,
98,pluggy,pytest-dev/pluggy,A minimalist production ready plugin system.,,others,https://github.com/pytest-dev/pluggy,67.0,https://github.com/pytest-dev/pluggy,MIT,2015-04-28 15:32:26.000,2026-04-20 20:54:33.000,146.0,58.0,1611.0,31,True,pluggy,conda-forge/pluggy,,838692.0,836069.0,https://pypi.org/project/pluggy,2025-05-15 12:30:06.000,2025-05-15 12:30:06.000,1.6.0,24.0,2623.0,859379560.0,860229013.0,https://anaconda.org/conda-forge/pluggy,2025-12-05 01:07:44.457,60311204.0,,,,,2.0,,,,,,,,,,,,,,,,,,,,
99,future,PythonCharmers/python-future,"Easy, clean, reliable Python 2/3 compatibility.",,compatibility,https://github.com/PythonCharmers/python-future,130.0,https://github.com/PythonCharmers/python-future,MIT,2013-07-14 13:57:47.000,2025-05-19 20:20:19.000,294.0,189.0,1182.0,31,False,future,conda-forge/future,,388518.0,382541.0,https://pypi.org/project/future,2024-02-21 11:52:35.000,2024-02-21 11:52:35.000,1.0.0,52.0,5977.0,42737819.0,43001139.0,https://anaconda.org/conda-forge/future,2025-04-22 14:56:25.097,18695768.0,,,,,2.0,,,,,,,,,,,,,,,,,,,,
100,confluent-kafka-python,confluentinc/confluent-kafka-python,Confluents Kafka Python Client.,,db-clients,https://github.com/confluentinc/confluent-kafka-python,153.0,https://github.com/confluentinc/confluent-kafka-python,Apache-2.0,2016-04-14 07:40:41.000,2026-09-22 11:30:12.000,965.0,215.0,511.0,31,True,confluent-kafka,conda-forge/python-confluent-kafka,,19149.0,18021.0,https://pypi.org/project/confluent-kafka,2026-09-22 11:30:12.000,2026-09-10 15:27:01.000,2.15.1,66.0,1128.0,41056002.0,41086602.0,https://anaconda.org/conda-forge/python-confluent-kafka,2026-09-10 20:32:45.123,2172653.0,,,,,2.0,,,,,,,,,,,,,,,,,,,,
101,pyasn1,etingof/pyasn1,Generic ASN.1 library for Python.,,serialization,https://github.com/etingof/pyasn1,16.0,https://github.com/etingof/pyasn1,BSD-2-Clause,2016-02-24 22:30:54.000,2026-07-09 04:45:27.645,118.0,60.0,243.0,31,True,pyasn1,conda-forge/pyasn1,,714125.0,711702.0,https://pypi.org/project/pyasn1,2026-07-09 01:12:32.000,2026-07-09 01:12:32.000,0.6.4,44.0,2423.0,396189908.0,396860955.0,https://anaconda.org/conda-forge/pyasn1,2026-07-09 04:45:27.645,24157717.0,,,,,2.0,,,,,,,,,,,,,,,,,,,,
102,python-fire,google/python-fire,Python Fire is a library for automatically generating command line interfaces (CLIs) from absolutely any Python object.,,cli-helpers,https://github.com/google/python-fire,67.0,https://github.com/google/python-fire,Apache-2.0,2017-02-21 21:35:07.000,2025-09-12 20:33:44.970,1455.0,153.0,27827.0,30,True,fire,conda-forge/fire,,57480.0,54513.0,https://pypi.org/project/fire,2025-08-16 20:20:22.000,2025-08-16 20:20:22.000,0.7.1,13.0,2967.0,16832185.0,16856757.0,https://anaconda.org/conda-forge/fire,2025-09-12 20:33:44.970,1670938.0,,,,,2.0,,,,,,,,,,,,,,,,,,,,
103,luigi,spotify/luigi,"Luigi is a Python module that helps you build complex pipelines of batch jobs. It handles dependency resolution,..",,data-pipelines,https://github.com/spotify/luigi,640.0,https://github.com/spotify/luigi,Apache-2.0,2012-09-20 15:06:38.000,2026-09-02 11:49:58.111,2460.0,164.0,18755.0,30,True,luigi,luigi,,3044.0,2864.0,https://pypi.org/project/luigi,2026-05-07 13:32:23.000,2026-07-30 11:29:08.000,3.8.1,89.0,177.0,981978.0,982195.0,https://anaconda.org/anaconda/luigi,2026-09-02 11:49:58.111,27563.0,,,,,2.0,,,stable/luigi,,,,,,,,,,,,,3.0,,,,
104,sqlmodel,tiangolo/sqlmodel,"SQLModel, SQL databases in Python, designed for simplicity, compatibility, and robustness.",,db-clients,https://github.com/fastapi/sqlmodel,115.0,,MIT,2021-08-27 18:23:42.453,2026-09-23 17:31:06.000,888.0,,18338.0,30,True,sqlmodel,conda-forge/sqlmodel,,35084.0,32956.0,https://pypi.org/project/sqlmodel,2026-09-23 17:31:06.000,2026-09-23 17:31:06.000,0.0.47,50.0,2128.0,23009366.0,23015348.0,https://anaconda.org/conda-forge/sqlmodel,2026-09-22 13:49:58.935,364942.0,,,,,2.0,['pydantic'],,,,,,,,,,,,,,,,,,,
105,sh,amoffat/sh,Python process launching.,,process-utils,https://github.com/amoffat/sh,112.0,https://github.com/amoffat/sh,MIT,2012-01-15 05:52:06.000,2026-07-25 21:44:41.000,506.0,2.0,7245.0,30,True,sh,conda-forge/sh,,19568.0,18703.0,https://pypi.org/project/sh,2026-07-25 21:44:41.000,2026-07-25 21:44:41.000,2.4.0,55.0,865.0,7256282.0,7263711.0,https://anaconda.org/conda-forge/sh,2026-06-06 22:32:21.088,527510.0,,,,,2.0,,,,,,,,,,,,,,,,,,,,
106,xmltodict,martinblech/xmltodict,Python module that makes working with XML feel like you are working with JSON.,,data-loading,https://github.com/martinblech/xmltodict,60.0,https://github.com/martinblech/xmltodict,MIT,2012-04-17 14:38:21.000,2026-02-22 14:25:14.045,469.0,1.0,5726.0,30,True,xmltodict,conda-forge/xmltodict,,93300.0,89380.0,https://pypi.org/project/xmltodict,2026-02-22 02:21:21.000,2026-02-22 02:21:21.000,1.0.4,39.0,3920.0,92452892.0,92599959.0,https://anaconda.org/conda-forge/xmltodict,2026-02-22 14:25:14.045,7647521.0,,,,,2.0,,,,,,,,,,,,,,,,,,,,
107,netmiko,ktbyers/netmiko,Multi-vendor library to simplify Paramiko SSH connections to network devices.,,infrastructure,https://github.com/ktbyers/netmiko,276.0,https://github.com/ktbyers/netmiko,MIT,2014-11-28 21:42:52.000,2026-09-21 22:46:51.000,1389.0,61.0,4291.0,30,True,netmiko,,,6009.0,5694.0,https://pypi.org/project/netmiko,2026-09-21 22:46:51.000,2026-09-21 22:46:51.000,4.8.0,48.0,315.0,890794.0,890794.0,,,,,,,,2.0,,,,,,,,,,,,,,,,,,,,
108,XlsxWriter,jmcnamara/XlsxWriter,A Python module for creating Excel XLSX files.,,file-formats,https://github.com/jmcnamara/XlsxWriter,58.0,https://github.com/jmcnamara/XlsxWriter,BSD-2-Clause,2013-01-04 01:07:06.000,2026-03-22 15:38:27.000,663.0,27.0,3934.0,30,True,xlsxwriter,conda-forge/xlsxwriter,,115384.0,114910.0,https://pypi.org/project/xlsxwriter,2025-09-16 00:16:20.000,2025-09-16 00:16:20.000,3.2.9,175.0,474.0,83294837.0,83365767.0,https://anaconda.org/conda-forge/xlsxwriter,2025-10-12 21:28:27.859,5390722.0,,,,,3.0,,,,,,,,,,,,,,,,,,,,
109,pycparser,eliben/pycparser,Complete C99 parser in pure Python.,,others,https://github.com/eliben/pycparser,97.0,https://github.com/eliben/pycparser,,2013-06-09 22:01:56.000,2026-09-11 13:18:22.000,648.0,30.0,3567.0,30,False,pycparser,conda-forge/pycparser,,1166779.0,1163637.0,https://pypi.org/project/pycparser,2026-01-21 14:26:50.000,,,24.0,3142.0,795914261.0,797066697.0,https://anaconda.org/conda-forge/pycparser,2026-05-20 16:46:20.199,86432718.0,,,,,2.0,,,,,,,,,,,,,,,,,,,,
110,aiofiles,Tinche/aiofiles,File support for asyncio.,,file-path-utils,https://github.com/Tinche/aiofiles,45.0,https://github.com/Tinche/aiofiles,Apache-2.0,2015-03-29 20:28:14.000,2026-01-01 18:02:19.764,166.0,56.0,3248.0,30,True,aiofiles,conda-forge/aiofiles,,262593.0,254867.0,https://pypi.org/project/aiofiles,2025-10-09 20:51:03.000,2025-10-09 20:51:03.000,25.1.0,17.0,7726.0,116284374.0,116324463.0,https://anaconda.org/conda-forge/aiofiles,2026-01-01 18:02:19.764,2846377.0,,,,,2.0,,,,,,,,,,,,,,,,,,,,
111,mysqlclient,PyMySQL/mysqlclient,MySQL/MariaDB connector for Python.,,db-clients,https://github.com/PyMySQL/mysqlclient,93.0,https://github.com/PyMySQL/mysqlclient,GPL-2.0,2014-04-28 05:09:06.000,2026-09-14 15:38:13.000,443.0,3.0,2538.0,30,True,mysqlclient,conda-forge/mysqlclient,,211445.0,210251.0,https://pypi.org/project/mysqlclient,2026-09-14 15:38:13.000,2026-09-14 15:38:13.000,2.3.0,45.0,1194.0,16169984.0,16183870.0,https://anaconda.org/conda-forge/mysqlclient,2026-03-03 16:43:52.172,1027629.0,,,,,2.0,,,,,,,,,,,,,,,,,,,,
112,xlrd,python-excel/xlrd,Please use openpyxl where you can...,,data-loading,https://github.com/python-excel/xlrd,53.0,https://github.com/python-excel/xlrd,BSD-3-Clause,2012-03-07 04:50:48.000,2025-08-26 01:03:05.873,437.0,3.0,2203.0,30,False,xlrd,conda-forge/xlrd,,258269.0,254760.0,https://pypi.org/project/xlrd,2025-06-14 08:46:37.000,2025-06-14 08:46:37.000,2.0.2,25.0,3509.0,65687924.0,65768953.0,https://anaconda.org/conda-forge/xlrd,2025-08-26 01:03:05.873,5996202.0,,,,,2.0,,,,,,,,,,,,,,,,,,,,
113,zarr,zarr-developers/zarr-python,"An implementation of chunked, compressed, N-dimensional arrays for Python.",,data-containers,https://github.com/zarr-developers/zarr-python,189.0,https://github.com/zarr-developers/zarr-python,MIT,2015-12-15 14:49:40.000,2026-09-18 08:21:32.185,451.0,527.0,2053.0,30,True,zarr,conda-forge/zarr,,11881.0,9147.0,https://pypi.org/project/zarr,2026-09-15 20:58:36.000,2026-09-15 20:58:36.000,3.4.0,121.0,2734.0,4632749.0,4722452.0,https://anaconda.org/conda-forge/zarr,2026-09-18 08:21:32.185,6638056.0,,,,,2.0,,,,,,,,,,,,,,,,,,,,
114,decorator,micheles/decorator,Decorators for Humans.,,others,https://github.com/micheles/decorator,33.0,https://github.com/micheles/decorator,BSD-2-Clause,2013-11-24 05:55:49.000,2026-05-18 14:40:59.043,116.0,6.0,906.0,30,True,decorator,conda-forge/decorator,,777874.0,775021.0,https://pypi.org/project/decorator,2026-05-18 06:03:26.000,2026-05-18 06:03:26.000,5.3.1,42.0,2853.0,140945200.0,141742680.0,https://anaconda.org/conda-forge/decorator,2026-05-18 14:40:59.043,51836257.0,,,,,2.0,,,,,,,,,,,,,,,,,,,,
115,kivy,kivy/kivy,"Open source UI framework written in Python, running on Windows, Linux, macOS, Android and iOS.",,gui-dev,https://github.com/kivy/kivy,642.0,https://github.com/kivy/kivy,MIT,2010-11-03 20:27:32.000,2026-03-29 21:34:21.210,3137.0,851.0,18598.0,29,True,kivy,conda-forge/kivy,,18198.0,17840.0,https://pypi.org/project/kivy,2024-12-26 16:13:26.000,2024-12-26 16:13:26.000,2.3.1,52.0,358.0,169556.0,179085.0,https://anaconda.org/conda-forge/kivy,2026-03-29 21:34:21.210,724232.0,,,,,1.0,,,,,,,,,,,,,,,,,,,,
116,Great Expectations,great-expectations/great_expectations,Always know what to expect from your data.,,data-pipelines,https://greatexpectations.io,498.0,,Apache-2.0,2020-05-21 12:22:47.871,2026-09-20 08:11:39.748,1851.0,,11797.0,29,True,great_expectations,conda-forge/great-expectations,,197.0,4.0,https://pypi.org/project/great_expectations,2026-09-18 15:05:11.000,2026-09-18 15:05:11.000,1.23.1,373.0,193.0,19337312.0,19359616.0,https://anaconda.org/conda-forge/great-expectations,2026-09-20 08:11:39.748,1695138.0,,,,,2.0,,,,,,,,,,,,,,,,,,,,
117,schedule,dbader/schedule,Python job scheduling for humans.,,infrastructure,https://github.com/dbader/schedule,60.0,https://github.com/dbader/schedule,MIT,2013-05-19 12:51:20.000,2025-04-22 14:57:18.289,958.0,159.0,11703.0,29,False,schedule,conda-forge/schedule,,60258.0,59553.0,https://pypi.org/project/schedule,2024-05-25 18:41:59.000,2024-05-25 18:41:59.000,1.2.2,27.0,705.0,5895685.0,5898116.0,https://anaconda.org/conda-forge/schedule,2025-04-22 14:57:18.289,165308.0,,,,,3.0,,,,,,,,,,,,,,,,,,,,
118,Kedro,kedro-org/kedro,Kedro is a toolbox for production-ready data science. It uses software engineering best practices to help you create..,,data-pipelines,https://github.com/kedro-org/kedro,297.0,https://github.com/kedro-org/kedro,Apache-2.0,2019-04-18 10:29:56.000,2026-09-09 09:14:49.000,1074.0,136.0,10990.0,29,True,kedro,,,3446.0,3280.0,https://pypi.org/project/kedro,2026-09-09 09:14:49.000,2026-09-09 09:14:49.000,1.6.0,74.0,166.0,1427424.0,1427424.0,,,,,,,,2.0,,,,,,,,,,,,,,,,,,,,
119,supervisor,Supervisor/supervisor,Supervisor process control system for Unix (supervisord).,,process-utils,https://github.com/Supervisor/supervisor,183.0,https://github.com/Supervisor/supervisor,Repoze Public License,2010-12-08 00:48:48.000,2026-02-27 16:21:02.213,1261.0,168.0,8915.0,29,True,supervisor,conda-forge/supervisor,,14243.0,14083.0,https://pypi.org/project/supervisor,2025-08-23 18:25:00.000,2025-08-23 18:25:00.000,4.3.0,52.0,160.0,7881779.0,7893326.0,https://anaconda.org/conda-forge/supervisor,2026-02-27 16:21:02.213,819868.0,,,,,3.0,,,,,,,,,,,,,,,,,,,,
120,docopt,docopt/docopt,Create *beautiful* command-line interfaces with Python.,,cli-helpers,https://github.com/docopt/docopt,34.0,https://github.com/docopt/docopt,MIT,2012-04-07 17:45:14.000,2025-06-23 09:03:15.000,563.0,265.0,7986.0,29,False,docopt,conda-forge/docopt,,152192.0,148825.0,https://pypi.org/project/docopt,2014-06-16 11:18:57.000,2014-06-16 11:18:57.000,0.6.2,11.0,3367.0,20303833.0,20442680.0,https://anaconda.org/conda-forge/docopt,2025-04-22 14:56:22.100,2915805.0,,,,,2.0,,,,,,,,,,,,,,,,,,,,
121,TinyDB,msiemens/tinydb,TinyDB is a lightweight document oriented database optimized for your happiness :).,,data-containers,https://github.com/msiemens/tinydb,102.0,https://github.com/msiemens/tinydb,MIT,2013-07-12 23:31:13.000,2026-08-06 15:03:43.000,623.0,10.0,7549.0,29,True,tinydb,conda-forge/tinydb,,17150.0,16244.0,https://pypi.org/project/tinydb,2026-08-06 15:03:43.000,2026-08-06 15:03:43.000,4.9.0,71.0,906.0,3331876.0,3346312.0,https://anaconda.org/conda-forge/tinydb,2025-04-22 14:56:24.330,1024959.0,,,,,2.0,,,,,,,,,,,,,,,,,,,,
122,boltons,mahmoud/boltons,"Like builtins, but boltons. 250+ constructs, recipes, and snippets which extend (and rely on nothing but) the Python..",,utilities,https://github.com/mahmoud/boltons,121.0,https://github.com/mahmoud/boltons,BSD-3-Clause,2013-02-20 06:17:12.000,2026-09-08 11:12:30.332,432.0,79.0,6920.0,29,True,boltons,conda-forge/boltons,,12777.0,12317.0,https://pypi.org/project/boltons,2026-09-07 10:48:16.000,2026-09-07 10:48:16.000,26.2.0,59.0,460.0,21561903.0,21799516.0,https://anaconda.org/conda-forge/boltons,2026-09-08 11:12:30.332,17821029.0,,,,,2.0,,,,,,,,,,,,,,,,,,,,
123,tortoise-orm,tortoise/tortoise-orm,"Familiar asyncio ORM for python, built with relations in mind.",,db-clients,https://github.com/tortoise/tortoise-orm,193.0,https://github.com/tortoise/tortoise-orm,Apache-2.0,2018-03-29 16:52:10.000,2026-09-22 13:50:39.017,499.0,539.0,5610.0,29,True,tortoise-orm,conda-forge/tortoise-orm,,11071.0,10677.0,https://pypi.org/project/tortoise-orm,2026-08-10 10:46:44.000,2026-08-10 10:46:44.000,1.1.8,182.0,394.0,459728.0,460915.0,https://anaconda.org/conda-forge/tortoise-orm,2026-09-22 13:50:39.017,74798.0,,,,,2.0,,,,,,,,,,,,,,,,,,,,
124,gdown,wkentaro/gdown,Google Drive public file downloader when curl/wget fails.,,data-loading,https://github.com/wkentaro/gdown,27.0,https://github.com/wkentaro/gdown,MIT,2015-10-17 03:01:23.000,2026-09-20 08:07:49.429,430.0,,5430.0,29,True,gdown,conda-forge/gdown,,61618.0,60065.0,https://pypi.org/project/gdown,2026-09-17 09:16:27.000,2026-09-17 09:16:27.000,6.4.0,100.0,1553.0,2990826.0,2998610.0,https://anaconda.org/conda-forge/gdown,2026-09-20 08:07:49.429,583849.0,,,,,2.0,,,,,,,,,,,,,,,,,,,,
125,python-dependency-injector,ets-labs/python-dependency-injector,Dependency injection framework for Python.,,utilities,https://github.com/ets-labs/python-dependency-injector,49.0,https://github.com/ets-labs/python-dependency-injector,BSD-3-Clause,2015-01-04 13:23:05.000,2026-09-13 12:33:24.284,347.0,209.0,4882.0,29,True,dependency-injector,conda-forge/dependency_injector,,6415.0,5991.0,https://pypi.org/project/dependency-injector,2026-06-18 17:50:58.000,2026-06-18 17:50:58.000,4.49.1,303.0,424.0,7742796.0,7745379.0,https://anaconda.org/conda-forge/dependency_injector,2026-09-13 12:33:24.284,155017.0,,,,,2.0,,,,,,,,,,,,,,,,,,,,
126,MongoEngine,MongoEngine/mongoengine,A Python Object-Document-Mapper for working with MongoDB.,,db-clients,https://github.com/MongoEngine/mongoengine,405.0,https://github.com/MongoEngine/mongoengine,MIT,2012-03-05 12:10:20.000,2026-03-10 19:06:13.810,1232.0,347.0,4349.0,29,True,mongoengine,conda-forge/mongoengine,,28545.0,28091.0,https://pypi.org/project/mongoengine,2026-03-10 15:19:16.000,2026-03-10 15:19:16.000,0.29.3,79.0,454.0,1669586.0,1679930.0,https://anaconda.org/conda-forge/mongoengine,2026-03-10 19:06:13.810,734472.0,,,,,2.0,,,,,,,,,,,,,,,,,,,,
127,AWS Data Wrangler,awslabs/aws-data-wrangler,Pandas on AWS.,,db-clients,https://aws-sdk-pandas.readthedocs.io/,183.0,,Apache-2.0,2020-05-20 12:37:42.777,2026-08-04 10:06:25.744,738.0,,4116.0,29,True,awswrangler,conda-forge/awswrangler,,2738.0,2588.0,https://pypi.org/project/awswrangler,2026-08-03 11:57:34.000,2026-08-03 11:57:34.000,3.17.1,167.0,150.0,84052929.0,84065259.0,https://anaconda.org/conda-forge/awswrangler,2026-08-04 10:06:25.744,937102.0,,,,,2.0,['pandas'],,,,,,,,,,,,,,,,,,,
128,phonenumbers,daviddrysdale/python-phonenumbers,Python port of Googles libphonenumber.,,text,https://github.com/daviddrysdale/python-phonenumbers,35.0,https://github.com/daviddrysdale/python-phonenumbers,Apache-2.0,2011-04-21 03:06:38.000,2026-09-24 06:59:00.000,444.0,11.0,3774.0,29,True,phonenumbers,conda-forge/phonenumbers,,1020.0,,https://pypi.org/project/phonenumbers,2026-09-24 06:59:00.000,2026-09-24 06:59:00.000,9.0.40,304.0,1020.0,33804517.0,33845282.0,https://anaconda.org/conda-forge/phonenumbers,2026-09-10 16:36:26.613,2609009.0,,,,,2.0,,,,,,,,,,,,,,,,,,,,
129,xlwings,xlwings/xlwings,xlwings is a Python library that makes it easy to call Python from Excel and vice versa. It works with Excel on..,,data-loading,https://github.com/xlwings/xlwings,69.0,https://github.com/xlwings/xlwings,BSD-3-Clause,2014-03-17 13:03:20.000,2026-09-16 14:33:35.000,536.0,396.0,3404.0,29,True,xlwings,conda-forge/xlwings,,34609.0,34298.0,https://pypi.org/project/xlwings,2026-09-16 14:33:35.000,2026-09-16 14:33:35.000,0.37.4,226.0,311.0,628439.0,656479.0,https://anaconda.org/conda-forge/xlwings,2026-09-01 20:57:51.210,2131075.0,,,,,2.0,,,,,,,,,,,,,,,,,,,,
130,cerberus,pyeve/cerberus,"Lightweight, extensible data validation library for Python.",,data-validation,https://github.com/pyeve/cerberus,67.0,https://github.com/pyeve/cerberus,ISC,2012-10-10 10:03:49.000,2026-07-17 15:18:12.676,240.0,14.0,3268.0,29,True,cerberus,conda-forge/cerberus,,19241.0,18474.0,https://pypi.org/project/cerberus,2025-11-06 18:29:38.000,2025-11-06 18:29:38.000,1.3.8,30.0,767.0,5013301.0,5028999.0,https://anaconda.org/conda-forge/cerberus,2026-07-17 15:18:12.676,894828.0,,,,,2.0,,,,,,,,,,,,,,,,,,,,
131,pyodbc,mkleehammer/pyodbc,Python ODBC bridge.,,db-clients,https://github.com/mkleehammer/pyodbc,64.0,https://github.com/mkleehammer/pyodbc,MIT-0,2008-10-03 15:19:37.000,2026-09-12 19:50:22.105,570.0,56.0,3082.0,29,False,pyodbc,conda-forge/pyodbc,,76447.0,74929.0,https://pypi.org/project/pyodbc,2025-10-17 18:02:58.000,2025-10-17 18:02:58.000,5.3.0,66.0,1518.0,27166045.0,27202322.0,https://anaconda.org/conda-forge/pyodbc,2026-09-12 19:50:22.105,2575737.0,,,,,2.0,,,,,,,,,,,,,,,,,,,,
132,plumbum,tomerfiliba/plumbum,Plumbum: Shell Combinators.,,infrastructure,https://github.com/tomerfiliba/plumbum,128.0,https://github.com/tomerfiliba/plumbum,MIT,2012-04-27 08:51:34.000,2026-07-23 04:52:55.777,205.0,137.0,3054.0,29,True,plumbum,conda-forge/plumbum,,10113.0,9721.0,https://pypi.org/project/plumbum,2026-07-22 04:13:10.000,2026-07-22 04:13:10.000,2.0.2,34.0,392.0,4544042.0,4568006.0,https://anaconda.org/conda-forge/plumbum,2026-07-23 04:52:55.777,1605590.0,,,,,3.0,,,,,,,,,,,,,,,,,,,,
133,schema,keleshev/schema,Schema validation just got Pythonic.,,data-validation,https://github.com/keleshev/schema,75.0,https://github.com/keleshev/schema,MIT,2012-08-19 18:56:20.000,2026-07-20 18:42:51.707,223.0,103.0,2944.0,29,True,schema,conda-forge/schema,,17758.0,16867.0,https://pypi.org/project/schema,2025-10-11 13:15:40.000,2025-10-11 13:15:40.000,0.7.8,28.0,891.0,19988829.0,19998826.0,https://anaconda.org/conda-forge/schema,2026-07-20 18:42:51.707,739803.0,,,,,2.0,,,,,,,,,,,,,,,,,,,,
134,PyPika,kayak/pypika,PyPika is a python SQL query builder that exposes the full richness of the SQL language using a syntax that reflects..,,db-clients,https://github.com/kayak/pypika,119.0,https://github.com/kayak/pypika,Apache-2.0,2016-07-06 14:08:50.000,2026-09-18 17:02:35.859,330.0,230.0,2905.0,29,True,pypika,conda-forge/pypika,,47852.0,47620.0,https://pypi.org/project/pypika,2026-02-04 11:27:46.000,2026-02-04 11:27:46.000,0.51.1,217.0,232.0,8449280.0,8451310.0,https://anaconda.org/conda-forge/pypika,2026-09-18 17:02:35.859,119787.0,,,,,2.0,,,,,,,,,,,,,,,,,,,,
135,python-dateutil,dateutil/dateutil,Useful extensions to the standard Python datetime features.,,date-time-utils,https://github.com/dateutil/dateutil,133.0,https://github.com/dateutil/dateutil,Apache-2.0,2014-11-19 18:56:16.000,2026-03-03 05:40:58.000,540.0,433.0,2609.0,29,True,python-dateutil,conda-forge/python-dateutil,,11585.0,,https://pypi.org/project/python-dateutil,2024-03-01 18:36:18.000,2024-03-01 03:52:51.000,2.9.0,34.0,11585.0,871802374.0,873609375.0,https://anaconda.org/conda-forge/python-dateutil,2025-06-28 09:49:03.395,112034083.0,,,,,3.0,,,,,,,,,,,,,,,,,,,,
136,deepdiff,seperman/deepdiff,Deep Difference and Search of any Python object/data. Recreate objects by adding adding deltas to each other.,,inspect,https://zepworks.com/deepdiff/,106.0,,MIT,2020-06-23 16:10:42.151,2026-05-16 14:18:08.306,268.0,,2504.0,29,True,deepdiff,conda-forge/deepdiff,,23605.0,22126.0,https://pypi.org/project/deepdiff,2026-05-15 20:18:03.000,2026-05-15 20:18:03.000,9.1.0,93.0,1479.0,52663504.0,52676907.0,https://anaconda.org/conda-forge/deepdiff,2026-05-16 14:18:08.306,1005242.0,,,,,1.0,,,,,,,,,,,,,,,,,,,,
137,Motor,mongodb/motor,Motor - the async Python driver for MongoDB and Tornado or asyncio.,,db-clients,https://github.com/mongodb/motor,65.0,https://github.com/mongodb/motor,Apache-2.0,2013-01-11 21:34:44.000,2025-07-30 19:55:54.000,211.0,1.0,2502.0,29,False,motor,conda-forge/motor,,130452.0,129698.0,https://pypi.org/project/motor,2025-05-14 18:56:31.000,2025-05-14 18:56:31.000,3.7.1,58.0,754.0,7724807.0,7726875.0,https://anaconda.org/conda-forge/motor,2025-05-15 13:30:49.535,146862.0,,,,,2.0,,,,,,,,,,,,,,,,,,,,
138,msgpack,msgpack/msgpack-python,MessagePack serializer implementation for Python msgpack.org[Python].,,serialization,https://github.com/msgpack/msgpack-python,97.0,https://github.com/msgpack/msgpack-python,,2011-08-21 08:24:41.000,2026-09-04 12:35:54.586,256.0,9.0,2101.0,29,False,msgpack,conda-forge/msgpack-python,,4432.0,,https://pypi.org/project/msgpack,2026-08-27 10:01:34.000,2026-08-27 10:01:34.000,1.2.2,34.0,4432.0,183512608.0,184123752.0,https://anaconda.org/conda-forge/msgpack-python,2026-09-04 12:35:54.586,43391273.0,,,,,3.0,,,,,,,,,,,,,,,,,,,,
139,voluptuous,alecthomas/voluptuous,"CONTRIBUTIONS ONLY: Voluptuous, despite the name, is a Python data validation library.",,data-validation,https://github.com/alecthomas/voluptuous,107.0,https://github.com/alecthomas/voluptuous,BSD-3-Clause,2010-07-15 09:55:10.000,2026-09-06 14:15:52.045,220.0,41.0,1849.0,29,True,voluptuous,conda-forge/voluptuous,,22204.0,21585.0,https://pypi.org/project/voluptuous,2025-12-18 23:18:44.000,2025-12-18 23:18:44.000,0.16.0,53.0,619.0,5899955.0,5914433.0,https://anaconda.org/conda-forge/voluptuous,2026-09-06 14:15:52.045,1013480.0,,,,,2.0,,,,,,,,,,,,,,,,,,,,
140,humanize,jmoiron/humanize,python humanize functions.,,text,https://github.com/jmoiron/humanize,62.0,https://github.com/jmoiron/humanize,MIT,2011-10-07 23:44:01.000,2026-07-01 11:45:34.841,149.0,,1680.0,29,True,humanize,conda-forge/humanize,,1941.0,,https://pypi.org/project/humanize,2026-06-30 16:17:28.000,2026-06-30 16:17:28.000,4.16.0,58.0,1941.0,46354068.0,46376402.0,https://anaconda.org/conda-forge/humanize,2026-07-01 11:45:34.841,1675111.0,,,,,2.0,,,,,,,,,,,,,,,,,,,,
141,bidict,jab/bidict,The bidirectional mapping library for Python.,,data-structures,https://github.com/jab/bidict,26.0,https://github.com/jab/bidict,MPL-2.0,2014-09-23 14:00:27.000,2026-08-26 11:13:53.077,69.0,2.0,1584.0,29,True,bidict,conda-forge/bidict,,46363.0,45669.0,https://pypi.org/project/bidict,2026-08-25 23:45:51.000,2026-08-25 23:45:51.000,0.24.1,45.0,694.0,23254016.0,23267129.0,https://anaconda.org/conda-forge/bidict,2026-08-26 11:13:53.077,970409.0,,,,,1.0,,,,,,,,,,,,,,,,,,,,
142,Cassandra Driver,datastax/python-driver,Apache Cassandra Python Driver.,,db-clients,https://github.com/apache/cassandra-python-driver/,217.0,,Apache-2.0,2020-08-11 00:16:00.446,2026-07-11 16:20:44.630,581.0,,1427.0,29,True,cassandra-driver,conda-forge/cassandra-driver,,11206.0,10873.0,https://pypi.org/project/cassandra-driver,2026-07-06 20:12:57.000,2026-07-06 20:12:57.000,3.30.1,81.0,333.0,3701386.0,3711093.0,https://anaconda.org/conda-forge/cassandra-driver,2026-07-11 16:20:44.630,708671.0,,,,,2.0,,,,,,,,,,,,,,,,,,,,
143,jsonpickle,jsonpickle/jsonpickle,Python library for serializing any arbitrary object graph into JSON. It can take almost any Python object and turn the..,,serialization,https://github.com/jsonpickle/jsonpickle,90.0,https://github.com/jsonpickle/jsonpickle,BSD-3-Clause,2009-12-10 03:59:23.000,2026-05-28 12:16:36.210,179.0,30.0,1318.0,29,True,jsonpickle,conda-forge/jsonpickle,,52355.0,50747.0,https://pypi.org/project/jsonpickle,2026-05-28 04:06:32.000,2026-05-28 03:50:10.000,4.1.2,61.0,1608.0,14224363.0,14262749.0,https://anaconda.org/conda-forge/jsonpickle,2026-05-28 12:16:36.210,2495099.0,,,,,3.0,,,,,,,,,,,,,,,,,,,,
144,fastcore,fastai/fastcore,Python supercharged for fastai development.,,others,http://fastcore.fast.ai,84.0,,Apache-2.0,2021-12-30 08:08:43.937,2026-09-23 11:16:19.862,295.0,,1105.0,29,True,fastcore,conda-forge/fastcore,,14804.0,13518.0,https://pypi.org/project/fastcore,2026-09-21 10:27:56.000,2026-09-21 10:27:56.000,2.2.30,365.0,1286.0,41871410.0,41878333.0,https://anaconda.org/conda-forge/fastcore,2026-09-23 11:16:19.862,394647.0,,,,,2.0,,,,,,,,,,,,,,,,,,,,
145,ptyprocess,pexpect/ptyprocess,Run a subprocess in a pseudo terminal.,,process-utils,https://github.com/pexpect/ptyprocess,22.0,https://github.com/pexpect/ptyprocess,ISC,2014-10-02 16:52:41.000,2025-07-17 11:34:46.000,69.0,20.0,230.0,29,False,ptyprocess,conda-forge/ptyprocess,,482362.0,481591.0,https://pypi.org/project/ptyprocess,2020-12-28 15:15:28.000,2020-12-28 15:15:28.000,0.7.0,10.0,771.0,123006727.0,123584940.0,https://anaconda.org/conda-forge/ptyprocess,2025-04-22 14:56:22.021,39896747.0,,,,,3.0,,,,,,,,,,,,,,,,,,,,
146,tzlocal,regebro/tzlocal,A Python module that tries to figure out what your local timezone is.,,date-time-utils,https://github.com/regebro/tzlocal,31.0,https://github.com/regebro/tzlocal,MIT,2012-09-11 12:34:21.000,2026-06-29 19:01:13.551,64.0,1.0,219.0,29,True,tzlocal,conda-forge/tzlocal,,228212.0,225788.0,https://pypi.org/project/tzlocal,2026-06-29 08:03:38.000,2026-06-29 08:03:38.000,5.4.4,54.0,2424.0,155419710.0,155544056.0,https://anaconda.org/conda-forge/tzlocal,2026-06-29 19:01:13.551,7585154.0,,,,,3.0,,,,,,,,,,,,,,,,,,,,
147,diagrams,mingrammer/diagrams,Diagram as Code for prototyping cloud system architectures.,,others,https://github.com/mingrammer/diagrams,182.0,https://github.com/mingrammer/diagrams,MIT,2020-02-02 15:23:24.000,2026-05-19 13:17:20.000,2724.0,390.0,42281.0,28,True,diagrams,conda-forge/diagrams,,2678.0,2538.0,https://pypi.org/project/diagrams,2025-11-22 02:27:15.000,2025-11-22 02:27:15.000,0.25.1,51.0,140.0,1043320.0,1048288.0,https://anaconda.org/conda-forge/diagrams,2025-11-24 15:46:24.848,377602.0,,,,,2.0,,,,,,,,,,,,,,,,,,,,
148,docker-compose,docker/compose,Define and run multi-container applications with Docker.,,infrastructure,https://github.com/docker/compose,670.0,https://github.com/docker/compose,Apache-2.0,2013-12-09 11:40:58.000,2026-09-18 14:21:57.000,5826.0,107.0,38202.0,28,True,docker-compose,conda-forge/docker-compose,,527.0,279.0,https://pypi.org/project/docker-compose,2021-05-10 11:22:10.000,2021-05-10 11:22:10.000,1.29.2,144.0,248.0,692354.0,704805.0,https://anaconda.org/conda-forge/docker-compose,2026-09-03 18:22:08.892,933889.0,,,,,3.0,,,,,,,,,,,,,,,,,,,,
149,fabric,fabric/fabric,"Simple, Pythonic remote execution and deployment.",,infrastructure,https://github.com/fabric/fabric,136.0,https://github.com/fabric/fabric,BSD-2-Clause,2009-05-01 01:14:24.000,2026-04-10 13:53:02.000,1965.0,500.0,15419.0,28,True,fabric,conda-forge/fabric,,476.0,24.0,https://pypi.org/project/fabric,2026-04-06 00:00:10.000,2026-04-06 00:00:10.000,3.2.3,131.0,452.0,7422844.0,7433152.0,https://anaconda.org/conda-forge/fabric,2026-04-06 06:36:31.669,700997.0,,,,,3.0,,,,,,,,,,,,,,,,,,,,
150,dbt,dbt-labs/dbt-core,Build analytics the way engineers build applications.,,data-pipelines,https://getdbt.com,452.0,,Apache-2.0,2016-11-11 00:05:27.123,2026-09-19 13:22:27.000,2570.0,,13870.0,28,True,dbt,conda-forge/dbt,,1303.0,1267.0,https://pypi.org/project/dbt,2026-09-19 13:22:27.000,2026-09-17 22:42:09.000,2.0.5,357.0,36.0,132962.0,140273.0,https://anaconda.org/conda-forge/dbt,2025-04-22 14:56:29.479,862737.0,,,,,2.0,,,,,,,,,,,,,,,,,dbt,,,
151,pendulum,sdispater/pendulum,Python datetimes made easy.,,date-time-utils,https://pendulum.eustace.io,136.0,,MIT,2020-07-13 13:46:20.813,2026-01-31 13:51:27.647,415.0,,6613.0,28,True,pendulum,conda-forge/pendulum,,42326.0,40744.0,https://pypi.org/project/pendulum,2026-01-30 11:20:36.000,2026-01-30 11:20:36.000,3.2.0,57.0,1582.0,51704996.0,51737777.0,https://anaconda.org/conda-forge/pendulum,2026-01-31 13:51:27.647,2425826.0,,,,,3.0,,,,,,,,,,,,,,,,,,,,
152,Ibis,ibis-project/ibis,the portable Python dataframe library.,,db-clients,https://github.com/ibis-project/ibis,520.0,https://github.com/ibis-project/ibis,Apache-2.0,2015-04-17 20:43:46.000,2026-06-01 13:41:59.261,722.0,499.0,6544.0,28,True,ibis-framework,conda-forge/ibis-framework,,5515.0,5383.0,https://pypi.org/project/ibis-framework,2026-02-07 14:31:10.000,2026-02-07 14:31:10.000,12.0.0,181.0,132.0,3507036.0,3521962.0,https://anaconda.org/conda-forge/ibis-framework,2026-06-01 13:41:59.261,1119515.0,,,,,3.0,,,,,,,,,,,,,,,,,,,,
153,toolz,pytoolz/toolz,A functional standard library for Python.,,utilities,https://github.com/pytoolz/toolz,86.0,https://github.com/pytoolz/toolz,,2013-09-13 02:18:43.000,2025-12-01 20:21:45.000,270.0,122.0,5086.0,28,False,toolz,conda-forge/toolz,,212348.0,210658.0,https://pypi.org/project/toolz,2025-10-17 04:03:20.000,2025-10-17 04:03:20.000,1.1.0,31.0,1690.0,52174138.0,52659792.0,https://anaconda.org/conda-forge/toolz,2025-10-17 13:30:58.070,34967117.0,,,,,2.0,,,,,,,,,,,,,,,,,,,,
154,python-sortedcontainers,grantjenks/python-sortedcontainers,"Python Sorted Container Types: Sorted List, Sorted Dict, and Sorted Set.",,data-structures,https://github.com/grantjenks/python-sortedcontainers,24.0,https://github.com/grantjenks/python-sortedcontainers,Apache-2.0,2014-02-24 17:44:20.000,2025-04-22 14:56:25.064,223.0,35.0,3905.0,28,False,sortedcontainers,conda-forge/sortedcontainers,,1257.0,,https://pypi.org/project/sortedcontainers,2021-05-16 22:03:41.000,2021-05-16 22:03:41.000,2.4.0,40.0,1257.0,199819158.0,200228664.0,https://anaconda.org/conda-forge/sortedcontainers,2025-04-22 14:56:25.064,30712957.0,,,,,2.0,,,,,,,,,,,,,,,,,,,,
155,Pony,ponyorm/pony,Pony Object Relational Mapper.,,db-clients,https://github.com/ponyorm/pony,34.0,https://github.com/ponyorm/pony,Apache-2.0,2013-02-08 04:56:00.000,2026-08-10 02:45:48.843,256.0,359.0,3824.0,28,True,pony,conda-forge/pony,,4875.0,4684.0,https://pypi.org/project/pony,2026-08-09 12:42:18.000,2026-08-09 12:42:18.000,0.7.20,55.0,191.0,473068.0,477357.0,https://anaconda.org/conda-forge/pony,2026-08-10 02:45:48.843,300280.0,,,,,3.0,,,,,,,,,,,,,,,,,,,,
156,funcy,Suor/funcy,A fancy and practical functional tools.,,utilities,https://github.com/Suor/funcy,42.0,https://github.com/Suor/funcy,BSD-3-Clause,2012-10-13 00:44:57.000,2026-09-10 11:37:03.198,159.0,11.0,3510.0,28,True,funcy,conda-forge/funcy,,16392.0,15940.0,https://pypi.org/project/funcy,2026-09-10 07:11:53.000,2018-06-30 04:16:20.000,1.10.3,52.0,452.0,6244955.0,6260519.0,https://anaconda.org/conda-forge/funcy,2026-09-10 11:37:03.198,1120616.0,,,,,2.0,,,,,,,,,,,,,,,,,,,,
157,docarray,jina-ai/docarray,"Represent, send, store and search multimodal data.",,data-containers,https://github.com/docarray/docarray,81.0,https://github.com/docarray/docarray,Apache-2.0,2021-12-14 15:26:24.000,2026-03-27 16:19:09.000,244.0,68.0,3124.0,28,False,docarray,conda-forge/docarray,,82.0,,https://pypi.org/project/docarray,2025-03-21 08:34:42.000,2025-03-21 08:41:24.000,0.40.1,741.0,82.0,128653.0,133985.0,https://anaconda.org/conda-forge/docarray,2025-04-22 14:58:08.417,298607.0,,,,,2.0,,,,,,,,,2025-03-21 08:34:45,1467.0,46.0,1280.0,573.0,docarray/docarray,,,,,,
158,datasketch,ekzhu/datasketch,"MinHash, LSH, LSH Forest, Weighted MinHash, HyperLogLog, HyperLogLog++, LSH Ensemble and HNSW.",,data-containers,https://github.com/ekzhu/datasketch,39.0,https://github.com/ekzhu/datasketch,MIT,2015-03-20 01:21:46.000,2026-07-05 06:36:29.000,317.0,54.0,2940.0,28,True,datasketch,,,2881.0,2661.0,https://pypi.org/project/datasketch,2026-07-05 06:36:29.000,2026-07-05 06:36:29.000,2.0.0,92.0,220.0,3726153.0,3726153.0,,,,,,,,2.0,,,,,,,,,,,,,,,,,,,,
159,jmespath,jmespath/jmespath.py,JMESPath is a query language for JSON.,,file-formats,https://github.com/jmespath/jmespath.py,32.0,https://github.com/jmespath/jmespath.py,MIT,2013-02-19 22:16:36.000,2026-02-03 03:11:58.000,193.0,60.0,2411.0,28,True,jmespath,conda-forge/jmespath,,2002.0,,https://pypi.org/project/jmespath,2026-01-22 16:35:24.000,2026-01-22 16:35:24.000,1.1.0,27.0,2002.0,498750759.0,499417056.0,https://anaconda.org/conda-forge/jmespath,2026-01-23 09:50:19.103,35980086.0,,,,,3.0,,,,,,,,,,,,,,,,,,,,
160,keyring,jaraco/keyring,Store and access your passwords safely.,,cryptography,https://github.com/jaraco/keyring,130.0,https://github.com/jaraco/keyring,,2015-02-24 14:10:21.000,2025-11-16 19:29:59.624,175.0,82.0,1388.0,28,False,keyring,conda-forge/keyring,,171820.0,167681.0,https://pypi.org/project/keyring,2025-11-16 16:26:08.000,2025-11-16 16:26:08.000,25.7.0,204.0,4139.0,143424978.0,143698513.0,https://anaconda.org/conda-forge/keyring,2025-11-16 19:29:59.624,20241610.0,,,,,3.0,,,,,,,,,,,,,,,,,,,,
161,petl,petl-developers/petl,Python Extract Transform and Load Tables of Data.,,data-pipelines,https://github.com/petl-developers/petl,77.0,https://github.com/petl-developers/petl,MIT,2011-08-19 09:51:03.000,2026-09-22 20:15:38.939,211.0,83.0,1317.0,28,True,petl,conda-forge/petl,,4427.0,4370.0,https://pypi.org/project/petl,2026-09-21 20:55:22.000,2026-09-21 20:55:22.000,1.7.26,101.0,57.0,729398.0,736649.0,https://anaconda.org/conda-forge/petl,2026-09-22 20:15:38.939,543846.0,,,,,2.0,,,,,,,,,,,,,,,,,,http://petl.readthedocs.org,,
162,py4j,bartdag/py4j,Enables Python programs to dynamically access arbitrary Java objects.,,others,https://www.py4j.org/,45.0,,BSD-3-Clause,2021-10-18 08:52:06.652,2025-04-22 14:56:26.456,231.0,,1287.0,28,False,py4j,conda-forge/py4j,,56000.0,55663.0,https://pypi.org/project/py4j,2025-01-15 03:53:15.000,2020-01-25 14:40:31.000,0.10.9,34.0,337.0,66634642.0,66892001.0,https://anaconda.org/conda-forge/py4j,2025-04-22 14:56:26.456,15184223.0,,,,,2.0,,,,,,,,,,,,,,,,,,,,
163,Bottleneck,pydata/bottleneck,Fast NumPy array functions written in C.,,data-containers,https://github.com/pydata/bottleneck,43.0,https://github.com/pydata/bottleneck,BSD-2-Clause,2010-11-27 23:21:22.000,2026-09-11 11:32:07.469,115.0,63.0,1181.0,28,True,Bottleneck,conda-forge/bottleneck,,60935.0,60155.0,https://pypi.org/project/Bottleneck,2026-07-25 16:29:36.000,2025-09-08 16:29:35.000,1.6.0,54.0,780.0,7465517.0,7574334.0,https://anaconda.org/conda-forge/bottleneck,2026-09-11 11:32:07.469,7726056.0,,,,,2.0,,,,,,,,,,,,,,,,,,,,
164,validators,kvesteri/validators,Python Data Validation for Humans.,,data-validation,https://python-validators.github.io/validators,64.0,,MIT,2020-07-16 11:30:58.403,2025-05-03 10:14:30.474,189.0,,1120.0,28,False,validators,conda-forge/validators,,160280.0,152712.0,https://pypi.org/project/validators,2025-05-01 05:42:04.000,2025-05-01 05:42:04.000,0.35.0,60.0,7568.0,22532113.0,22554069.0,https://anaconda.org/conda-forge/validators,2025-05-03 10:14:30.474,1624790.0,,,,,2.0,,,,,,,,,,,,,,,,,,,,
165,pyahocorasick,WojciechMula/pyahocorasick,Python module (C extension and plain python) implementing Aho-Corasick algorithm.,,text,https://github.com/WojciechMula/pyahocorasick,33.0,https://github.com/WojciechMula/pyahocorasick,BSD-3-Clause,2013-05-30 19:55:46.000,2026-09-05 16:05:07.324,142.0,32.0,1099.0,28,True,pyahocorasick,conda-forge/pyahocorasick,,4705.0,4437.0,https://pypi.org/project/pyahocorasick,2026-04-27 16:30:25.000,2026-04-27 16:30:25.000,2.3.1,33.0,268.0,5945507.0,5954123.0,https://anaconda.org/conda-forge/pyahocorasick,2026-09-05 16:05:07.324,611799.0,,,,,3.0,,,,,,,,,,,,,,,,,,,,
166,appdirs,ActiveState/appdirs,"A small Python module for determining appropriate platform-specific dirs, e.g. a user data dir.",,file-path-utils,https://github.com/ActiveState/appdirs,34.0,https://github.com/ActiveState/appdirs,MIT,2010-07-28 04:07:00.000,2025-04-22 14:56:20.880,98.0,48.0,1067.0,28,False,appdirs,conda-forge/appdirs,,343209.0,338719.0,https://pypi.org/project/appdirs,2020-05-11 07:59:49.000,2020-05-11 07:59:49.000,1.4.4,8.0,4490.0,25199271.0,25455219.0,https://anaconda.org/conda-forge/appdirs,2025-04-22 14:56:20.880,18172357.0,,,,,3.0,,,,,,,,,,,,,,,,,,,,
167,ConfigArgParse,bw2/ConfigArgParse,Drop-in replacement for argparse with added support for config files and environment variables.,,cli-helpers,https://github.com/bw2/ConfigArgParse,58.0,https://github.com/bw2/ConfigArgParse,MIT,2014-06-25 00:27:02.000,2026-09-14 23:38:46.000,120.0,,758.0,28,True,configargparse,conda-forge/configargparse,,26839.0,26019.0,https://pypi.org/project/configargparse,2026-09-06 20:58:05.000,2026-09-06 20:58:05.000,1.7.7,35.0,820.0,16710113.0,16744049.0,https://anaconda.org/conda-forge/configargparse,2026-09-07 14:04:27.354,2273752.0,,,,,3.0,,,,,,,,,,,,,,,,,,,,
168,rsa,sybrenstuvel/python-rsa,Python-RSA is a pure-Python RSA implementation.,,cryptography,https://github.com/sybrenstuvel/python-rsa,43.0,https://github.com/sybrenstuvel/python-rsa,Apache-2.0,2016-01-21 12:53:34.000,2025-04-22 14:56:25.103,123.0,28.0,495.0,28,False,rsa,conda-forge/rsa,,1913.0,,https://pypi.org/project/rsa,2025-04-16 09:51:17.000,2025-04-16 09:51:17.000,4.9.1,37.0,1913.0,189855137.0,190141261.0,https://anaconda.org/conda-forge/rsa,2025-04-22 14:56:25.103,21459358.0,,,,,3.0,,,,,,,,,2025-04-16 09:43:43,604.0,1.0,123.0,107.0,,,,,,,
169,multidict,aio-libs/multidict,The multidict implementation.,,data-structures,https://github.com/aio-libs/multidict,76.0,https://github.com/aio-libs/multidict,Apache-2.0,2016-02-06 14:52:32.000,2026-09-21 17:54:14.000,130.0,20.0,493.0,28,True,multidict,conda-forge/multidict,,2319.0,,https://pypi.org/project/multidict,2026-09-21 17:54:14.000,2026-09-21 17:54:14.000,6.9.1,154.0,2319.0,453005999.0,453421631.0,https://anaconda.org/conda-forge/multidict,2026-02-20 18:22:52.542,29509942.0,,,,,2.0,,,,,,,,,,,,,,,,,,,,
170,asn1crypto,wbond/asn1crypto,Python ASN.1 library with a focus on performance and a pythonic API.,,cryptography,https://github.com/wbond/asn1crypto,40.0,https://github.com/wbond/asn1crypto,MIT,2015-06-03 18:51:56.000,2025-04-22 14:56:37.840,140.0,52.0,335.0,28,False,asn1crypto,conda-forge/asn1crypto,,128048.0,127448.0,https://pypi.org/project/asn1crypto,2022-03-15 14:46:51.000,2022-03-15 14:46:51.000,1.5.1,33.0,600.0,131474583.0,131617810.0,https://anaconda.org/conda-forge/asn1crypto,2025-04-22 14:56:37.840,10598857.0,,,,,3.0,,,,,,,,,,,,,,,,,,,,
171,isodate,gweis/isodate,ISO 8601 date/time parser.,,date-time-utils,https://github.com/gweis/isodate,24.0,https://github.com/gweis/isodate,BSD-3-Clause,2012-10-29 23:32:06.000,2025-04-22 14:56:20.901,60.0,27.0,168.0,28,False,isodate,conda-forge/isodate,,128779.0,127908.0,https://pypi.org/project/isodate,2024-10-08 23:04:09.000,2024-10-08 23:04:09.000,0.7.2,19.0,871.0,172607419.0,172797376.0,https://anaconda.org/conda-forge/isodate,2025-04-22 14:56:20.901,10827583.0,,,,,3.0,,,,,,,,,,,,,,,,,,,,
172,zipp,jaraco/zipp,Backport of pathlib-compatible object wrapper for zip files.,,file-path-utils,https://github.com/jaraco/zipp,35.0,https://github.com/jaraco/zipp,,2018-11-15 21:24:48.000,2026-05-19 18:13:53.000,67.0,12.0,67.0,28,False,zipp,conda-forge/zipp,,918437.0,915050.0,https://pypi.org/project/zipp,2026-05-18 20:08:57.000,2026-05-18 20:08:57.000,4.1.0,64.0,3387.0,361089220.0,362325370.0,https://anaconda.org/conda-forge/zipp,2026-05-19 03:06:07.565,89002828.0,,,,,3.0,,,,,,,,,,,,,,,,,,,,
173,DearPyGui,hoffstadt/DearPyGui,Dear PyGui: A fast and powerful Graphical User Interface Toolkit for Python with minimal dependencies.,,gui-dev,https://github.com/hoffstadt/DearPyGui,76.0,https://github.com/hoffstadt/DearPyGui,MIT,2020-05-28 17:12:57.000,2026-05-01 22:45:46.000,782.0,388.0,15392.0,27,True,dearpygui,,,4682.0,4468.0,https://pypi.org/project/dearpygui,2026-05-01 22:45:46.000,2026-05-01 22:45:46.000,2.3.1,230.0,214.0,187253.0,187253.0,,,,,,,,2.0,,,,,,,,,,,,,,,,,,,,
174,zenml,zenml-io/zenml,ZenML : One AI Platform from Pipelines to Agents. https://zenml.io.,,data-pipelines,https://github.com/zenml-io/zenml,156.0,https://github.com/zenml-io/zenml,Apache-2.0,2020-11-19 09:25:46.000,2026-09-23 12:33:57.000,656.0,173.0,5589.0,27,True,zenml,,,1472.0,1457.0,https://pypi.org/project/zenml,2026-09-23 12:33:57.000,2026-09-23 12:33:57.000,0.97.0,198.0,15.0,146099.0,146099.0,,,,,,,,2.0,,,,,,,,,,,,,,,,,,,,
175,dataset,pudo/dataset,"Easy-to-use data handling for SQL data stores with support for implicit table creation, bulk loading, and transactions.",,db-clients,https://github.com/pudo/dataset,81.0,https://github.com/pudo/dataset,MIT,2013-04-01 14:57:55.000,2026-04-12 10:06:50.000,297.0,21.0,4862.0,27,True,dataset,conda-forge/dataset,,5346.0,5196.0,https://pypi.org/project/dataset,2026-04-12 09:59:36.000,2026-04-12 09:59:36.000,2.0.0,58.0,150.0,1427951.0,1428263.0,https://anaconda.org/conda-forge/dataset,2025-09-17 20:26:50.685,20629.0,,,,,3.0,,,,,,,,,,,,,,,,,,,,
176,textract,deanmalmgren/textract,extract text from any document. no muss. no fuss.,,data-loading,https://github.com/deanmalmgren/textract,48.0,https://github.com/deanmalmgren/textract,MIT,2014-07-03 20:36:59.000,2026-09-01 15:55:57.082,717.0,57.0,4702.0,27,True,textract,conda-forge/textract,,5023.0,4926.0,https://pypi.org/project/textract,2026-09-01 12:54:26.000,2026-09-01 12:54:26.000,2.1.0,20.0,97.0,263444.0,265751.0,https://anaconda.org/conda-forge/textract,2026-09-01 15:55:57.082,147656.0,,,,,2.0,,,,,,,,,,,,,,,,,,,,
177,ultrajson,ultrajson/ultrajson,Ultra fast JSON decoder and encoder written in C with Python bindings.,,serialization,https://github.com/ultrajson/ultrajson,96.0,https://github.com/ultrajson/ultrajson,,2011-02-27 20:00:51.000,2026-09-05 00:41:47.931,385.0,31.0,4497.0,27,False,ujson,conda-forge/ujson,,2895.0,,https://pypi.org/project/ujson,2026-09-04 03:53:06.000,2026-09-04 03:53:06.000,6.0.0,43.0,2895.0,27156330.0,27273748.0,https://anaconda.org/conda-forge/ujson,2026-09-05 00:41:47.931,8806396.0,,,,,3.0,,,,,,,,,,,,,,,,,,,,
178,pandera,pandera-dev/pandera,A light-weight and flexible data validation and testing tool for statistical data objects.,,data-containers,https://github.com/pandera-dev/pandera,224.0,,,2020-10-21 19:35:41.519,2026-09-02 01:34:27.325,435.0,,4446.0,27,False,pandera,conda-forge/pandera-core,,4457.0,3883.0,https://pypi.org/project/pandera,2026-09-01 15:56:05.000,2026-09-01 15:56:05.000,0.33.1,125.0,574.0,8127481.0,8129279.0,https://anaconda.org/conda-forge/pandera-core,2026-09-02 01:34:27.325,127699.0,,,,,2.0,['pandas'],,,,,,,,,,,,,,,,,,,
179,returns,dry-python/returns,"Make your functions return something meaningful, typed, and safe!.",,utilities,https://github.com/dry-python/returns,74.0,https://github.com/dry-python/returns,BSD-2-Clause,2019-01-26 13:08:38.000,2026-08-03 14:35:35.878,151.0,85.0,4340.0,27,True,returns,conda-forge/returns,,1303.0,1062.0,https://pypi.org/project/returns,2026-08-02 08:36:28.000,2026-08-02 08:36:28.000,0.29.0,30.0,241.0,945020.0,946618.0,https://anaconda.org/conda-forge/returns,2026-08-03 14:35:35.878,102326.0,,,,,3.0,,,,,,,,,,,,,,,,,,,,
180,Databases,encode/databases,Async database support for Python.,,db-clients,https://github.com/encode/databases,59.0,https://github.com/encode/databases,BSD-3-Clause,2019-02-01 10:55:25.000,2026-01-01 19:03:38.844,263.0,133.0,3990.0,27,False,databases,conda-forge/databases,,161.0,,https://pypi.org/project/databases,2024-03-01 17:39:26.000,2024-03-01 17:39:26.000,0.9.0,43.0,161.0,750343.0,756010.0,https://anaconda.org/conda-forge/databases,2026-01-01 19:03:38.844,396731.0,,,,,3.0,,,,,,,,,2024-03-01 17:30:12,335.0,5.0,211.0,204.0,,,,,,,
181,keyboard,boppreh/keyboard,Hook and simulate global keyboard events on Windows and Linux.,,others,https://github.com/boppreh/keyboard,41.0,https://github.com/boppreh/keyboard,MIT,2013-05-07 22:55:07.000,2026-09-08 18:24:04.138,434.0,408.0,3812.0,27,True,keyboard,conda-forge/keyboard,,28050.0,27325.0,https://pypi.org/project/keyboard,2020-03-23 21:49:28.677,2020-03-23 21:49:28.677,0.13.5,35.0,725.0,440947.0,442339.0,https://anaconda.org/conda-forge/keyboard,2026-09-08 18:24:04.138,87749.0,,,,,3.0,,,,,,,,,,,,,,,,,,,,
182,Copier,copier-org/copier,Library and command-line utility for rendering projects templates.,,others,https://github.com/copier-org/copier,129.0,https://github.com/copier-org/copier,MIT,2011-11-01 19:22:44.000,2026-09-07 13:14:36.000,272.0,145.0,3559.0,27,True,copier,,,2496.0,2078.0,https://pypi.org/project/copier,2026-09-07 13:14:36.000,2026-09-07 13:14:36.000,9.18.2,97.0,418.0,1344052.0,1344052.0,,,,,,,,3.0,,,,,,,,,,,,,,,,,,,,
183,smart-open,RaRe-Technologies/smart_open,"Utils for streaming large files (S3, HDFS, GCS, SFTP, Azure Blob Storage, gzip, bz2, zst...).",,data-loading,https://github.com/piskvorky/smart_open,134.0,,MIT,2020-07-01 07:11:39.502,2026-07-15 17:50:25.668,389.0,,3450.0,27,True,smart-open,conda-forge/smart_open,,703.0,,https://pypi.org/project/smart-open,2026-07-15 13:56:09.000,2026-07-15 13:56:09.000,8.0.1,79.0,703.0,56613951.0,56685473.0,https://anaconda.org/conda-forge/smart_open,2026-07-15 17:50:25.668,5292680.0,,,,,2.0,,,,,,,,,,,,,,,,,,,,
184,python-decouple,henriquebastos/python-decouple,Strict separation of settings from code.,,configuration,http://github.com/henriquebastos/python-decouple/,36.0,,MIT,2020-08-12 15:02:34.898,2025-04-22 14:56:41.760,217.0,,3034.0,27,False,python-decouple,conda-forge/python-decouple,,172295.0,171587.0,https://pypi.org/project/python-decouple,2023-03-01 19:40:02.580,,,12.0,708.0,6284827.0,6287019.0,https://anaconda.org/conda-forge/python-decouple,2025-04-22 14:56:41.760,160083.0,,,,,2.0,,,,,,,,,,,,,,,,,,,,
185,arq,samuelcolvin/arq,Job queues in python with asyncio and redis.,,data-pipelines,https://github.com/python-arq/arq,67.0,,MIT,2021-04-20 09:24:29.048,2026-08-03 13:01:50.277,212.0,,2877.0,27,True,arq,conda-forge/arq,,1620.0,1538.0,https://pypi.org/project/arq,2026-04-16 10:50:22.000,2026-04-16 10:50:22.000,0.28.0,65.0,82.0,3718739.0,3719165.0,https://anaconda.org/conda-forge/arq,2026-08-03 13:01:50.277,27738.0,,,,,2.0,,,,,,,,,,,,,,,,,,,,
186,addict,mewwts/addict,The Python Dict thats better than heroin.,,data-structures,https://github.com/mewwts/addict,34.0,https://github.com/mewwts/addict,MIT,2014-12-10 06:55:25.000,2026-03-24 07:10:55.000,131.0,25.0,2548.0,27,True,addict,conda-forge/addict,,18252.0,17801.0,https://pypi.org/project/addict,2020-11-21 16:21:29.000,2020-11-21 16:21:29.000,2.4.0,31.0,451.0,5654754.0,5670386.0,https://anaconda.org/conda-forge/addict,2025-12-02 13:18:06.785,1125564.0,,,,,2.0,,,,,,,,,,,,,,,,,,,,
187,glom,mahmoud/glom,"Pythons nested data operator (and CLI), for all your declarative restructuring needs. Got data? Glom it!.",,data-structures,https://github.com/mahmoud/glom,24.0,https://github.com/mahmoud/glom,BSD-3-Clause,2018-04-18 06:03:24.000,2026-09-08 09:19:05.000,84.0,132.0,2163.0,27,True,glom,conda-forge/glom,,3975.0,3724.0,https://pypi.org/project/glom,2025-12-29 06:29:06.000,2025-12-29 06:29:06.000,25.12.0,28.0,251.0,19952050.0,19952996.0,https://anaconda.org/conda-forge/glom,2025-12-29 17:31:58.501,69095.0,,,,,2.0,,,,,,,,,,,,,,,,,,,,
188,questionary,tmbo/questionary,"Python library to build pretty command line user prompts Easy to use multi-select lists, confirmations, free text..",,cli-helpers,https://github.com/tmbo/questionary,57.0,https://github.com/tmbo/questionary,MIT,2018-12-01 17:55:17.000,2025-09-08 18:35:18.765,99.0,72.0,1850.0,27,True,questionary,conda-forge/questionary,,26674.0,25235.0,https://pypi.org/project/questionary,2025-08-28 19:00:19.000,2025-08-28 19:00:19.000,2.1.1,24.0,1439.0,20909390.0,20917120.0,https://anaconda.org/conda-forge/questionary,2025-09-08 18:35:18.765,533434.0,,,,,3.0,,,,,,,,,,,,,,,,,,,,
189,typing,python/typing,Python static typing home. Hosts the documentation and a user help forum.,,compatibility,https://github.com/python/typing,153.0,https://github.com/python/typing,Python-2.0,2014-09-29 16:54:42.000,2026-03-13 22:26:47.000,290.0,214.0,1740.0,27,True,typing,conda-forge/typing,,3277.0,,https://pypi.org/project/typing,2021-05-01 18:03:55.000,2019-06-19 22:31:20.000,3.7.4,16.0,3277.0,4278713.0,4338431.0,https://anaconda.org/conda-forge/typing,2025-04-22 14:56:21.050,4538609.0,,,,,2.0,,,,,,,,,,,,,,,,,,,,
190,aiocache,aio-libs/aiocache,"Asyncio cache manager for redis, memcached and memory.",,caching,https://github.com/aio-libs/aiocache,53.0,https://github.com/aio-libs/aiocache,BSD-3-Clause,2016-09-30 09:25:51.000,2026-01-05 18:16:06.000,173.0,63.0,1397.0,27,True,aiocache,,,5286.0,5139.0,https://pypi.org/project/aiocache,2024-09-25 13:20:22.000,2024-09-25 13:20:22.000,0.12.3,45.0,147.0,6644390.0,6644390.0,,,,,,,,2.0,,,,,,,,,,,,,,,,,,,,
191,SQLAlchemy-Utils,kvesteri/sqlalchemy-utils,Various utility functions and datatypes for SQLAlchemy.,,db-clients,https://github.com/kvesteri/sqlalchemy-utils,129.0,https://github.com/kvesteri/sqlalchemy-utils,,2013-02-18 16:48:22.000,2026-07-08 14:31:35.000,333.0,229.0,1345.0,27,False,sqlalchemy-utils,conda-forge/sqlalchemy-utils,,42647.0,41546.0,https://pypi.org/project/sqlalchemy-utils,2025-12-13 03:14:15.000,2025-12-13 03:14:15.000,0.42.1,217.0,1101.0,18393385.0,18409053.0,https://anaconda.org/conda-forge/sqlalchemy-utils,2025-12-13 08:07:05.024,1190768.0,,,,,3.0,,,,,,,,,,,,,,,,,,,,
192,cleo,sdispater/cleo,Cleo allows you to create beautiful and testable command-line interfaces.,,cli-helpers,https://github.com/python-poetry/cleo,38.0,,MIT,2020-10-09 18:05:59.894,2025-04-22 14:56:53.740,87.0,,1331.0,27,False,cleo,conda-forge/cleo,,29985.0,29594.0,https://pypi.org/project/cleo,2024-11-18 13:58:33.000,2024-11-18 13:58:33.000,2.2.1,36.0,391.0,38963898.0,39064866.0,https://anaconda.org/conda-forge/cleo,2025-04-22 14:56:53.740,7168749.0,,,,,3.0,,,,,,,,,,,,,,,,,,,,
193,sshtunnel,pahaz/sshtunnel,SSH tunnels to remote server.,,infrastructure,https://github.com/pahaz/sshtunnel,27.0,https://github.com/pahaz/sshtunnel,MIT,2014-06-11 21:14:05.000,2025-04-22 14:56:28.186,184.0,64.0,1213.0,27,False,sshtunnel,conda-forge/sshtunnel,,10383.0,10033.0,https://pypi.org/project/sshtunnel,2021-01-11 13:28:30.784,2021-01-11 13:28:30.784,0.4.0,28.0,350.0,15783359.0,15790511.0,https://anaconda.org/conda-forge/sshtunnel,2025-04-22 14:56:28.186,507849.0,,,,,3.0,,,,,,,,,,,,,,,,,,,,
194,cached-property,pydanny/cached-property,A decorator for caching properties in classes.,,caching,https://github.com/pydanny/cached-property,25.0,https://github.com/pydanny/cached-property,BSD-3-Clause,2014-05-17 22:42:24.000,2026-08-25 17:21:27.896,79.0,40.0,703.0,27,True,cached-property,conda-forge/cached-property,,60097.0,58533.0,https://pypi.org/project/cached-property,2024-10-25 15:43:54.000,2024-10-25 15:43:54.000,2.0.1,19.0,1564.0,19802578.0,20242038.0,https://anaconda.org/conda-forge/cached-property,2026-08-25 17:21:27.896,29004414.0,,,,,2.0,,,,,,,,,,,,,,,,,,,,
195,param,holoviz/param,Declarative parameters for robust Python classes and a rich API for reactive programming.,,data-validation,https://github.com/holoviz/param,55.0,https://github.com/holoviz/param,BSD-3-Clause,2012-05-01 11:51:08.000,2026-09-21 11:00:06.000,86.0,178.0,521.0,27,True,param,conda-forge/param,,18401.0,18130.0,https://pypi.org/project/param,2026-09-21 11:00:06.000,2026-09-03 11:02:00.000,2.4.2,131.0,271.0,1345467.0,1389377.0,https://anaconda.org/conda-forge/param,2026-09-04 08:17:03.285,3117624.0,,,,,3.0,,,,,,,,,,,,,,,,,,,,
196,Send2Trash,arsenetar/send2trash,Python library to natively send files to Trash (or Recycle bin) on all platforms.,,others,https://github.com/arsenetar/send2trash,20.0,https://github.com/arsenetar/send2trash,BSD-3-Clause,2013-07-19 22:13:14.000,2026-02-12 23:08:17.723,47.0,35.0,295.0,27,True,send2trash,conda-forge/send2trash,,324554.0,323843.0,https://pypi.org/project/send2trash,2026-01-14 06:27:35.000,2026-01-14 06:27:35.000,2.1.0,22.0,711.0,31583534.0,31950101.0,https://anaconda.org/conda-forge/send2trash,2026-02-12 23:08:17.723,23093744.0,,,,,3.0,,,,,,,,,,,,,,,,,,,,
197,ordered-set,rspeer/ordered-set,A mutable set that remembers the order of its entries. One of Pythons missing data types.,,data-structures,https://github.com/rspeer/ordered-set,21.0,https://github.com/rspeer/ordered-set,MIT,2012-08-17 21:55:21.000,2025-04-22 14:56:22.596,46.0,10.0,209.0,27,False,ordered-set,conda-forge/ordered-set,,34005.0,33463.0,https://pypi.org/project/ordered-set,2022-01-26 14:38:48.000,2022-01-26 14:38:48.000,4.1.0,18.0,542.0,24995993.0,25010707.0,https://anaconda.org/conda-forge/ordered-set,2025-04-22 14:56:22.596,1103594.0,,,,,2.0,,,,,,,,,,,,,,,,,,,,
198,python-prompt-toolkit,prompt-toolkit/python-prompt-toolkit,Library for building powerful interactive command line applications in Python.,,cli-helpers,https://github.com/prompt-toolkit/python-prompt-toolkit,248.0,https://github.com/prompt-toolkit/python-prompt-toolkit,BSD-3-Clause,2014-01-25 22:12:08.000,2026-07-27 13:57:36.022,802.0,705.0,10545.0,26,True,prompt_toolkit,conda-forge/prompt-toolkit,,,,https://pypi.org/project/prompt_toolkit,2026-07-26 20:56:12.000,2026-07-26 20:56:12.000,3.0.53,41.0,,177211186.0,177878878.0,https://anaconda.org/conda-forge/prompt-toolkit,2026-07-27 13:57:36.022,48741536.0,,,,,3.0,,,,,,,,,,,,,,,,,,,,
199,Modin,modin-project/modin,Modin: Scale your Pandas workflows by changing a single line of code.,,data-containers,https://github.com/modin-project/modin,144.0,https://github.com/modin-project/modin,Apache-2.0,2018-06-21 21:35:05.000,2025-10-02 19:20:27.000,665.0,703.0,10289.0,26,True,modin,conda-forge/modin-core,,2421.0,2355.0,https://pypi.org/project/modin,2025-10-02 19:20:27.000,2025-10-02 19:20:27.000,0.37.1,112.0,66.0,1115068.0,1131589.0,https://anaconda.org/conda-forge/modin-core,2025-04-22 14:57:57.663,1024335.0,,,,,2.0,['pandas'],,,,,,,,,,,,,,,,,,,
200,transitions,pytransitions/transitions,"A lightweight, object-oriented finite state machine implementation in Python with many extensions.",,algorithms,https://github.com/pytransitions/transitions,82.0,https://github.com/pytransitions/transitions,MIT,2014-10-12 20:59:09.000,2025-07-02 16:00:07.332,547.0,18.0,6110.0,26,False,transitions,conda-forge/transitions,,4635.0,4417.0,https://pypi.org/project/transitions,2025-07-02 10:49:01.000,2025-07-02 10:49:01.000,0.9.3,50.0,218.0,2552863.0,2564634.0,https://anaconda.org/conda-forge/transitions,2025-07-02 16:00:07.332,882872.0,,,,,1.0,,,,,,,,,,,,,,,,,,,,
201,huey,coleifer/huey,a little task queue for python.,,data-pipelines,https://github.com/coleifer/huey,72.0,https://github.com/coleifer/huey,MIT,2011-11-03 16:39:43.000,2026-09-04 11:16:39.693,401.0,,6024.0,26,True,huey,conda-forge/huey,,165.0,,https://pypi.org/project/huey,2026-09-04 02:04:32.000,2026-09-04 02:04:32.000,3.4.0,87.0,165.0,14406120.0,14418904.0,https://anaconda.org/conda-forge/huey,2026-09-04 11:16:39.693,255697.0,,,,,2.0,,,,,,,,,,,,,,,,,,,,
202,Dynaconf,rochacbruno/dynaconf,The dynamic configurator for your Python Project.,,configuration,https://github.com/dynaconf/dynaconf,128.0,,MIT,2020-10-29 15:25:33.245,2026-08-06 07:05:05.902,340.0,,4320.0,26,True,dynaconf,conda-forge/dynaconf,,776.0,,https://pypi.org/project/dynaconf,2026-08-05 19:50:23.000,2026-08-05 19:50:23.000,3.3.5,101.0,776.0,4699427.0,4702900.0,https://anaconda.org/conda-forge/dynaconf,2026-08-06 07:05:05.902,246597.0,,,,,3.0,,,,,,,,,,,,,,,,,,,,
203,pandas-datareader,pydata/pandas-datareader,Extract data from a wide range of Internet sources into a pandas DataFrame.,,data-loading,https://github.com/pydata/pandas-datareader,99.0,https://github.com/pydata/pandas-datareader,,2015-01-15 00:34:19.000,2026-06-24 19:20:26.653,691.0,143.0,3221.0,26,False,pandas-datareader,conda-forge/pandas-datareader,,31743.0,31357.0,https://pypi.org/project/pandas-datareader,2026-06-24 14:18:39.000,2026-06-24 14:18:39.000,0.11.1,24.0,386.0,477296.0,488513.0,https://anaconda.org/conda-forge/pandas-datareader,2026-06-24 19:20:26.653,740385.0,,,,,2.0,,,,,,,,,,,,,,,,,,,,
204,asyncer,tiangolo/asyncer,"Asyncer, async and await, focused on developer experience.",,async,https://github.com/fastapi/asyncer,25.0,,MIT,2022-01-10 21:56:40.631,2026-06-25 15:47:38.196,87.0,,2467.0,26,True,asyncer,conda-forge/asyncer,,8741.0,8421.0,https://pypi.org/project/asyncer,2026-06-25 13:41:07.000,2026-06-25 13:41:07.000,0.0.18,21.0,320.0,6808151.0,6809098.0,https://anaconda.org/conda-forge/asyncer,2026-06-25 15:47:38.196,53073.0,,,,,3.0,,,,,,,,,,,,,,,,,,,,
205,mleap,combust/mleap,MLeap: Deploy ML Pipelines to Production.,,data-pipelines,https://github.com/combust/mleap,87.0,https://github.com/combust/mleap,Apache-2.0,2016-08-23 03:51:03.000,2026-07-22 05:59:49.766,316.0,110.0,1540.0,26,True,mleap,conda-forge/mleap,,257.0,246.0,https://pypi.org/project/mleap,2026-07-21 17:38:25.000,2026-07-21 17:38:25.000,0.25.2,24.0,11.0,1775746.0,1777305.0,https://anaconda.org/conda-forge/mleap,2026-07-22 05:59:49.766,118524.0,,,,,2.0,,,,,,,,,,,,,,,,,,,,
206,blessings,erikrose/blessings,"A thin, practical wrapper around terminal capabilities in Python.",,cli-helpers,https://github.com/erikrose/blessings,17.0,https://github.com/erikrose/blessings,MIT,2011-11-07 10:09:09.000,2026-09-05 19:23:42.308,151.0,32.0,1488.0,26,True,blessings,conda-forge/blessings,,11249.0,10792.0,https://pypi.org/project/blessings,2018-06-21 14:00:07.000,2018-01-03 17:03:36.000,1.6.1,10.0,457.0,666855.0,673699.0,https://anaconda.org/conda-forge/blessings,2026-09-05 19:23:42.308,513354.0,,,,,3.0,,,,,,,,,,,,,,,,,,,,
207,PyTables,PyTables/PyTables,A Python package to manage extremely large amounts of data.,,data-containers,https://github.com/PyTables/PyTables,148.0,https://github.com/PyTables/PyTables,BSD-3-Clause,2011-06-03 19:44:46.000,2026-09-11 15:46:53.176,282.0,154.0,1361.0,26,True,tables,conda-forge/pytables,,1835.0,,https://pypi.org/project/tables,2026-03-01 11:42:48.000,2026-03-01 11:42:48.000,3.11.1,51.0,1835.0,1737982.0,1919572.0,https://anaconda.org/conda-forge/pytables,2026-09-11 15:46:53.176,13437722.0,,,,,2.0,,,,,,,,,,,,,,,,,,,,
208,python-email-validator,JoshData/python-email-validator,A robust email syntax and deliverability validation library for Python.,,data-validation,https://github.com/JoshData/python-email-validator,29.0,https://github.com/JoshData/python-email-validator,Unlicense,2015-04-20 02:46:34.000,2025-08-26 15:19:04.108,123.0,14.0,1310.0,26,False,email-validator,conda-forge/email-validator,,1218.0,,https://pypi.org/project/email-validator,2025-08-26 13:09:05.000,2025-08-26 13:09:05.000,2.3.0,32.0,1218.0,149345562.0,149398515.0,https://anaconda.org/conda-forge/email-validator,2025-08-26 15:19:04.108,3918549.0,,,,,3.0,,,,,,,,,,,,,,,,,,,,
209,python-mss,BoboTiG/python-mss,An ultra fast cross-platform multiple screenshots module in pure Python using ctypes.,,others,https://github.com/BoboTiG/python-mss,31.0,https://github.com/BoboTiG/python-mss,MIT,2013-07-01 16:14:08.000,2026-04-23 16:18:02.000,111.0,44.0,1257.0,26,True,mss,conda-forge/python-mss,,14252.0,13605.0,https://pypi.org/project/mss,2026-04-23 10:44:56.000,2026-04-23 10:44:56.000,10.2.0,44.0,647.0,2242823.0,2244176.0,https://anaconda.org/conda-forge/python-mss,2026-04-23 15:39:13.473,101499.0,,,,,3.0,,,,,,,,,,,,,,,,,,,,
210,inflect,jaraco/inflect,"Correctly generate plurals, ordinals, indefinite articles; convert numbers to words.",,text,https://github.com/jaraco/inflect,60.0,https://github.com/jaraco/inflect,MIT,2010-06-20 13:43:13.000,2025-05-14 06:52:40.000,109.0,39.0,1059.0,26,False,inflect,conda-forge/inflect,,37878.0,37157.0,https://pypi.org/project/inflect,2024-12-28 17:11:15.000,2024-12-28 17:11:15.000,7.5.0,55.0,721.0,22550097.0,22561749.0,https://anaconda.org/conda-forge/inflect,2025-04-22 14:56:34.231,873924.0,,,,,3.0,,,,,,,,,,,,,,,,,,,,
211,anytree,c0fec0de/anytree,Python tree data library.,,data-structures,https://github.com/c0fec0de/anytree,30.0,https://github.com/c0fec0de/anytree,Apache-2.0,2016-08-27 09:42:38.000,2026-04-25 08:14:24.819,136.0,35.0,1021.0,26,True,anytree,conda-forge/anytree,,24634.0,24051.0,https://pypi.org/project/anytree,2025-04-08 21:06:29.000,2025-04-08 21:06:29.000,2.13.0,37.0,583.0,4741584.0,4746095.0,https://anaconda.org/conda-forge/anytree,2026-04-25 08:14:24.819,117295.0,,,,,3.0,,,,,,,,,,,,,,,,,,,,
212,natsort,SethMMorton/natsort,Simple yet flexible natural sorting in Python.,,utilities,https://github.com/SethMMorton/natsort,27.0,https://github.com/SethMMorton/natsort,MIT,2012-05-03 02:58:47.000,2026-02-12 14:08:15.931,52.0,3.0,910.0,26,True,natsort,conda-forge/natsort,,51534.0,50073.0,https://pypi.org/project/natsort,2023-06-20 04:19:05.975,2023-06-20 04:19:05.975,8.4.0,59.0,1461.0,15723467.0,15769411.0,https://anaconda.org/conda-forge/natsort,2026-02-12 14:08:15.931,3216100.0,,,,,3.0,,,,,,,,,,,,,,,,,,,,
213,python-rapidjson,python-rapidjson/python-rapidjson,Python wrapper around rapidjson.,,serialization,https://github.com/python-rapidjson/python-rapidjson,26.0,https://github.com/python-rapidjson/python-rapidjson,MIT,2015-09-09 04:02:42.000,2026-09-14 05:59:17.588,53.0,20.0,531.0,26,True,python-rapidjson,conda-forge/python-rapidjson,,8413.0,8112.0,https://pypi.org/project/python-rapidjson,2026-09-06 06:59:48.000,2020-11-16 12:53:09.000,0.9.4,73.0,301.0,3396584.0,3464441.0,https://anaconda.org/conda-forge/python-rapidjson,2026-09-14 05:59:17.588,4817866.0,,,,,3.0,,,,,,,,,,,,,,,,,,,,
214,srsly,explosion/srsly,"Modern high-performance serialization utilities for Python (JSON, MessagePack, Pickle).",,serialization,https://github.com/explosion/srsly,16.0,https://github.com/explosion/srsly,MIT,2018-12-01 03:21:56.000,2026-09-02 15:09:51.441,37.0,6.0,481.0,26,True,srsly,conda-forge/srsly,,70031.0,69763.0,https://pypi.org/project/srsly,2026-03-23 11:55:34.000,2026-03-23 11:55:34.000,2.5.3,46.0,268.0,20043208.0,20079857.0,https://anaconda.org/conda-forge/srsly,2026-09-02 15:09:51.441,2748691.0,,,,,3.0,,,,,,,,,,,,,,,,,,,,
215,configobj,DiffSK/configobj,Python 3+ compatible port of the configobj library.,,configuration,https://github.com/DiffSK/configobj,13.0,https://github.com/DiffSK/configobj,BSD-3-Clause,2014-01-14 02:30:17.000,2026-08-19 16:29:42.000,88.0,74.0,337.0,26,True,configobj,conda-forge/configobj,,50623.0,49975.0,https://pypi.org/project/configobj,2024-09-21 12:47:46.000,2024-09-21 12:47:46.000,5.0.9,19.0,648.0,4909911.0,4942437.0,https://anaconda.org/conda-forge/configobj,2025-04-22 14:56:53.636,1431170.0,,,,,3.0,,,,,,,,,,,,,,,,,,,,
216,entrypoints,takluyver/entrypoints,Discover and load entry points from installed packages.,,inspect,https://github.com/takluyver/entrypoints,12.0,https://github.com/takluyver/entrypoints,MIT,2015-05-02 18:12:08.000,2025-04-22 14:56:21.731,29.0,4.0,74.0,26,False,entrypoints,conda-forge/entrypoints,,339985.0,339268.0,https://pypi.org/project/entrypoints,2022-02-02 21:30:26.000,2017-06-08 10:55:15.000,0.2.3,7.0,717.0,28829404.0,29222315.0,https://anaconda.org/conda-forge/entrypoints,2025-04-22 14:56:21.731,27896744.0,,,,,2.0,,,,,,,,,,,,,,,,,,,,
217,Records,kennethreitz/records,SQL for Humans.,,db-clients,https://github.com/kennethreitz/records,52.0,https://github.com/kennethreitz/records,ISC,2014-12-24 15:20:23.000,2026-09-01 10:55:16.592,574.0,42.0,7154.0,25,True,records,conda-forge/records,,1347.0,1300.0,https://pypi.org/project/records,2024-03-29 23:50:56.000,2024-03-29 23:50:56.000,0.6.0,13.0,47.0,336919.0,338758.0,https://anaconda.org/conda-forge/records,2026-09-01 10:55:16.592,117756.0,,,,,3.0,,,,,,,,,,,,,,,,,,,,
218,Eel,ChrisKnott/Eel,A little Python library for making simple Electron-like HTML/JS GUI apps.,,gui-dev,https://github.com/python-eel/Eel,49.0,https://github.com/python-eel/Eel,MIT,2017-12-27 21:37:12.000,2025-06-22 18:29:43.000,606.0,192.0,6750.0,25,False,eel,,,111.0,,https://pypi.org/project/eel,2025-06-22 18:21:36.000,2025-06-22 18:21:36.000,0.18.2,45.0,111.0,55683.0,55683.0,,,,,,,,2.0,,,,,,,,,2025-06-22 18:29:42,340.0,3.0,214.0,359.0,python-eel/Eel,,,,,,
219,PDFMiner,euske/pdfminer,Python PDF Parser (Not actively maintained). Check out pdfminer.six.,,data-loading,https://github.com/euske/pdfminer,28.0,https://github.com/euske/pdfminer,MIT,2010-12-12 12:50:22.000,2025-04-22 14:56:26.384,1115.0,243.0,5295.0,25,False,pdfminer,conda-forge/pdfminer,,11313.0,11147.0,https://pypi.org/project/pdfminer,2021-12-15 14:45:46.670,,,41.0,166.0,243420.0,244138.0,https://anaconda.org/conda-forge/pdfminer,2025-04-22 14:56:26.384,86989.0,,,,,2.0,,,,,,,,,,,,,,,,,,,,
220,PynamoDB,pynamodb/PynamoDB,A pythonic interface to Amazons DynamoDB.,,db-clients,https://github.com/pynamodb/PynamoDB,115.0,https://github.com/pynamodb/PynamoDB,MIT,2014-01-20 02:18:35.000,2026-01-06 15:42:12.000,432.0,317.0,2643.0,25,True,pynamodb,conda-forge/pynamodb,,2117.0,2031.0,https://pypi.org/project/pynamodb,2025-06-02 17:32:57.000,2025-06-02 17:32:57.000,6.1.0,96.0,86.0,2896713.0,2955599.0,https://anaconda.org/conda-forge/pynamodb,2025-06-02 20:29:30.739,4298690.0,,,,,3.0,,,,,,,,,,,,,,,,,,,,
221,schematics,schematics/schematics,Python Data Structures for Humans.,,data-validation,https://github.com/schematics/schematics,119.0,https://github.com/schematics/schematics,BSD-3-Clause,2010-12-27 02:25:29.000,2025-04-22 14:57:08.152,286.0,109.0,2583.0,25,False,schematics,conda-forge/schematics,,1884.0,1741.0,https://pypi.org/project/schematics,2021-08-17 21:16:54.000,2021-08-17 21:16:54.000,2.1.1,24.0,143.0,973824.0,974154.0,https://anaconda.org/conda-forge/schematics,2025-04-22 14:57:08.152,28394.0,,,,,3.0,,,,,,,,,,,,,,,,,,,,
222,libcloud,apache/libcloud,Apache Libcloud is a Python library that hides differences between different cloud provider APIs and allows you to..,,db-clients,https://github.com/apache/libcloud,501.0,https://github.com/apache/libcloud,Apache-2.0,2009-12-11 09:00:14.000,2026-04-21 07:09:43.000,929.0,104.0,2115.0,25,True,apache-libcloud,,,190.0,,https://pypi.org/project/apache-libcloud,2026-04-21 07:09:43.000,2026-04-21 07:09:43.000,3.9.1,73.0,190.0,661226.0,661226.0,,,,,,,,3.0,,,,,,,,,,,,,,,,,,,,
223,piccolos,piccolo-orm/piccolo,"A fast, user friendly ORM and query builder which supports asyncio.",,db-clients,https://github.com/piccolo-orm/piccolo,59.0,https://github.com/piccolo-orm/piccolo,MIT,2018-10-27 20:53:26.000,2026-07-27 21:54:38.000,111.0,37.0,1933.0,25,True,piccolo,,,566.0,548.0,https://pypi.org/project/piccolo,2026-07-27 21:54:38.000,2026-07-27 21:54:38.000,1.36.0,295.0,18.0,556385.0,556385.0,,,,,,,,3.0,,,,,,,,,,,,,,,,,,,,
224,retrying,rholder/retrying,"Retrying is an Apache 2.0 licensed general-purpose retrying library, written in Python, to simplify the task of adding..",,utilities,https://github.com/rholder/retrying,15.0,https://github.com/rholder/retrying,Apache-2.0,2013-01-22 06:13:26.000,2025-08-03 11:12:59.594,156.0,49.0,1917.0,25,False,retrying,conda-forge/retrying,,1064.0,,https://pypi.org/project/retrying,2025-08-03 03:35:23.000,2025-08-03 03:35:23.000,1.4.2,18.0,1064.0,22181353.0,22315333.0,https://anaconda.org/conda-forge/retrying,2025-08-03 11:12:59.594,3483496.0,,,,,3.0,,,,,,,,,,,,,,,,,,,,
225,python-benedict,fabiocaccamo/python-benedict,"dict subclass with keylist/keypath support, built-in I/O operations (base64, csv, html, ini, json, pickle, plist,..",,data-structures,https://github.com/fabiocaccamo/python-benedict,18.0,https://github.com/fabiocaccamo/python-benedict,MIT,2019-05-17 11:13:40.000,2026-07-07 20:55:42.000,49.0,5.0,1606.0,25,True,python-benedict,conda-forge/python-benedict,,2158.0,2047.0,https://pypi.org/project/python-benedict,2026-07-07 20:55:42.000,2026-07-07 20:55:42.000,0.38.0,71.0,111.0,659873.0,663906.0,https://anaconda.org/conda-forge/python-benedict,2025-04-22 14:57:40.942,282376.0,,,,,3.0,,,,,,,,,,,,,,,,,,,,
226,strictyaml,crdoconnor/strictyaml,Type-safe YAML parser and validator.,,data-validation,https://github.com/crdoconnor/strictyaml,20.0,https://github.com/crdoconnor/strictyaml,MIT,2016-06-17 10:56:18.000,2025-08-16 22:49:32.433,65.0,100.0,1594.0,25,False,strictyaml,conda-forge/strictyaml,,6555.0,6160.0,https://pypi.org/project/strictyaml,2023-03-10 12:50:44.009,2023-03-10 12:50:44.009,1.7.3,84.0,395.0,21293560.0,21304109.0,https://anaconda.org/conda-forge/strictyaml,2025-08-16 22:49:32.433,770123.0,,,,,3.0,,,,,,,,,,,,,,,,,,,,
227,pygsheets,nithinmurali/pygsheets,Google Sheets Python API v4.,,db-clients,https://github.com/nithinmurali/pygsheets,99.0,https://github.com/nithinmurali/pygsheets,MIT,2016-06-06 17:20:44.000,2024-05-19 22:19:44.000,222.0,68.0,1517.0,25,False,pygsheets,,,3222.0,3145.0,https://pypi.org/project/pygsheets,2022-11-30 17:29:01.641,2022-11-30 17:29:01.641,2.0.6,18.0,77.0,1537696.0,1537696.0,,,,,,,,3.0,,,,,,,,,,,,,,,,,,,,
228,ratelimit,tomasbasham/ratelimit,API Rate Limit Decorator.,,utilities,https://github.com/tomasbasham/ratelimit,9.0,https://github.com/tomasbasham/ratelimit,MIT,2015-08-26 10:39:52.000,2025-04-22 14:57:44.778,159.0,29.0,755.0,25,False,ratelimit,conda-forge/ratelimit,,6612.0,6254.0,https://pypi.org/project/ratelimit,2018-12-17 18:55:49.000,2018-12-17 18:55:49.000,2.2.1,11.0,358.0,14413778.0,14414349.0,https://anaconda.org/conda-forge/ratelimit,2025-04-22 14:57:44.778,38890.0,,,,,3.0,,,,,,,,,,,,,,,,,,,,
229,parsedatetime,bear/parsedatetime,Parse human-readable date/time strings.,,date-time-utils,https://github.com/bear/parsedatetime,57.0,https://github.com/bear/parsedatetime,Apache-2.0,2012-09-12 06:44:45.000,2025-04-22 14:56:27.871,106.0,66.0,695.0,25,False,parsedatetime,conda-forge/parsedatetime,,15115.0,14947.0,https://pypi.org/project/parsedatetime,2020-05-31 23:50:56.000,2013-03-04 16:51:05.000,1.1.2,17.0,168.0,21764579.0,21774155.0,https://anaconda.org/conda-forge/parsedatetime,2025-04-22 14:56:27.871,718242.0,,,,,3.0,,,,,,,,,,,,,,,,,,,,
230,scandir,benhoyt/scandir,"Better directory iterator and faster os.walk(). Archived, as this has been in the stdlib since Python 3.5.",,file-path-utils,https://github.com/benhoyt/scandir,23.0,https://github.com/benhoyt/scandir,BSD-3-Clause,2013-05-13 08:14:57.000,2026-09-05 09:18:38.054,68.0,,537.0,25,False,scandir,conda-forge/scandir,,215.0,,https://pypi.org/project/scandir,2019-03-09 17:58:19.000,2019-03-09 18:00:51.000,1.10.0,16.0,215.0,2418957.0,2448654.0,https://anaconda.org/conda-forge/scandir,2026-09-05 09:18:38.054,2108514.0,,,,,3.0,,,,,,,,,2025-05-27 09:08:52,458.0,1.0,49.0,97.0,,,,,,,
231,pathlib2,jazzband/pathlib2,Backport of pathlib aiming to support the full stdlib Python API.,,compatibility,https://github.com/jazzband/pathlib2,16.0,https://github.com/jazzband/pathlib2,MIT,2014-10-18 08:28:33.000,2026-09-04 12:56:28.213,30.0,7.0,87.0,25,False,pathlib2,conda-forge/pathlib2,,65756.0,65003.0,https://pypi.org/project/pathlib2,2022-02-10 18:01:07.000,2022-02-08 12:42:21.000,2.3.7,15.0,753.0,3534627.0,3588106.0,https://anaconda.org/conda-forge/pathlib2,2026-09-04 12:56:28.213,3743539.0,,,,,3.0,,,,,,,,,,,,,,,,,,,,
232,openpyxl,,A Python library to read/write Excel 2010 xlsx/xlsm files.,,others,https://openpyxl.readthedocs.io,,,MIT,2015-11-03 00:22:17.154,2026-09-02 12:36:53.461,0.0,379.0,13.0,25,False,openpyxl,openpyxl,,11108.0,,https://pypi.org/project/openpyxl,2024-06-28 14:03:41.000,2024-07-23 16:46:09.000,3.1.5,108.0,11050.0,268457257.0,268459830.0,https://anaconda.org/anaconda/openpyxl,2026-09-02 12:36:53.461,333178.0,,,,,3.0,,openpyxl/openpyxl-ci,,https://hub.docker.com/r/openpyxl/openpyxl-ci,2018-09-13 18:04:17.646261,,1557.0,,,,,,1911.0,,,58.0,,https://openpyxl.readthedocs.io/en/stable/,https://foss.heptapod.net/api/graphql::openpyxl/openpyxl,https://foss.heptapod.net/openpyxl/openpyxl
233,PySimpleGUI,PySimpleGUI/PySimpleGUI,PySimpleGUI is a Python package that enables Python programmers of all levels to create GUIs.,,gui-dev,https://github.com/PySimpleGUI/PySimpleGUI,19.0,https://github.com/PySimpleGUI/PySimpleGUI,PySimpleGUI License,2018-07-11 18:28:58.000,2026-08-16 19:09:12.000,1824.0,706.0,13813.0,24,False,pysimplegui,conda-forge/pysimplegui,,13704.0,13685.0,https://pypi.org/project/pysimplegui,2026-08-16 19:09:12.000,,,46.0,19.0,36400.0,39866.0,https://anaconda.org/conda-forge/pysimplegui,2025-04-22 14:57:10.170,259984.0,,,,,2.0,,,,,,,,,,,,,,,,,,,,
234,Vaex,vaexio/vaex,"Out-of-Core hybrid Apache Arrow/NumPy DataFrame for Python, ML, visualization and exploration of big tabular data at a..",,data-containers,https://github.com/vaexio/vaex,76.0,https://github.com/vaexio/vaex,MIT,2014-09-27 09:44:42.000,2026-04-01 03:56:14.000,603.0,551.0,8505.0,24,True,vaex,conda-forge/vaex,,1097.0,1029.0,https://pypi.org/project/vaex,2026-02-03 17:25:42.000,2026-02-03 17:25:42.000,4.19.0,70.0,68.0,8716.0,14158.0,https://anaconda.org/conda-forge/vaex,2025-04-22 14:56:28.679,647661.0,,,,,3.0,,,,,,,,,,,,,,,,,,,,
235,csvkit,wireservice/csvkit,"A suite of utilities for converting to and working with CSV, the king of tabular file formats.",,data-loading,https://github.com/wireservice/csvkit,116.0,https://github.com/wireservice/csvkit,MIT,2011-04-01 03:00:30.000,2026-04-26 18:13:38.136,674.0,34.0,6366.0,24,True,csvkit,conda-forge/csvkit,,2099.0,2050.0,https://pypi.org/project/csvkit,2025-12-15 18:52:58.000,2025-12-15 18:52:58.000,2.2.0,45.0,49.0,226046.0,231945.0,https://anaconda.org/conda-forge/csvkit,2026-04-26 18:13:38.136,377597.0,,,,,2.0,,,,,,,,,,,,,,,,,,,,
236,CocoIndex,cocoindex-io/cocoindex,"Data transformation framework for AI. Ultra performant, with incremental processing. Star if you like it!.",,data-pipelines,https://github.com/cocoindex-io/cocoindex,93.0,https://github.com/cocoindex-io/cocoindex,Apache-2.0,2026-02-13 07:31:05.859,2026-09-20 01:18:19.000,451.0,61.0,6098.0,24,True,cocoindex,,,93.0,73.0,https://pypi.org/project/cocoindex,2026-09-20 01:18:19.000,2026-09-13 05:42:39.000,1.0.23,235.0,20.0,68958.0,68958.0,,,,,,,,2.0,,,,,,,,,,,,,,,,,,,,
237,pyinfra,Fizzadar/pyinfra,pyinfra automates/provisions/manages/deploys infrastructure.,,infrastructure,https://pyinfra.com,227.0,,MIT,,2026-07-27 19:50:53.000,531.0,,5913.0,24,True,pyinfra,,,302.0,256.0,https://pypi.org/project/pyinfra,2026-07-27 19:50:53.000,2026-07-27 19:50:53.000,3.10.0,238.0,46.0,179566.0,179566.0,,,,,,,,3.0,,,,,,,,,,,,,,,,,,,,
238,asciimatics,peterbrittain/asciimatics,"A cross platform package to do curses-like operations, plus higher level APIs and widgets to create text UIs and ASCII..",,cli-helpers,https://github.com/peterbrittain/asciimatics,47.0,https://github.com/peterbrittain/asciimatics,Apache-2.0,2015-04-15 20:18:41.000,2025-06-03 21:42:03.000,264.0,18.0,4276.0,24,False,asciimatics,conda-forge/asciimatics,,1297.0,1180.0,https://pypi.org/project/asciimatics,2023-10-25 15:19:05.000,2023-10-25 15:19:05.000,1.15.0,24.0,117.0,98108.0,102057.0,https://anaconda.org/conda-forge/asciimatics,2025-04-22 14:56:50.205,280436.0,,,,,3.0,,,,,,,,,,,,,,,,,,,,
239,ploomber,ploomber/ploomber,"The fastest way to build data pipelines. Develop iteratively, deploy anywhere.",,data-pipelines,https://github.com/ploomber/ploomber,80.0,https://github.com/ploomber/ploomber,Apache-2.0,2020-01-20 20:13:06.000,2025-05-29 22:02:03.000,241.0,110.0,3621.0,24,False,ploomber,conda-forge/ploomber,,13.0,,https://pypi.org/project/ploomber,2024-09-18 19:11:38.000,2024-09-18 19:11:38.000,0.23.3,117.0,13.0,5812.0,9145.0,https://anaconda.org/conda-forge/ploomber,2025-04-22 14:57:55.792,209998.0,,,,,2.0,,,,,,,,,2025-05-29 22:02:01,3061.0,2.0,301.0,765.0,,,,,,,
240,Koalas,databricks/koalas,Koalas: pandas API on Apache Spark.,,data-containers,https://github.com/databricks/koalas,51.0,https://github.com/databricks/koalas,Apache-2.0,2019-01-03 21:46:54.000,2025-04-22 14:57:05.444,366.0,109.0,3364.0,24,False,koalas,conda-forge/koalas,,426.0,395.0,https://pypi.org/project/koalas,2021-10-19 22:26:05.000,2021-10-19 22:26:05.000,1.8.2,47.0,31.0,587337.0,592870.0,https://anaconda.org/conda-forge/koalas,2025-04-22 14:57:05.444,486968.0,,,,,3.0,"['spark', 'pandas']",,,,,,,,,,,,,,,,,,,
241,Blaze,blaze/blaze,NumPy and Pandas interface to Big Data.,,data-containers,https://github.com/blaze/blaze,69.0,https://github.com/blaze/blaze,BSD-3-Clause,2012-10-26 14:25:22.000,2025-04-22 14:56:39.802,393.0,268.0,3195.0,24,False,blaze,conda-forge/blaze,,9412.0,9399.0,https://pypi.org/project/blaze,2021-12-15 15:22:54.705,2021-12-15 15:22:54.705,0.6.0,13.0,13.0,27652.0,31124.0,https://anaconda.org/conda-forge/blaze,2025-04-22 14:56:39.802,378499.0,,,,,3.0,,,,,,,,,,,,,,,,,,,,
242,sklearn-pandas,scikit-learn-contrib/sklearn-pandas,Pandas integration with sklearn.,,data-containers,https://github.com/scikit-learn-contrib/sklearn-pandas,39.0,https://github.com/scikit-learn-contrib/sklearn-pandas,Zlib,2013-04-22 22:55:20.000,2025-04-22 14:57:40.956,417.0,38.0,2784.0,24,False,sklearn-pandas,conda-forge/sklearn-pandas,,11873.0,11793.0,https://pypi.org/project/sklearn-pandas,2021-05-08 08:14:28.000,2021-05-08 08:14:28.000,2.2.0,27.0,80.0,120740.0,122107.0,https://anaconda.org/conda-forge/sklearn-pandas,2025-04-22 14:57:40.956,95735.0,,,,,3.0,"['sklearn', 'pandas']",,,,,,,,,,,,,,,,,,,
243,mrjob,Yelp/mrjob,Run MapReduce jobs on Hadoop or Amazon Web Services.,,data-pipelines,https://github.com/Yelp/mrjob,146.0,https://github.com/Yelp/mrjob,Apache-2.0,2010-10-13 18:35:21.000,2025-04-22 14:56:27.508,588.0,214.0,2618.0,24,False,mrjob,conda-forge/mrjob,,1719.0,1716.0,https://pypi.org/project/mrjob,2021-12-15 14:47:15.579,2021-12-15 14:47:15.579,0.4.0,62.0,3.0,67131.0,79195.0,https://anaconda.org/conda-forge/mrjob,2025-04-22 14:56:27.508,892778.0,,,,,2.0,,,,,,,,,,,,,,,,,,,,
244,swifter,jmcarpenter2/swifter,A package which efficiently applies any function to a pandas dataframe or series in the fastest available manner.,,data-containers,https://github.com/jmcarpenter2/swifter,19.0,https://github.com/jmcarpenter2/swifter,MIT,2018-04-07 21:37:19.000,2025-04-22 14:57:04.018,101.0,22.0,2542.0,24,False,swifter,conda-forge/swifter,,2136.0,2079.0,https://pypi.org/project/swifter,2023-07-31 18:46:53.000,2023-07-31 18:46:53.000,1.4.0,86.0,57.0,13955331.0,13963262.0,https://anaconda.org/conda-forge/swifter,2025-04-22 14:57:04.018,594870.0,,,,,3.0,['pandas'],,,,,,,4.0,,,,,,,,,,,,
245,pyscaffold,pyscaffold/pyscaffold,Python project template generator with batteries included.,,others,https://github.com/pyscaffold/pyscaffold,59.0,https://github.com/pyscaffold/pyscaffold,MIT,2014-04-02 07:01:57.000,2026-08-31 17:16:16.000,188.0,37.0,2259.0,24,True,pyscaffold,conda-forge/pyscaffold,,46.0,,https://pypi.org/project/pyscaffold,2024-09-23 15:42:38.000,2023-04-18 16:10:45.643,4.4.1,182.0,46.0,2024566.0,2035905.0,https://anaconda.org/conda-forge/pyscaffold,2025-04-22 14:56:22.133,782442.0,,,,,3.0,,,,,,,,,,,,,,,,,,,,
246,gin-config,google/gin-config,Gin provides a lightweight configuration framework for Python.,,configuration,https://github.com/google/gin-config,28.0,https://github.com/google/gin-config,Apache-2.0,2018-06-27 20:21:12.000,2025-04-30 17:01:01.000,118.0,60.0,2117.0,24,False,gin-config,conda-forge/gin-config,,13299.0,13224.0,https://pypi.org/project/gin-config,2021-11-03 09:30:11.939,2021-11-03 09:30:11.939,0.5.0,12.0,75.0,341042.0,341509.0,https://anaconda.org/conda-forge/gin-config,2025-04-22 14:57:26.496,35537.0,,,,,3.0,,,,,,,,,,,,,,,,,,,,
247,pyfilesystem2,pyfilesystem/pyfilesystem2,Pythons Filesystem abstraction layer.,,file-path-utils,https://github.com/pyfilesystem/pyfilesystem2,47.0,https://github.com/pyfilesystem/pyfilesystem2,MIT,2016-10-14 15:05:27.000,2025-05-17 13:45:45.000,187.0,117.0,2106.0,24,False,fs,conda-forge/fs,,410.0,,https://pypi.org/project/fs,2023-07-20 15:36:08.195,2023-07-20 15:36:08.195,0.3.0,88.0,410.0,1606172.0,1622243.0,https://anaconda.org/conda-forge/fs,2025-04-22 14:56:42.067,1735766.0,,,,,3.0,,,,,,,,,,,,,,,,,,,,
248,prisma,RobertCraigie/prisma-client-py,Prisma Client Python is an auto-generated and fully type-safe database client designed for ease of use.,,db-clients,https://github.com/RobertCraigie/prisma-client-py,31.0,https://github.com/RobertCraigie/prisma-client-py,Apache-2.0,2020-12-16 04:29:28.000,2025-04-10 08:07:05.000,90.0,236.0,2093.0,24,False,prisma,,,24.0,,https://pypi.org/project/prisma,2024-08-16 02:54:02.000,2024-08-16 02:54:35.000,0.15.0,37.0,24.0,792464.0,792464.0,,,,,,,,3.0,,,,,,,,,2025-03-23 17:43:00,931.0,1.0,563.0,205.0,,,,,,,
249,influxdb,influxdata/influxdb-python,Python client for InfluxDB.,,db-clients,https://github.com/influxdata/influxdb-python,143.0,https://github.com/influxdata/influxdb-python,MIT,2013-11-05 19:27:16.000,2025-04-22 14:57:24.275,524.0,168.0,1691.0,24,False,influxdb,conda-forge/influxdb,,362.0,,https://pypi.org/project/influxdb,2024-04-18 21:45:06.000,2024-04-18 21:45:06.000,5.3.2,55.0,362.0,2654546.0,2657984.0,https://anaconda.org/conda-forge/influxdb,2025-04-22 14:57:24.275,264769.0,,,,,3.0,,,,,,,,,,,,,,,,,,,,
250,sqlitedict,RaRe-Technologies/sqlitedict,"Persistent dict in Python, backed up by sqlite3 and pickle, multithread-safe.",,data-structures,https://github.com/piskvorky/sqlitedict,40.0,,Apache-2.0,2020-09-30 16:31:41.976,2025-04-22 14:56:57.223,141.0,,1248.0,24,False,sqlitedict,conda-forge/sqlitedict,,9179.0,8917.0,https://pypi.org/project/sqlitedict,2022-12-03 13:40:11.241,2022-12-03 13:40:11.241,2.1.0,21.0,262.0,1408401.0,1411865.0,https://anaconda.org/conda-forge/sqlitedict,2025-04-22 14:56:57.223,249436.0,,,,,3.0,,,,,,,,,,,,,,,,,,,,
251,immutables,MagicStack/immutables,A high-performance immutable mapping type for Python.,,data-structures,https://github.com/MagicStack/immutables,17.0,https://github.com/MagicStack/immutables,Apache-2.0,2018-03-30 21:24:52.000,2026-09-05 12:43:19.175,59.0,12.0,1205.0,24,True,immutables,conda-forge/immutables,,8121.0,7986.0,https://pypi.org/project/immutables,2024-10-10 00:53:56.000,,,21.0,135.0,1752876.0,1779045.0,https://anaconda.org/conda-forge/immutables,2026-09-05 12:43:19.175,1988868.0,,,,,3.0,,,,,,,,,,,,,,,,,,,,
252,path,jaraco/path,Object-oriented file system path manipulation.,,file-path-utils,https://github.com/jaraco/path,57.0,https://github.com/jaraco/path,,2012-04-21 02:59:29.000,2025-08-03 11:18:26.016,146.0,1.0,1120.0,24,False,path,conda-forge/path,,17744.0,17478.0,https://pypi.org/project/path,2025-07-27 20:40:22.000,2025-07-27 20:40:22.000,17.1.1,35.0,266.0,980285.0,997080.0,https://anaconda.org/conda-forge/path,2025-08-03 11:18:26.016,1276428.0,,,,,3.0,,,,,,,,,,,,,,,,,,,,
253,redis-py-cluster,grokzen/redis-py-cluster,Python cluster client for the official redis cluster. Redis 3.0+.,,db-clients,https://github.com/grokzen/redis-py-cluster,73.0,https://github.com/grokzen/redis-py-cluster,MIT,2013-05-21 06:41:34.000,2023-08-24 14:35:55.000,317.0,31.0,1092.0,24,False,redis-py-cluster,,,2611.0,2479.0,https://pypi.org/project/redis-py-cluster,2021-05-30 09:21:45.000,2021-05-30 09:21:45.000,2.1.3,19.0,132.0,2508046.0,2508046.0,,,,,,,,3.0,,,,,,,,,,,,,,,,,,,,
254,Intake,intake/intake,"Intake is a lightweight package for finding, investigating, loading and disseminating data.",,data-loading,https://github.com/intake/intake,97.0,https://github.com/intake/intake,BSD-2-Clause,2017-08-14 20:44:22.000,2026-06-17 17:08:46.000,152.0,114.0,1080.0,24,True,intake,conda-forge/intake,,3892.0,3659.0,https://pypi.org/project/intake,2026-06-17 17:08:46.000,2026-03-09 13:41:43.000,2.0.9,41.0,233.0,68139.0,81026.0,https://anaconda.org/conda-forge/intake,2026-03-09 16:27:13.233,966580.0,,,,,2.0,,,,,,,,,,,,,,,,,,,,
255,minio,minio/minio-py,MinIO Client SDK for Python.,,db-clients,https://github.com/minio/minio-py,147.0,https://github.com/minio/minio-py,Apache-2.0,2015-06-17 03:51:15.000,2025-12-07 06:51:23.000,370.0,4.0,1046.0,24,True,minio,conda-forge/minio,,823.0,,https://pypi.org/project/minio,2025-11-27 00:37:13.000,2025-11-27 00:37:13.000,7.2.20,127.0,823.0,8869678.0,8875246.0,https://anaconda.org/conda-forge/minio,2025-11-27 01:42:18.090,406524.0,,,,,3.0,,,,,,,,,,,,,,,,,,,,
256,cx-Oracle,oracle/python-cx_Oracle,"Obsolete Python interface to Oracle Database, now superseded by python-oracledb.",,db-clients,https://github.com/oracle/python-cx_Oracle,17.0,https://github.com/oracle/python-cx_Oracle,BSD-3-Clause,2017-03-07 04:03:36.000,2026-01-15 21:15:00.327,364.0,22.0,896.0,24,True,cx-Oracle,conda-forge/cx_oracle,,9633.0,9199.0,https://pypi.org/project/cx-Oracle,2023-07-20 16:04:57.864,2023-07-20 16:04:57.864,5.0.2,55.0,434.0,2449271.0,2464805.0,https://anaconda.org/conda-forge/cx_oracle,2026-01-15 21:15:00.327,1149577.0,,,,,3.0,,,,,,,,,,,,,,,,,,,,
257,pysolr,django-haystack/pysolr,Pysolr Python Solr client.,,db-clients,https://github.com/django-haystack/pysolr,79.0,https://github.com/django-haystack/pysolr,BSD-3-Clause,2009-07-01 17:54:08.000,2026-03-14 00:59:25.000,338.0,24.0,697.0,24,True,pysolr,conda-forge/pysolr,,4058.0,3971.0,https://pypi.org/project/pysolr,2025-11-18 10:42:40.000,2025-11-18 10:42:40.000,3.11.0,39.0,87.0,346808.0,351727.0,https://anaconda.org/conda-forge/pysolr,2025-11-18 13:40:33.893,118075.0,,,,,3.0,,,,,,,,,,,,,,,,,,,,
258,dataclasses,ericvsmith/dataclasses,A backport of the dataclasses module for Python 3.6.,,compatibility,https://github.com/ericvsmith/dataclasses,12.0,https://github.com/ericvsmith/dataclasses,Apache-2.0,2017-05-19 20:46:27.000,2025-04-22 14:56:50.362,51.0,8.0,593.0,24,False,dataclasses,conda-forge/dataclasses,,76553.0,73088.0,https://pypi.org/project/dataclasses,2020-11-13 14:40:29.000,,,8.0,3465.0,6262199.0,6401846.0,https://anaconda.org/conda-forge/dataclasses,2025-04-22 14:56:50.362,13964734.0,,,,,3.0,,,,,,,,,,,,,,,,,,,,
259,beaker,bbangert/beaker,WSGI middleware for sessions and caching.,,caching,https://github.com/bbangert/beaker,94.0,https://github.com/bbangert/beaker,BSD-3-Clause,2011-10-16 17:48:39.000,2026-05-30 17:42:29.798,144.0,75.0,512.0,24,True,beaker,conda-forge/beaker,,6294.0,6200.0,https://pypi.org/project/beaker,2026-05-30 12:02:21.000,2026-05-30 12:02:21.000,1.14.1,64.0,94.0,165083.0,169489.0,https://anaconda.org/conda-forge/beaker,2026-05-30 17:42:29.798,198281.0,,,,,3.0,,,,,,,,,,,,,,,,,,,,
260,pylibmc,lericson/pylibmc,A Python wrapper around the libmemcached interface from TangentOrg.,,caching,https://github.com/lericson/pylibmc,57.0,https://github.com/lericson/pylibmc,BSD-3-Clause,2009-07-31 19:51:02.000,2026-09-06 02:37:24.260,137.0,26.0,479.0,24,True,pylibmc,conda-forge/pylibmc,,5957.0,5878.0,https://pypi.org/project/pylibmc,2022-08-30 07:35:04.550,2022-08-30 07:35:04.550,1.6.3,44.0,79.0,391873.0,398768.0,https://anaconda.org/conda-forge/pylibmc,2026-09-06 02:37:24.260,489573.0,,,,,3.0,,,,,,,,,,,,,,,,,,,,
261,typing_inspect,ilevkivskyi/typing_inspect,Runtime inspection utilities for Python typing module.,,inspect,https://github.com/ilevkivskyi/typing_inspect,21.0,https://github.com/ilevkivskyi/typing_inspect,MIT,2017-04-29 15:49:25.000,2025-05-12 13:53:23.000,38.0,24.0,369.0,24,False,typing_inspect,conda-forge/typing_inspect,,719.0,,https://pypi.org/project/typing_inspect,2023-05-24 20:27:04.117,2023-05-24 20:27:04.117,0.9.0,12.0,719.0,63983840.0,64046125.0,https://anaconda.org/conda-forge/typing_inspect,2025-04-22 14:57:03.639,3923980.0,,,,,3.0,,,,,,,,,,,,,,,,,,,,
262,futures,agronholm/pythonfutures,Backport of the concurrent.futures package to Python 2.6 and 2.7.,,compatibility,https://github.com/agronholm/pythonfutures,19.0,https://github.com/agronholm/pythonfutures,Python-2.0,2015-03-13 23:36:07.000,2025-04-22 14:56:26.652,46.0,5.0,235.0,24,False,futures,conda-forge/futures,,43279.0,42310.0,https://pypi.org/project/futures,2022-10-31 21:42:18.266,2022-10-31 21:42:18.266,3.4.0,25.0,969.0,2655563.0,2667190.0,https://anaconda.org/conda-forge/futures,2025-04-22 14:56:26.652,1406875.0,,,,,3.0,,,,,,,,,,,,,,,,,,,,
263,docopt-ng,jazzband/docopt-ng,"Humane command line arguments parser. Now with maintenance, typehints, and complete test coverage.",,cli-helpers,https://github.com/jazzband/docopt-ng,54.0,https://github.com/jazzband/docopt-ng,MIT,2019-03-26 15:35:29.000,2026-07-19 01:41:20.000,27.0,14.0,223.0,24,True,docopt-ng,,,976.0,876.0,https://pypi.org/project/docopt-ng,2023-05-30 20:46:45.000,2023-05-30 20:46:45.000,0.9.0,6.0,100.0,1767786.0,1767786.0,,,,,,,,3.0,,,,,,,,,,,,,,,,,,,,
264,catalogue,explosion/catalogue,Super lightweight function registries for your library.,,others,https://github.com/explosion/catalogue,12.0,https://github.com/explosion/catalogue,MIT,2019-11-01 14:09:09.000,2025-08-27 13:47:23.446,20.0,6.0,177.0,24,False,catalogue,conda-forge/catalogue,,66120.0,65979.0,https://pypi.org/project/catalogue,2023-09-25 06:29:23.000,2023-09-25 06:29:23.000,2.0.10,27.0,141.0,22704110.0,22736757.0,https://anaconda.org/conda-forge/catalogue,2025-08-27 13:47:23.446,2415908.0,,,,,3.0,,,,,,,,,,,,,,,,,,,,
265,coolname,alexanderlukanin13/coolname,Random Name and Slug Generator.,,text,https://github.com/alexanderlukanin13/coolname,7.0,https://github.com/alexanderlukanin13/coolname,BSD-2-Clause,2015-11-06 18:07:11.000,2026-05-29 13:27:47.021,16.0,1.0,177.0,24,True,coolname,conda-forge/coolname,,4568.0,4396.0,https://pypi.org/project/coolname,2026-04-23 06:04:49.000,2026-04-23 06:04:49.000,5.0.0,14.0,172.0,7118661.0,7122696.0,https://anaconda.org/conda-forge/coolname,2026-05-29 13:27:47.021,278429.0,,,,,3.0,,,,,,,,,,,,,,,,,,,,
266,importlib-resources,python/importlib_resources,Backport of the importlib.resources module.,,inspect,https://github.com/python/importlib_resources,52.0,https://github.com/python/importlib_resources,,2020-05-18 12:28:24.318,2026-04-13 23:37:11.000,49.0,9.0,74.0,24,False,importlib-resources,conda-forge/importlib_resources,,5216.0,,https://pypi.org/project/importlib-resources,2026-04-12 16:36:08.000,2026-04-12 16:36:08.000,7.1.0,83.0,5216.0,64697027.0,65406777.0,https://anaconda.org/conda-forge/importlib_resources,2026-04-13 08:28:35.665,53941004.0,,,,,3.0,,,,,,,,,,,,,,,,,,,,
267,Gooey,chriskiehl/Gooey,Turn (almost) any Python command line program into a full GUI application with one line.,,gui-dev,https://github.com/chriskiehl/Gooey,105.0,https://github.com/chriskiehl/Gooey,MIT,2014-01-01 21:06:05.000,2026-03-26 17:49:53.950,1018.0,168.0,20615.0,23,True,gooey,conda-forge/gooey,,1199.0,1094.0,https://pypi.org/project/gooey,2022-01-29 23:10:33.000,2021-12-15 16:29:29.533,0.8.7,58.0,105.0,3960.0,6005.0,https://anaconda.org/conda-forge/gooey,2026-03-26 17:49:53.950,153429.0,,,,,3.0,,,,,,,,,,,,,,,,,,,,
268,toga,beeware/toga,"A Python native, OS native GUI toolkit.",,gui-dev,https://github.com/beeware/toga,352.0,https://github.com/beeware/toga,BSD-3-Clause,2014-08-01 21:44:10.000,2026-07-08 01:05:50.000,818.0,301.0,5391.0,23,True,toga,,@pybee/toga,58.0,3.0,https://pypi.org/project/toga,2026-07-08 01:05:50.000,2026-07-08 01:05:50.000,0.5.6,80.0,50.0,3476.0,3526.0,,,,https://www.npmjs.com/package/@pybee/toga,2017-04-23 05:17:57.458,5.0,50.0,3.0,,,,,,,,,,,,,,,,,,,,
269,camelot,camelot-dev/camelot,A Python library to extract tabular data from PDFs.,,data-loading,https://github.com/camelot-dev/camelot,80.0,https://github.com/camelot-dev/camelot,MIT,2019-07-01 13:39:33.000,2026-09-14 21:33:20.000,546.0,54.0,3821.0,23,True,camelot,,,3689.0,3683.0,https://pypi.org/project/camelot,2021-12-15 14:24:33.385,2011-12-30 16:40:09.000,11.12.30,16.0,6.0,2798.0,2798.0,,,,,,,,3.0,,,,,,,,,,,,,,,,,,,,
270,Pandaral·lel,nalepae/pandarallel,A simple and efficient tool to parallelize Pandas operations on all availableCPUs.,,data-containers,https://github.com/nalepae/pandarallel,26.0,https://github.com/nalepae/pandarallel,BSD-3-Clause,2019-03-10 11:58:29.000,2025-04-22 14:57:53.953,213.0,99.0,3790.0,23,False,pandarallel,conda-forge/pandarallel,,107.0,,https://pypi.org/project/pandarallel,2023-05-02 20:45:04.130,2023-05-02 20:45:04.130,1.6.5,41.0,107.0,521723.0,524164.0,https://anaconda.org/conda-forge/pandarallel,2025-04-22 14:57:53.953,153808.0,,,,,3.0,"['pandas', 'jupyter']",,,,,,,,,,,,,,,,,,,
271,SDV,sdv-dev/SDV,Synthetic data generation for tabular data.,,data-loading,https://github.com/sdv-dev/SDV,51.0,https://github.com/sdv-dev/SDV,,2018-05-11 15:56:50.000,2026-09-06 18:49:28.818,419.0,160.0,3552.0,23,False,sdv,conda-forge/sdv,,1025.0,921.0,https://pypi.org/project/sdv,2026-09-04 20:34:59.000,2026-09-04 20:34:59.000,1.38.3,238.0,104.0,51204.0,53157.0,https://anaconda.org/conda-forge/sdv,2026-09-06 18:49:28.818,111361.0,,,,,3.0,,,,,,,,,,,,,,,,,,,,
272,python-box,cdgriffith/Box,Python dictionaries with advanced dot notation access.,,data-structures,https://github.com/cdgriffith/Box,1.0,https://github.com/cdgriffith/Box,MIT,2017-03-11 04:46:51.000,2026-09-06 14:55:26.068,118.0,32.0,2817.0,23,True,python-box,conda-forge/python-box,,593.0,,https://pypi.org/project/python-box,2026-02-21 16:21:14.000,2026-02-21 16:21:14.000,7.4.1,69.0,593.0,4471234.0,4488365.0,https://anaconda.org/conda-forge/python-box,2026-09-06 14:55:26.068,1267735.0,,,,,3.0,,,,,,,,,,,,,,,,,,,,
273,gino,python-gino/gino,GINO Is Not ORM - a Python asyncio ORM on SQLAlchemy core.,,db-clients,https://github.com/python-gino/gino,45.0,https://github.com/python-gino/gino,BSD-3-Clause,2017-07-21 04:27:01.000,2022-02-12 20:37:35.000,150.0,55.0,2726.0,23,False,gino,,,2555.0,2505.0,https://pypi.org/project/gino,2022-02-12 20:37:35.000,2020-06-08 23:55:55.000,1.0.1,50.0,50.0,10088.0,10088.0,,,,,,,,3.0,,,,,,,,,,,,,,,,,,,,
274,PyFunctional,EntilZha/PyFunctional,Python library for creating data pipelines with chain functional programming.,,data-pipelines,https://github.com/EntilZha/PyFunctional,33.0,https://github.com/EntilZha/PyFunctional,MIT,2015-02-05 17:17:51.000,2024-03-13 17:36:36.000,134.0,14.0,2311.0,23,False,pyfunctional,,,1019.0,992.0,https://pypi.org/project/pyfunctional,2024-03-13 17:36:36.000,2024-03-13 17:36:36.000,1.5.0,15.0,27.0,308851.0,308851.0,,,,,,,,3.0,,,,,,,,,,,,,,,,,,,,
275,ODMantic,art049/odmantic,Sync and Async ODM (Object Document Mapper) for MongoDB based on python type hints.,,db-clients,https://github.com/art049/odmantic,23.0,https://github.com/art049/odmantic,ISC,2020-05-01 13:59:45.000,2026-05-19 21:43:53.000,97.0,118.0,1176.0,23,True,odmantic,,,3625.0,3601.0,https://pypi.org/project/odmantic,2026-01-24 18:02:02.000,2026-01-24 18:02:02.000,1.1.0,23.0,24.0,60950.0,60950.0,,,,,,,,3.0,,,,,,,,,,,,,,,,,,,,
276,neo4j-driver,neo4j/neo4j-python-driver,Neo4j Bolt driver for Python.,,db-clients,https://github.com/neo4j/neo4j-python-driver,45.0,https://github.com/neo4j/neo4j-python-driver,Apache-2.0,2015-05-05 13:08:20.000,2026-09-15 08:47:02.000,214.0,9.0,1048.0,23,True,neo4j-driver,conda-forge/neo4j-python-driver,,65.0,,https://pypi.org/project/neo4j-driver,2026-09-15 08:47:02.000,2026-09-15 08:47:02.000,5.28.6,151.0,65.0,95984.0,103086.0,https://anaconda.org/conda-forge/neo4j-python-driver,2026-09-15 08:24:11.241,532682.0,,,,,3.0,,,,,,,,,,,,,,,,,,,,
277,dirty-equals,samuelcolvin/dirty-equals,Doing dirty (but extremely useful) things with equals.,,data-validation,https://github.com/samuelcolvin/dirty-equals,21.0,https://github.com/samuelcolvin/dirty-equals,MIT,2022-01-26 16:10:05.000,2025-11-18 11:10:57.068,48.0,21.0,997.0,23,True,dirty-equals,conda-forge/dirty-equals,,1224.0,1122.0,https://pypi.org/project/dirty-equals,2025-11-17 01:51:22.000,2025-09-19 16:05:29.000,0.10.0,19.0,102.0,2276360.0,2279130.0,https://anaconda.org/conda-forge/dirty-equals,2025-11-18 11:10:57.068,149622.0,,,,,3.0,,,,,,,,,,,,,,,,,,,,
278,janus,aio-libs/janus,Thread-safe asyncio-aware queue for Python.,,data-structures,https://github.com/aio-libs/janus,30.0,https://github.com/aio-libs/janus,Apache-2.0,2015-06-08 15:45:28.000,2026-08-03 04:08:54.000,54.0,12.0,964.0,23,True,janus,conda-forge/janus,,133.0,,https://pypi.org/project/janus,2024-12-13 12:59:06.000,2024-12-13 12:59:06.000,2.0.0,21.0,133.0,4143545.0,4146278.0,https://anaconda.org/conda-forge/janus,2025-04-22 14:57:06.889,191331.0,,,,,3.0,,,,,,,,,,,,,,,,,,,,
279,pyscreenshot,ponty/pyscreenshot,"Python screenshot library, replacement for the Pillow ImageGrab module on Linux.",,others,https://github.com/ponty/pyscreenshot,25.0,https://github.com/ponty/pyscreenshot,BSD-2-Clause,2011-02-01 13:02:51.000,2023-11-04 13:29:53.000,89.0,,497.0,23,False,pyscreenshot,,,5955.0,5863.0,https://pypi.org/project/pyscreenshot,2023-03-12 06:35:43.130,2018-12-21 10:20:02.000,0.5.1,23.0,92.0,159681.0,159681.0,,,,,,,,3.0,,,,,,,,,,,,,,,,,,,,
280,umongo,Scille/umongo,"sync/async MongoDB ODM, yes.",,db-clients,https://github.com/Scille/umongo,19.0,https://github.com/Scille/umongo,MIT,2016-03-09 16:34:42.000,2026-08-20 21:49:27.587,68.0,53.0,447.0,23,True,umongo,conda-forge/umongo,,26055.0,26045.0,https://pypi.org/project/umongo,2026-03-01 13:19:13.000,2026-03-01 13:19:13.000,4.0.0,59.0,10.0,16922.0,17264.0,https://anaconda.org/conda-forge/umongo,2026-08-20 21:49:27.587,20568.0,,,,,3.0,,,,,,,,5.0,,,,,,,,,,,,
281,aiomisc,aiokitchen/aiomisc,aiomisc - miscellaneous utils for asyncio.,,async,https://github.com/aiokitchen/aiomisc,22.0,https://github.com/aiokitchen/aiomisc,MIT,2018-04-13 14:33:37.000,2026-09-06 13:27:36.000,28.0,10.0,425.0,23,True,aiomisc,,,508.0,447.0,https://pypi.org/project/aiomisc,2026-09-06 13:27:36.000,2026-09-06 13:27:36.000,18.0.28,314.0,61.0,65366.0,65366.0,,,,,,,,3.0,,,,,,,,,,,,,,,,,,,,
282,tabulator-py,frictionlessdata/tabulator-py,Python library for reading and writing tabular data via streams.,,data-loading,https://github.com/frictionlessdata/tabulator-py,27.0,https://github.com/frictionlessdata/tabulator-py,MIT,2015-08-24 05:34:38.000,2025-04-22 14:56:37.611,42.0,,236.0,23,False,tabulator,conda-forge/tabulator-py,,37.0,,https://pypi.org/project/tabulator,2021-03-21 07:47:00.000,2023-12-02 01:27:27.146,0.3.2,142.0,37.0,82940.0,85508.0,https://anaconda.org/conda-forge/tabulator-py,2025-04-22 14:56:37.611,285131.0,,,,,3.0,,,,,,,,,2021-03-22 13:33:48,657.0,4.0,162.0,178.0,,,,,,,
283,filedepot,amol-/depot,Toolkit for storing files and attachments in web applications.,,db-clients,https://github.com/amol-/depot,21.0,https://github.com/amol-/depot,MIT,2014-06-04 10:27:12.000,2026-07-22 00:01:30.000,41.0,9.0,165.0,23,True,filedepot,,,1488.0,1473.0,https://pypi.org/project/filedepot,2026-07-22 00:01:30.000,2026-07-22 00:01:30.000,0.12.0,27.0,15.0,16396.0,16396.0,,,,,,,,3.0,,,,,,,,,,,,,,,,,,,,
284,contextlib2,jazzband/contextlib2,contextlib2 is a backport of the standard librarys contextlib module to earlier Python versions.,,compatibility,https://github.com/jazzband/contextlib2,17.0,https://github.com/jazzband/contextlib2,psfrag,2016-03-18 13:22:21.000,2025-10-06 17:48:17.000,12.0,4.0,39.0,23,False,contextlib2,conda-forge/contextlib2,,87055.0,86637.0,https://pypi.org/project/contextlib2,2021-06-27 06:54:20.000,2021-06-27 06:54:20.000,21.6.0,14.0,418.0,9407243.0,9447156.0,https://anaconda.org/conda-forge/contextlib2,2025-04-22 14:56:20.337,2514535.0,,,,,3.0,,,,,,,,,,,,,,,,,,,,
285,algorithms,keon/algorithms,Minimal examples of data structures and algorithms in Python.,,algorithms,https://github.com/keon/algorithms,224.0,https://github.com/keon/algorithms,MIT,2016-11-17 22:32:08.000,2026-02-18 00:50:03.000,4711.0,,24988.0,22,True,algorithms,conda-forge/algorithms,,148.0,143.0,https://pypi.org/project/algorithms,2026-02-18 00:50:03.000,2026-02-18 00:50:03.000,1.0.1,7.0,5.0,968.0,1049.0,https://anaconda.org/conda-forge/algorithms,2025-04-22 14:57:51.136,5272.0,,,,,3.0,,,,,,,,,,,,,,,,,,,,
286,faust,robinhood/faust,Python Stream Processing.,,data-pipelines,https://github.com/robinhood/faust,95.0,https://github.com/robinhood/faust,BSD-3-Clause,2017-03-08 18:36:11.000,2024-07-27 10:27:41.000,540.0,278.0,6823.0,22,False,faust,,,2186.0,2162.0,https://pypi.org/project/faust,2020-02-25 22:58:45.202,2020-02-25 22:58:45.202,1.10.4,46.0,24.0,5159.0,5159.0,,,,,,,,3.0,,,,,,,,,,,,,,,,,,,,
287,snorkel,snorkel-team/snorkel,A system for quickly generating training data with weak supervision.,,data-loading,https://github.com/snorkel-team/snorkel,81.0,https://github.com/snorkel-team/snorkel,Apache-2.0,2016-02-26 05:52:45.000,2026-04-10 17:37:34.000,854.0,17.0,5962.0,22,True,snorkel,conda-forge/snorkel,,700.0,678.0,https://pypi.org/project/snorkel,2024-02-27 22:57:29.000,2024-02-27 22:57:29.000,0.10.0,22.0,22.0,31397.0,32555.0,https://anaconda.org/conda-forge/snorkel,2025-04-22 14:57:07.929,76479.0,,,,,3.0,,,,,,,,,,,,,,,,,,,,
288,img2dataset,rom1504/img2dataset,"Easily turn large sets of image urls to an image dataset. Can download, resize and package 100M urls in 20h on one..",,data-loading,https://github.com/rom1504/img2dataset,36.0,https://github.com/rom1504/img2dataset,MIT,2021-08-11 20:20:15.000,2025-10-19 21:22:50.000,362.0,144.0,4210.0,22,True,img2dataset,,,297.0,291.0,https://pypi.org/project/img2dataset,2025-08-09 22:07:21.000,2025-08-09 22:07:21.000,1.47.0,89.0,6.0,44814.0,44814.0,,,,,,,,3.0,,,,,,,,,,,,,,,,,,,,
289,whylogs,whylabs/whylogs,Open standard for end-to-end data and ML monitoring for any scale in any infrastructure.,,data-pipelines,https://github.com/whylabs/whylogs,35.0,https://github.com/whylabs/whylogs,Apache-2.0,2020-08-14 23:25:32.000,2025-01-10 20:14:49.000,134.0,,2776.0,22,False,whylogs,,,413.0,405.0,https://pypi.org/project/whylogs,2024-12-03 23:54:37.000,2024-11-21 02:10:18.000,1.6.3,361.0,8.0,85276.0,85276.0,,,,,,,,3.0,,,,,,,,,,,,,,,,,,,,
290,mongo-connector,yougov/mongo-connector,MongoDB data stream pipeline tools by YouGov (adopted from MongoDB).,,db-clients,https://github.com/yougov/mongo-connector,62.0,https://github.com/yougov/mongo-connector,Apache-2.0,2012-08-09 23:39:36.000,2024-03-27 15:59:35.000,474.0,263.0,1878.0,22,False,mongo-connector,,,242.0,233.0,https://pypi.org/project/mongo-connector,2018-12-05 19:18:21.000,2018-12-05 19:18:21.000,3.1.1,51.0,9.0,20358.0,20358.0,,,,,,,,3.0,,,,,,,,,,,,,,,,,,,,
291,datatable,h2oai/datatable,A Python package for manipulating 2-dimensional tabular data structures.,,data-containers,https://github.com/h2oai/datatable,42.0,https://github.com/h2oai/datatable,MPL-2.0,2017-03-03 02:32:59.000,2026-09-09 10:35:36.729,163.0,180.0,1867.0,22,True,datatable,conda-forge/datatable,,54.0,,https://pypi.org/project/datatable,2023-12-01 21:51:48.000,2023-12-01 21:51:48.000,1.1.0,15.0,54.0,20455.0,21414.0,https://anaconda.org/conda-forge/datatable,2026-09-09 10:35:36.729,66237.0,,,,,3.0,,,,,,,,,,,,,,,,,,,,
292,pandasql,yhat/pandasql,sqldf for pandas.,,data-containers,https://github.com/yhat/pandasql,15.0,https://github.com/yhat/pandasql,MIT,2013-02-18 01:53:56.000,2025-04-22 14:57:54.808,186.0,59.0,1349.0,22,False,pandasql,conda-forge/pandasql,,76.0,,https://pypi.org/project/pandasql,2016-04-20 21:52:36.000,2016-04-20 21:52:36.000,0.7.3,31.0,76.0,2588795.0,2599215.0,https://anaconda.org/conda-forge/pandasql,2025-04-22 14:57:54.808,656497.0,,,,,3.0,['pandas'],,,,,,,,,,,,,,,,,,,
293,Singer,singer-io/getting-started,"Standard for moving data between databases, web APIs, files, queues, and just about anything else you can think of.",,data-loading,https://github.com/singer-io/getting-started,33.0,https://github.com/singer-io/getting-started,AGPL-3.0,2016-10-31 16:53:56.000,2026-02-27 17:28:30.000,146.0,29.0,1288.0,22,True,singer-python,,,306.0,,https://pypi.org/project/singer-python,2026-02-27 17:28:30.000,2026-02-27 17:15:11.000,6.8.0,131.0,306.0,534291.0,534291.0,,,,,,,,3.0,,,,,,,,,,,,,,,,,,,,
294,parallel-ssh,ParallelSSH/parallel-ssh,Asynchronous parallel SSH client library.,,infrastructure,https://github.com/ParallelSSH/parallel-ssh,23.0,https://github.com/ParallelSSH/parallel-ssh,LGPL-2.1,2012-12-24 14:45:36.000,2025-10-14 12:24:14.000,154.0,11.0,1258.0,22,False,parallel-ssh,,,316.0,282.0,https://pypi.org/project/parallel-ssh,2025-10-14 12:24:14.000,2025-10-12 15:36:40.000,2.16.0,104.0,34.0,234068.0,234068.0,,,,,,,,3.0,,,,,,,,,,,,,,,,,,,,
295,pluginbase,mitsuhiko/pluginbase,A simple but flexible plugin system for Python.,,others,https://github.com/mitsuhiko/pluginbase,9.0,https://github.com/mitsuhiko/pluginbase,BSD-3-Clause,2014-06-30 20:51:42.000,2025-04-22 14:56:45.424,142.0,3.0,1089.0,22,False,pluginbase,conda-forge/pluginbase,,3110.0,3042.0,https://pypi.org/project/pluginbase,2021-05-16 16:25:40.000,2021-05-16 16:25:40.000,1.0.1,9.0,68.0,854519.0,869952.0,https://anaconda.org/conda-forge/pluginbase,2025-04-22 14:56:45.424,370399.0,,,,,3.0,,,,,,,,,,,,,,,,,,,,
296,bcolz,Blosc/bcolz,A columnar data container that can be compressed.,,data-containers,https://github.com/Blosc/bcolz,33.0,https://github.com/Blosc/bcolz,BSD-3-Clause,2010-08-18 15:27:02.000,2025-04-22 14:56:31.857,149.0,132.0,956.0,22,False,bcolz,conda-forge/bcolz,,2131.0,2088.0,https://pypi.org/project/bcolz,2018-04-13 07:44:26.000,2018-04-13 07:44:26.000,1.2.1,23.0,43.0,9371.0,14680.0,https://anaconda.org/conda-forge/bcolz,2025-04-22 14:56:31.857,610568.0,,,,,3.0,,,,,,,,,,,,,,,,,,,,
297,munch,Infinidat/munch,A Munch is a Python dictionary that provides attribute-style access (a la JavaScript objects).,,data-structures,https://github.com/Infinidat/munch,27.0,https://github.com/Infinidat/munch,MIT,2012-03-08 21:20:50.000,2025-04-22 14:56:20.788,86.0,14.0,781.0,22,False,munch,conda-forge/munch,,576.0,,https://pypi.org/project/munch,2023-07-01 09:51:02.251,2023-07-01 09:51:02.251,4.0.0,16.0,576.0,2359631.0,2476795.0,https://anaconda.org/conda-forge/munch,2025-04-22 14:56:20.788,4686592.0,,,,,3.0,,,,,,,,,,,,,,,,,,,,
298,HappyBase,python-happybase/happybase,[UNMAINTAINED] A developer-friendly Python library to interact with Apache HBase.,,db-clients,https://github.com/python-happybase/happybase,22.0,https://github.com/python-happybase/happybase,MIT,2012-05-20 20:06:10.000,2025-09-26 09:31:47.000,163.0,34.0,609.0,22,True,happybase,conda-forge/happybase,,1076.0,1032.0,https://pypi.org/project/happybase,2025-09-26 09:30:46.000,2025-09-26 09:30:46.000,1.3.0,13.0,44.0,52780.0,55951.0,https://anaconda.org/conda-forge/happybase,2025-04-22 14:56:24.390,390100.0,,,,,3.0,,,,,,,,,,,,,,,,,,,,
299,hickle,telegraphic/hickle,a HDF5-based python pickle replacement.,,serialization,https://github.com/telegraphic/hickle,29.0,https://github.com/telegraphic/hickle,MIT,2012-05-28 09:04:16.000,2026-09-06 12:40:09.528,70.0,6.0,486.0,22,True,hickle,conda-forge/hickle,,1140.0,1101.0,https://pypi.org/project/hickle,2024-03-30 09:15:05.000,2024-03-30 09:15:05.000,5.0.3,40.0,39.0,38761.0,40155.0,https://anaconda.org/conda-forge/hickle,2026-09-06 12:40:09.528,43231.0,,,,,3.0,,,,,,,,,,,,,,,,,,,,
300,rtoml,samuelcolvin/rtoml,A fast TOML library for python implemented in rust.,,serialization,https://github.com/samuelcolvin/rtoml,16.0,https://github.com/samuelcolvin/rtoml,MIT,2020-01-07 22:30:25.000,2025-10-19 04:57:52.000,30.0,10.0,377.0,22,True,rtoml,,,1142.0,977.0,https://pypi.org/project/rtoml,2025-10-19 04:57:52.000,2025-10-19 04:57:52.000,0.13.0,17.0,165.0,1207431.0,1207431.0,,,,,,,,3.0,,,,,,,,,,,,,,,,,,,,
301,pyexcel-xlsx,pyexcel/pyexcel-xlsx,"A wrapper library to read, manipulate and write data in xlsx and xlsm format using openpyxl.",,data-loading,https://github.com/pyexcel/pyexcel-xlsx,6.0,https://github.com/pyexcel/pyexcel-xlsx,BSD-3-Clause,2014-12-02 00:03:24.000,2026-07-01 21:01:46.000,34.0,3.0,121.0,22,True,pyexcel-xlsx,conda-forge/pyexcel-xlsx,,3342.0,3267.0,https://pypi.org/project/pyexcel-xlsx,2025-03-05 07:35:39.000,2025-03-05 07:35:39.000,0.6.1,29.0,75.0,1033299.0,1034133.0,https://anaconda.org/conda-forge/pyexcel-xlsx,2025-04-22 14:56:42.748,59275.0,,,,,3.0,,,,,,,,,,,,,,,,,,,,
302,micropython,micropython/micropython,MicroPython - a lean and efficient Python implementation for microcontrollers and constrained systems.,,python-implementations,https://github.com/micropython/micropython,769.0,https://github.com/micropython/micropython,Python-2.0,2013-12-20 11:47:07.000,2026-08-24 13:50:59.000,8939.0,1540.0,22009.0,21,True,micropython-_markupbase,,,22.0,22.0,https://pypi.org/project/micropython-_markupbase,2016-10-10 21:51:14.000,2015-04-11 20:19:03.000,3.3.3,2.0,,,,,,,,,,,2.0,,,,,,,,,,,,,,,,,,,,
303,Activeloop,activeloopai/Hub,Activeloop Deep Lake.,,data-pipelines,https://www.github.com/activeloopai/deeplake,140.0,,MPL-2.0,,2023-02-02 20:54:34.806,723.0,,9242.0,21,False,hub,,,3497.0,3493.0,https://pypi.org/project/hub,2023-02-02 20:54:34.806,2023-02-02 20:54:34.806,2.5.1,154.0,4.0,4520.0,4520.0,,,,,,,,3.0,,,,,,,,,,,,,,,,,,,,
304,powerline-shell,b-ryan/powerline-shell,A beautiful and useful prompt for your shell.,,others,https://github.com/b-ryan/powerline-shell,89.0,https://github.com/b-ryan/powerline-shell,MIT,2012-09-09 16:12:53.000,2022-09-22 18:12:11.000,744.0,119.0,5927.0,21,False,powerline-shell,,,138.0,134.0,https://pypi.org/project/powerline-shell,2018-09-16 00:34:48.000,2018-09-16 00:34:48.000,0.7.0,26.0,4.0,8105.0,8105.0,,,,,,,,3.0,,,,,,,,,,,,,,,,,,,,
305,Arctic,man-group/arctic,Arctic is a high performance datastore for numeric data.,,data-containers,https://github.com/man-group/arctic,86.0,https://github.com/man-group/arctic,LGPL-2.1,2015-05-29 13:37:30.000,2026-09-01 21:41:40.419,578.0,97.0,3079.0,21,False,arctic,conda-forge/arctic,,312.0,289.0,https://pypi.org/project/arctic,2024-02-06 09:00:23.000,2024-02-06 09:00:23.000,1.82.2,96.0,23.0,1423.0,2380.0,https://anaconda.org/conda-forge/arctic,2026-09-01 21:41:40.419,49774.0,,,,,3.0,,,,,,,,,,,,,,,,,,,,
306,TaskTiger,closeio/tasktiger,Python task queue using Redis.,,data-pipelines,https://github.com/closeio/tasktiger,35.0,https://github.com/closeio/tasktiger,MIT,2015-05-14 00:26:32.000,2026-08-31 12:17:50.000,95.0,50.0,1467.0,21,True,tasktiger,,,35.0,33.0,https://pypi.org/project/tasktiger,2026-08-31 12:17:50.000,2026-08-31 12:17:50.000,0.26.0,46.0,2.0,8877.0,8877.0,,,,,,,,3.0,,,,,,,,,,,,,,,,,,,,
307,pysimdjson,TkTech/pysimdjson,Python bindings for the simdjson project.,,serialization,https://github.com/TkTech/pysimdjson,15.0,https://github.com/TkTech/pysimdjson,,2019-02-22 03:26:04.000,2026-09-05 15:46:08.772,60.0,9.0,709.0,21,False,pysimdjson,conda-forge/pysimdjson,,1678.0,1620.0,https://pypi.org/project/pysimdjson,2025-06-28 20:36:06.000,2025-05-20 04:54:21.000,7.0.1,39.0,58.0,699560.0,703983.0,https://anaconda.org/conda-forge/pysimdjson,2026-09-05 15:46:08.772,314073.0,,,,,3.0,,,,,,,,,,,,,,,,,,,,
308,price-parser,scrapinghub/price-parser,Extract price amount and currency symbol from a raw text string.,,text,https://github.com/scrapinghub/price-parser,19.0,https://github.com/scrapinghub/price-parser,BSD-3-Clause,2019-04-11 18:27:30.000,2026-03-19 11:33:22.000,54.0,26.0,346.0,21,True,price-parser,,,608.0,568.0,https://pypi.org/project/price-parser,2026-03-19 11:33:22.000,2026-03-19 11:33:22.000,0.5.1,15.0,40.0,740609.0,740609.0,,,,,,,,3.0,,,,,,,,,,,,,,,,,,,,
309,flupy,olirice/flupy,Fluent data pipelines for python and your shell.,,data-pipelines,https://github.com/olirice/flupy,9.0,https://github.com/olirice/flupy,,2018-01-06 16:46:04.000,2026-07-18 01:54:59.000,14.0,3.0,195.0,21,False,flupy,,,895.0,887.0,https://pypi.org/project/flupy,2026-07-18 01:54:59.000,2026-07-18 01:54:59.000,1.2.4,42.0,8.0,2355040.0,2355040.0,,,,,,,,3.0,,,,,,,,,,,,,,,,,,,,
310,pampy,santinic/pampy,Pampy: The Pattern Matching for Python you always dreamed of.,,utilities,https://github.com/santinic/pampy,10.0,https://github.com/santinic/pampy,MIT,2018-11-08 12:51:17.000,2022-03-29 22:05:25.000,125.0,23.0,3516.0,20,False,pampy,,,532.0,495.0,https://pypi.org/project/pampy,2019-11-07 15:54:35.000,2019-11-07 15:54:35.000,0.3.0,11.0,37.0,33078.0,33078.0,,,,,,,,3.0,,,,,,,,,,,,,,,,,,,,
311,flexx,flexxui/flexx,Write desktop and web apps in pure Python.,,gui-dev,https://github.com/flexxui/flexx,37.0,https://github.com/flexxui/flexx,BSD-2-Clause,2014-09-03 08:38:00.000,2025-04-22 14:56:24.897,256.0,96.0,3331.0,20,False,flexx,conda-forge/flexx,,160.0,153.0,https://pypi.org/project/flexx,2022-04-12 19:13:11.000,2022-04-12 19:13:11.000,0.8.4,17.0,7.0,1742.0,5915.0,https://anaconda.org/conda-forge/flexx,2025-04-22 14:56:24.897,300482.0,,,,,3.0,,,,,,,,,,,,,,,,,,,,
312,Phoenix,wxWidgets/Phoenix,"wxPythons Project Phoenix. A new implementation of wxPython, better, stronger, faster than he was before.",,gui-dev,https://github.com/wxWidgets/Phoenix,163.0,https://github.com/wxWidgets/Phoenix,wxWindows,2012-07-17 06:22:25.000,2026-09-13 19:19:13.918,564.0,644.0,2617.0,20,False,wx,conda-forge/wxpython,,9.0,,https://pypi.org/project/wx,2016-08-17 03:22:15.000,2016-08-17 03:22:15.000,3.0.3,20.0,9.0,,30745.0,https://anaconda.org/conda-forge/wxpython,2026-09-13 19:19:13.918,2182964.0,,,,,3.0,,,,,,,,,,,,,,,,,,,,
313,bonobo,python-bonobo/bonobo,Extract Transform Load for Python 3.5+.,,data-pipelines,https://github.com/python-bonobo/bonobo,37.0,https://github.com/python-bonobo/bonobo,Apache-2.0,2016-12-09 04:03:23.000,2023-05-12 06:19:51.000,145.0,107.0,1612.0,20,False,bonobo,,,195.0,186.0,https://pypi.org/project/bonobo,2019-07-20 13:33:19.000,2019-05-16 13:19:48.000,0.6.4,38.0,9.0,1268.0,1268.0,,,,,,,,3.0,,,,,,,,,,,,,,,,,,http://docs.bonobo-project.org/en/master/,,
314,CommonRegex,madisonmay/CommonRegex,A collection of common regular expressions bundled with an easy to use interface.,,utilities,https://github.com/madisonmay/CommonRegex,14.0,https://github.com/madisonmay/CommonRegex,MIT,2013-12-17 08:43:14.000,2023-04-20 18:31:08.000,141.0,22.0,1566.0,20,False,commonregex,,,220.0,212.0,https://pypi.org/project/commonregex,2021-12-15 15:25:21.835,2021-12-15 15:25:21.835,1.5.4,6.0,8.0,54070.0,54070.0,,,,,,,,3.0,,,,,,,,,,,,,,,,,,,,
315,pinject,google/pinject,A pythonic dependency injection library.,,utilities,https://github.com/google/pinject,11.0,https://github.com/google/pinject,Apache-2.0,2013-06-20 23:46:50.000,2025-04-22 14:58:01.367,87.0,28.0,1348.0,20,False,pinject,conda-forge/pinject,,14.0,,https://pypi.org/project/pinject,2021-12-15 14:38:46.326,2021-12-15 14:38:46.326,0.10.1,14.0,14.0,79364.0,79530.0,https://anaconda.org/conda-forge/pinject,2025-04-22 14:58:01.367,10018.0,,,,,3.0,,,,,,,,,2021-03-23 16:42:22,285.0,1.0,24.0,10.0,,,,,,,
316,fabtools,fabtools/fabtools,Tools for writing awesome Fabric files.,,infrastructure,https://github.com/fabtools/fabtools,88.0,https://github.com/fabtools/fabtools,BSD-2-Clause,2011-09-05 01:44:24.000,2018-03-18 12:07:00.000,218.0,104.0,1153.0,20,False,fabtools,,,319.0,317.0,https://pypi.org/project/fabtools,2016-10-12 10:37:57.000,2016-10-12 10:37:57.000,0.20.0,30.0,2.0,699.0,699.0,,,,,,,,3.0,,,,,,,,,,,,,,,,,,,,
317,pickleDB,patx/pickledb,pickleDB is an in memory key-value store using Pythons orjson module for persistence. It can also use SQLite instead..,,data-containers,https://github.com/patx/pickledb,17.0,https://github.com/patx/pickledb,BSD-3-Clause,2011-10-28 00:04:40.000,2026-05-10 00:16:30.000,134.0,18.0,1071.0,20,True,pickledb,,,3417.0,3409.0,https://pypi.org/project/pickledb,2026-01-05 04:52:06.000,2025-12-10 21:30:53.000,1.4.1,31.0,8.0,23878.0,23878.0,,,,,,,,3.0,,,,,,,,,,,,,,,,,,,,
318,unsync,alex-sherman/unsync,Unsynchronize asyncio.,,async,https://github.com/alex-sherman/unsync,11.0,https://github.com/alex-sherman/unsync,MIT,2018-02-06 02:16:16.000,2025-04-22 14:57:27.673,54.0,3.0,901.0,20,False,unsync,conda-forge/unsync,,304.0,271.0,https://pypi.org/project/unsync,2021-10-21 00:46:56.000,2021-10-21 00:46:56.000,1.4.0,9.0,33.0,93598.0,94041.0,https://anaconda.org/conda-forge/unsync,2025-04-22 14:57:27.673,33290.0,,,,,3.0,,,,,,,,,,,,,,,,,,,,
319,ubelt,Erotemic/ubelt,"A Python utility library with a stdlib like feel and extra batteries. Paths, Progress, Dicts, Downloads, Caching,..",,utilities,https://github.com/Erotemic/ubelt,6.0,https://github.com/Erotemic/ubelt,Apache-2.0,2017-01-30 21:14:57.000,2026-09-06 10:10:56.536,51.0,11.0,740.0,20,True,ubelt,conda-forge/ubelt,,136.0,,https://pypi.org/project/ubelt,2026-07-31 01:08:01.000,2026-07-31 01:08:01.000,1.4.3,80.0,136.0,30110.0,37922.0,https://anaconda.org/conda-forge/ubelt,2026-09-06 10:10:56.536,468760.0,,,,,3.0,,,,,,,,,,,,,,,,,,,,
320,messytables,okfn/messytables,Tools for parsing messy tabular data. This is now superseded by https://github.com/frictionlessdata/tabulator-py.,,data-loading,https://github.com/okfn/messytables,44.0,https://github.com/okfn/messytables,MIT,2011-07-27 18:08:21.000,2023-05-22 21:34:25.000,109.0,41.0,390.0,20,False,messytables,,,358.0,345.0,https://pypi.org/project/messytables,2017-02-09 12:37:47.000,2017-02-09 12:37:47.000,0.15.2,26.0,13.0,12951.0,12951.0,,,,,,,,3.0,,,,,,,,,,,,,,,,,,,,
321,pyhdb,SAP-archive/PyHDB,SAP HANA Connector in pure Python.,,db-clients,https://github.com/SAP-archive/PyHDB,10.0,https://github.com/SAP-archive/PyHDB,Apache-2.0,2014-12-12 04:02:40.000,2021-05-04 17:33:58.000,133.0,,315.0,20,False,pyhdb,,,272.0,261.0,https://pypi.org/project/pyhdb,2018-02-16 12:37:13.000,2018-02-16 12:37:13.000,0.3.4,8.0,11.0,80740.0,80740.0,,,,,,,,3.0,,,,,,,,,,,,,,,,,,,,
322,deepdish,uchicago-cs/deepdish,Flexible HDF5 saving/loading and other data science tools from the University of Chicago.,,data-loading,https://github.com/uchicago-cs/deepdish,11.0,https://github.com/uchicago-cs/deepdish,BSD-3-Clause,2014-08-27 18:10:26.000,2025-04-22 14:56:29.245,59.0,18.0,271.0,20,False,deepdish,conda-forge/deepdish,,1053.0,989.0,https://pypi.org/project/deepdish,2021-09-24 05:09:00.400,2021-09-24 05:09:00.400,0.3.7,17.0,64.0,4658.0,8360.0,https://anaconda.org/conda-forge/deepdish,2025-04-22 14:56:29.245,273948.0,,,,,3.0,,,,,,,,,,,,,,,,,,,,
323,Queries,gmr/queries,PostgreSQL database access simplified.,,db-clients,https://github.com/gmr/queries,12.0,https://github.com/gmr/queries,BSD-3-Clause,2012-08-24 16:12:55.000,2021-11-16 15:05:15.000,34.0,6.0,259.0,20,False,queries,,,154.0,151.0,https://pypi.org/project/queries,2021-11-16 15:05:08.000,2021-11-16 15:05:08.000,2.1.1,30.0,3.0,724440.0,724440.0,,,,,,,,3.0,,,,,,,,,,,,,,,,,,,,
324,fletcher,xhochy/fletcher,Pandas ExtensionDType/Array backed by Apache Arrow.,,data-containers,https://github.com/xhochy/fletcher,24.0,https://github.com/xhochy/fletcher,MIT,2018-03-04 16:44:22.000,2025-04-22 14:56:52.754,33.0,,232.0,20,False,fletcher,conda-forge/fletcher,,13.0,11.0,https://pypi.org/project/fletcher,2021-01-17 20:11:01.000,2021-01-17 20:11:01.000,0.7.2,16.0,2.0,183.0,1214.0,https://anaconda.org/conda-forge/fletcher,2025-04-22 14:56:52.754,101110.0,,,,,3.0,['pandas'],,,,,,,,2023-02-22 15:16:59,522.0,3.0,147.0,74.0,,29.0,,,,,
325,aioprometheus,claws/aioprometheus,A Prometheus Python client library for asyncio-based applications.,,db-clients,https://github.com/claws/aioprometheus,12.0,https://github.com/claws/aioprometheus,MIT,2016-06-18 12:53:23.000,2024-08-21 08:17:58.000,21.0,14.0,176.0,20,False,aioprometheus,,,572.0,556.0,https://pypi.org/project/aioprometheus,2023-12-27 23:54:29.000,2023-12-27 23:54:29.000,23.12.0,27.0,16.0,106007.0,106007.0,,,,,,,,3.0,,,,,,,,5.0,,,,,,,,,,,,
326,clint,kennethreitz-archive/clint,Python Command Line Interface Tools.,,cli-helpers,https://github.com/kennethreitz/clint,64.0,,ISC,2016-05-24 20:22:15.785,2025-04-22 14:56:23.827,19.0,,95.0,20,False,clint,conda-forge/clint,,5843.0,5456.0,https://pypi.org/project/clint,2015-08-25 16:11:19.000,2015-08-25 16:11:19.000,0.5.1,18.0,387.0,299075.0,300271.0,https://anaconda.org/conda-forge/clint,2025-04-22 14:56:23.827,148320.0,,,,,3.0,,,,,,,,,,,,,,,,,,,,
327,hydra,facebookresearch/hydra,A high performance persistent bloom filter.,,configuration,http://github.com/crankycoder/Hydra,149.0,,MIT,2020-11-03 23:31:05.971,2026-08-30 09:55:05.171,6.0,,20.0,20,False,hydra,conda-forge/hydra-core,,44840.0,44827.0,https://pypi.org/project/hydra,2016-08-03 13:21:51.000,,,14.0,13.0,5488.0,34384.0,https://anaconda.org/conda-forge/hydra-core,2026-08-30 09:55:05.171,2022738.0,,,,,3.0,,,,,,,,,,,,,,,,,,,,
328,bashplotlib,glamp/bashplotlib,plotting in the terminal.,,cli-helpers,https://github.com/glamp/bashplotlib,20.0,https://github.com/glamp/bashplotlib,MIT,2012-12-13 04:01:10.000,2024-06-23 22:00:04.000,142.0,24.0,1918.0,19,False,bashplotlib,,,207.0,193.0,https://pypi.org/project/bashplotlib,2016-02-06 21:56:46.000,2016-02-06 21:56:46.000,0.6.5,27.0,14.0,3509.0,3509.0,,,,,,,,3.0,,,,,,,,,,,,,,,,,,,,
329,riko,nerevu/riko,A Python stream processing engine modeled after Yahoo! Pipes.,,data-pipelines,https://github.com/nerevu/riko,25.0,https://github.com/nerevu/riko,MIT,2016-06-02 12:22:51.000,2026-09-01 00:43:01.000,75.0,24.0,1606.0,19,True,riko,,,14.0,14.0,https://pypi.org/project/riko,2026-09-01 00:43:01.000,2026-08-28 14:26:42.000,0.76.1,73.0,,788.0,788.0,,,,,,,,3.0,,,,,,,,,,,,,,,,,,,,
330,enaml,nucleic/enaml,Declarative User Interfaces for Python.,,gui-dev,https://github.com/nucleic/enaml,44.0,https://github.com/nucleic/enaml,,2013-03-06 21:29:01.000,2025-12-15 10:34:13.000,132.0,49.0,1569.0,19,False,enaml,conda-forge/enaml,,275.0,253.0,https://pypi.org/project/enaml,2025-10-06 16:08:39.000,2025-10-06 16:08:39.000,0.19.0,32.0,22.0,4503.0,11224.0,https://anaconda.org/conda-forge/enaml,2025-10-27 16:55:18.289,504087.0,,,,,3.0,,,,,,,,,,,,,,,,,,,,
331,Pypeline,cgarciae/pypeln,Concurrent data pipelines in Python .,,data-pipelines,https://github.com/cgarciae/pypeln,13.0,https://github.com/cgarciae/pypeln,MIT,2018-09-01 13:43:31.000,2025-04-22 14:57:31.976,89.0,21.0,1408.0,19,False,pypeln,conda-forge/pypeln,,183.0,172.0,https://pypi.org/project/pypeln,2022-01-06 15:32:39.000,2022-01-06 15:32:39.000,0.4.9,36.0,11.0,30478.0,30793.0,https://anaconda.org/conda-forge/pypeln,2025-04-22 14:57:31.976,23360.0,,,,,3.0,,,,,,,,,,,,,,,,,,,,
332,Unipath,mikeorr/Unipath,An object-oriented approach to Python file/directory operations.,,file-path-utils,https://github.com/mikeorr/Unipath,6.0,https://github.com/mikeorr/Unipath,MIT,2013-01-28 04:38:28.000,2022-01-11 09:35:44.000,39.0,9.0,514.0,19,False,unipath,,,59.0,,https://pypi.org/project/unipath,2015-02-11 04:36:12.000,2009-03-29 15:28:56.000,0.2.1,3.0,59.0,114031.0,114031.0,,,,,,,,3.0,,,,,,,,-3.0,,,,,,,,,,,,
333,awesome-slugify,voronind/awesome-slugify,Python flexible slugify function.,,text,https://github.com/voronind/awesome-slugify,11.0,https://github.com/voronind/awesome-slugify,GPL-3.0,2013-10-19 02:58:27.000,2025-04-22 14:56:21.449,45.0,18.0,483.0,19,False,awesome-slugify,conda-forge/awesome-slugify,,3641.0,3518.0,https://pypi.org/project/awesome-slugify,2015-06-05 06:31:13.000,2015-06-05 06:31:13.000,1.6.5,26.0,123.0,57300.0,59288.0,https://anaconda.org/conda-forge/awesome-slugify,2025-04-22 14:56:21.449,248530.0,,,,,3.0,,,,,,,,,,,,,,,,,,,,
334,StaticFrame,InvestmentSystems/static-frame,Immutable and statically-typeable DataFrames with runtime type and data validation.,,data-containers,https://github.com/static-frame/static-frame,31.0,,MIT,2020-05-13 01:20:02.990,2026-08-11 02:43:21.000,38.0,,483.0,19,True,static-frame,conda-forge/static-frame,,39.0,33.0,https://pypi.org/project/static-frame,2026-08-11 02:43:21.000,2026-08-11 02:43:21.000,5.1.1,244.0,6.0,3806.0,12609.0,https://anaconda.org/conda-forge/static-frame,2026-07-07 15:09:19.290,669067.0,,,,,3.0,,,,,,,,,,,,,,,,,,,,
335,Upgini,upgini/upgini,Data search & enrichment library for Machine Learning Easily find and add relevant features to your ML & AI pipeline..,,data-loading,https://github.com/upgini/upgini,14.0,https://github.com/upgini/upgini,BSD-3-Clause,2021-12-08 21:53:58.000,2026-09-23 13:59:16.000,26.0,1.0,358.0,19,True,upgini,,,11.0,11.0,https://pypi.org/project/upgini,2026-09-23 13:59:16.000,2026-09-23 13:59:16.000,1.2.167,1305.0,,21087.0,21087.0,,,,,,,,3.0,,,,,,,,,,,,,,,,,,,,
336,dbnd,databand-ai/dbnd,DBND is an agile pipeline framework that helps data engineering teams track and orchestrate their data processes.,,data-pipelines,https://github.com/databand-ai/dbnd,93.0,https://github.com/databand-ai/dbnd,Apache-2.0,2020-01-02 10:42:47.000,2026-03-05 14:05:40.000,33.0,26.0,269.0,19,True,dbnd,,,69.0,42.0,https://pypi.org/project/dbnd,2026-03-05 14:05:40.000,2022-09-07 10:31:33.181,0.90.10,573.0,27.0,13543.0,13543.0,,,,,,,,3.0,,,,,,,,,,,,,,,,,,,,
337,pysparkling,svenkreiss/pysparkling,A pure Python implementation of Apache Sparks RDD and DStream interfaces.,,data-pipelines,https://github.com/svenkreiss/pysparkling,10.0,https://github.com/svenkreiss/pysparkling,MIT,2015-05-09 19:23:20.000,2025-04-22 14:57:49.185,48.0,9.0,255.0,19,False,pysparkling,conda-forge/pysparkling,,250.0,248.0,https://pypi.org/project/pysparkling,2022-11-13 18:45:00.900,2022-11-13 18:45:00.900,0.6.2,69.0,2.0,30817.0,30914.0,https://anaconda.org/conda-forge/pysparkling,2025-04-22 14:57:49.185,6452.0,,,,,3.0,,,,,,,,,,,,,,,,,,,,
338,cloudant,cloudant/python-cloudant,A Python library for Cloudant and CouchDB.,,db-clients,https://github.com/cloudant/python-cloudant,33.0,https://github.com/cloudant/python-cloudant,Apache-2.0,2015-08-28 16:22:49.000,2026-04-29 15:40:52.997,55.0,,163.0,19,True,cloudant,conda-forge/cloudant,,34.0,,https://pypi.org/project/cloudant,2021-08-26 11:14:04.000,2021-08-26 11:14:04.000,2.15.0,47.0,34.0,230030.0,236767.0,https://anaconda.org/conda-forge/cloudant,2026-04-29 15:40:52.997,431206.0,,,,,3.0,,,,,,,,,,,,,,,,,,,,
339,Click Extra,kdeldycke/click-extra,Drop-in replacement for Click to make user-friendly and colorful CLI.,,cli-helpers,https://github.com/kdeldycke/click-extra,16.0,https://github.com/kdeldycke/click-extra,GPL-2.0,2021-10-18 08:02:27.000,2026-09-23 14:32:53.000,13.0,4.0,123.0,19,True,click-extra,,,196.0,140.0,https://pypi.org/project/click-extra,2026-09-23 14:32:41.000,2026-09-23 14:32:41.000,9.3.4,163.0,56.0,77493.0,77493.0,,,,,,,,3.0,,,,,,,,,,,,,,,,,,,,
340,storm,emre/storm,Manage your SSH like a boss.,,infrastructure,https://github.com/emre/storm,30.0,https://github.com/emre/storm,MIT,2013-05-20 18:30:39.000,2026-09-16 11:26:17.000,147.0,22.0,3271.0,18,True,storm,,,4.0,,https://pypi.org/project/storm,2026-09-16 11:26:17.000,2009-11-30 08:37:12.000,0.16.0,21.0,4.0,2773.0,2773.0,,,,,,,,3.0,,,,,,,,,,,,,,,,,,,,
341,psycopg3,psycopg/psycopg,New generation PostgreSQL database adapter for the Python programming language.,,db-clients,https://github.com/psycopg/psycopg,110.0,https://github.com/psycopg/psycopg,LGPL-3.0,2020-03-15 04:15:53.000,2026-09-22 15:53:38.000,275.0,57.0,2501.0,18,True,,,,,,,,,,,,,,,,,,,,,3.0,,,,,,,,,,,,,,,,,,,,
342,PyPattyrn,tylerlaberge/PyPattyrn,A simple library for implementing common design patterns.,,algorithms,https://github.com/tylerlaberge/PyPattyrn,4.0,https://github.com/tylerlaberge/PyPattyrn,MIT,2016-07-17 22:09:31.000,2024-05-26 00:24:11.000,156.0,,2348.0,18,False,pypattyrn,,,14.0,,https://pypi.org/project/pypattyrn,2016-09-11 02:18:42.000,2016-09-11 02:13:18.000,1.2,3.0,14.0,1100.0,1100.0,,,,,,,,3.0,,,,,,,,,2024-05-26 00:24:11,104.0,1.0,4.0,41.0,,,,,,,
343,excalibur,camelot-dev/excalibur,A web interface to extract tabular data from PDFs.,,data-loading,https://github.com/camelot-dev/excalibur,15.0,https://github.com/camelot-dev/excalibur,MIT,2018-10-20 11:34:49.000,2025-01-03 15:51:25.000,240.0,119.0,1679.0,18,False,excalibur-py,,,94.0,94.0,https://pypi.org/project/excalibur-py,2025-01-03 15:51:25.000,2025-01-03 15:51:25.000,1.0.1,12.0,,287.0,287.0,,,,,,,,3.0,,,,,,,,,,,,,,,,,,,,
344,PugSQL,mcfunley/pugsql,A HugSQL-inspired database library for Python.,,db-clients,https://github.com/mcfunley/pugsql,14.0,https://github.com/mcfunley/pugsql,Apache-2.0,2019-05-19 16:55:38.000,2025-12-04 18:38:50.000,27.0,26.0,759.0,18,True,pugsql,,,87.0,84.0,https://pypi.org/project/pugsql,2025-12-04 18:38:43.000,2025-12-04 18:38:43.000,0.3.7,33.0,3.0,23908.0,23908.0,,,,,,,,3.0,,,,,,,,,,,,,,,,,,,,
345,pypyr,pypyr/pypyr,"pypyr task-runner cli & api for automation pipelines. Automate anything by combining commands, different scripts in..",,infrastructure,https://github.com/pypyr/pypyr,8.0,https://github.com/pypyr/pypyr,Apache-2.0,2017-03-24 11:26:15.000,2025-04-22 14:58:08.234,28.0,16.0,640.0,18,False,pypyr,conda-forge/pypyr,,150.0,139.0,https://pypi.org/project/pypyr,2023-09-22 03:14:38.000,2023-09-22 03:14:38.000,5.9.1,85.0,11.0,11978.0,12709.0,https://anaconda.org/conda-forge/pypyr,2025-04-22 14:58:08.234,40987.0,,,,,3.0,,,,,,,,,,,,,,,,,,,,
346,datatest,shawnbrown/datatest,Tools for test driven data-wrangling and data validation.,,data-loading,https://github.com/shawnbrown/datatest,7.0,https://github.com/shawnbrown/datatest,Apache-2.0,2016-05-12 13:16:27.000,2021-12-05 17:44:33.000,15.0,14.0,286.0,18,False,datatest,,,213.0,204.0,https://pypi.org/project/datatest,2021-01-04 03:39:40.000,2021-01-04 03:39:40.000,0.11.1,17.0,9.0,12860.0,12860.0,,,,,,,,3.0,,,,,,,,,,,,,,,,,,,,
347,valideer,podio/valideer,Lightweight data validation and adaptation Python library.,,data-validation,https://github.com/podio/valideer,11.0,https://github.com/podio/valideer,MIT,2012-07-25 12:33:39.000,2025-04-22 14:56:21.736,27.0,9.0,263.0,18,False,valideer,conda-forge/valideer,,83.0,80.0,https://pypi.org/project/valideer,2015-12-20 08:56:50.000,2015-12-20 08:56:50.000,0.4.2,8.0,3.0,9366.0,10223.0,https://anaconda.org/conda-forge/valideer,2025-04-22 14:56:21.736,107164.0,,,,,3.0,,,,,,,,,,,,,,,,,,,,
348,everett,willkg/everett,configuration library for python projects.,,configuration,https://github.com/willkg/everett,9.0,https://github.com/willkg/everett,MPL-2.0,2016-08-01 19:20:54.000,2025-10-15 12:34:36.000,14.0,4.0,148.0,18,True,everett,conda-forge/everett,,22.0,,https://pypi.org/project/everett,2025-10-15 12:34:11.000,2025-10-15 12:34:11.000,3.5.0,22.0,22.0,356756.0,358578.0,https://anaconda.org/conda-forge/everett,2025-04-22 14:57:11.114,129409.0,,,,,3.0,,,,,,,,,2025-10-15 12:33:05,415.0,1.0,176.0,92.0,,,,,,,
349,stopit,glenfant/stopit,"Raise asynchronous exceptions in other thread, control the timeout of blocks or callables with a context manager or a..",,async,https://github.com/glenfant/stopit,7.0,https://github.com/glenfant/stopit,GPL-3.0,2014-02-09 15:40:01.000,2026-02-09 23:38:04.785,8.0,1.0,35.0,18,False,stopit,conda-forge/stopit,,3459.0,3361.0,https://pypi.org/project/stopit,2018-02-09 00:32:14.000,2018-02-09 00:32:14.000,1.1.2,4.0,98.0,208787.0,426039.0,https://anaconda.org/conda-forge/stopit,2026-02-09 23:38:04.785,4562293.0,,,,,3.0,,,,,,,,,,,,,,,,,,,,
350,grumpy,google/grumpy,Grumpy is a Python to Go source code transcompiler and runtime.,,python-implementations,https://github.com/google/grumpy,30.0,https://github.com/google/grumpy,Apache-2.0,2016-12-21 17:49:01.000,2022-01-18 09:01:43.000,631.0,80.0,10492.0,17,False,grumpy-tools,,,25.0,24.0,https://pypi.org/project/grumpy-tools,2018-07-24 16:42:00.000,2018-07-24 16:42:00.000,0.3.0,9.0,1.0,17.0,17.0,,,,,,,,2.0,,,,,,,,,,,,,,,,,,,,
351,borb,jorisschellekens/borb,"pText is a library for reading, creating and manipulating PDF files in python.",,data-loading,https://github.com/jorisschellekens/ptext-release,2.0,,,2021-08-27 00:50:09.718,2026-08-04 14:32:16.815,158.0,,3568.0,17,False,ptext-joris-schellekens,conda-forge/borb,,382.0,382.0,https://pypi.org/project/ptext-joris-schellekens,2021-07-20 11:34:32.000,2021-07-20 11:34:32.000,2.0.4,61.0,,4.0,2437.0,https://anaconda.org/conda-forge/borb,2026-08-04 14:32:16.815,148468.0,,,,,3.0,,,,,,,,,,,,,,,,,,,,
352,Optimus,hi-primus/optimus,"Agile Data Preparation Workflows madeeasy with Pandas, Dask, cuDF, Dask-cuDF, Vaex and PySpark.",,data-pipelines,https://github.com/hi-primus/optimus,25.0,https://github.com/hi-primus/optimus,Apache-2.0,2017-07-13 02:31:18.000,2024-12-02 14:09:25.000,232.0,30.0,1540.0,17,False,optimuspyspark,,,,,https://pypi.org/project/optimuspyspark,2020-07-19 03:22:09.765,2020-07-19 03:22:09.765,2.2.32,85.0,,1310.0,1310.0,,,,,,,,3.0,['spark'],,,,,,,,,,,,,,,,,,,
353,streamparse,Parsely/streamparse,streamparse lets you run Python code against real-time streams of data. Integrates with Apache Storm.,,data-pipelines,https://github.com/Parsely/streamparse,47.0,,Apache-2.0,,2024-08-09 15:17:04.000,220.0,,1505.0,17,False,streamparse,,,78.0,76.0,https://pypi.org/project/streamparse,2024-08-09 15:17:04.000,2024-08-09 15:17:04.000,5.0.1,53.0,2.0,451.0,451.0,,,,,,,,3.0,,,,,,,,,,,,,,,,,,,,
354,rows,turicas/rows,"A common, beautiful interface to tabular data, no matter the format.",,data-loading,https://github.com/turicas/rows,32.0,https://github.com/turicas/rows,LGPL-3.0,2014-05-07 05:43:11.000,2026-03-11 15:50:43.000,136.0,161.0,886.0,17,True,rows,,,188.0,182.0,https://pypi.org/project/rows,2021-12-15 14:50:33.964,2021-12-15 14:50:33.964,0.0.0,10.0,6.0,5800.0,5800.0,,,,,,,,3.0,,,,,,,,,,,,,,,,,,,,
355,pdpipe,pdpipe/pdpipe,Easy pipelines for pandas DataFrames.,,data-pipelines,https://github.com/pdpipe/pdpipe,14.0,https://github.com/pdpipe/pdpipe,MIT,2017-01-24 20:37:22.000,2026-03-06 22:38:46.450,46.0,11.0,725.0,17,True,pdpipe,conda-forge/pdpipe,,81.0,67.0,https://pypi.org/project/pdpipe,2026-03-06 20:18:03.000,2025-07-01 13:09:01.000,1.1.0,89.0,14.0,816.0,1777.0,https://anaconda.org/conda-forge/pdpipe,2026-03-06 22:38:46.450,67319.0,,,,,3.0,['pandas'],,,,,,,,,,,,,,,,,,,
356,cachier,shaypal5/cachier,"Persistent, stale-free, local and cross-machine caching for Python functions.",,caching,https://github.com/python-cachier/cachier,28.0,,,,2026-03-26 09:47:43.000,73.0,,657.0,17,False,cachier,,,669.0,611.0,https://pypi.org/project/cachier,2026-03-26 09:47:43.000,2026-03-26 09:47:43.000,4.2.0,69.0,58.0,124600.0,124600.0,,,,,,,,3.0,,,,,,,,,,,,,,,,,,,,
357,Pandas Summary,polyaxon/datatile,An extension to pandas describe function.,,data-containers,https://github.com/mouradmourafiq/pandas-summary,100.0,,MIT,,2021-11-25 22:52:42.000,46.0,,534.0,17,False,pandas-summary,,,21.0,,https://pypi.org/project/pandas-summary,2021-11-25 22:52:42.000,2021-11-25 22:52:42.000,0.2.0,10.0,21.0,121900.0,121900.0,,,,,,,,3.0,['pandas'],,,,,,,,,,,,,,,,,,,
358,PyMODM,mongodb/pymodm,"A Pythonic, object-oriented interface for working with MongoDB.",,db-clients,https://github.com/mongodb/pymodm,18.0,https://github.com/mongodb/pymodm,Apache-2.0,2016-03-30 16:24:59.000,2025-04-22 14:57:21.446,64.0,2.0,351.0,17,False,pymodm,conda-forge/pymodm,,10.0,,https://pypi.org/project/pymodm,2020-04-30 18:54:55.036,2020-04-30 18:54:55.036,0.4.3,8.0,10.0,13482.0,13590.0,https://anaconda.org/conda-forge/pymodm,2025-04-22 14:57:21.446,8591.0,,,,,3.0,,,,,,,,,,,,,,,,,,,,
359,BatchFlow,analysiscenter/batchflow,BatchFlow helps you conveniently work with random or sequential batches of your data and define data processing and..,,data-pipelines,https://github.com/analysiscenter/batchflow,40.0,https://github.com/analysiscenter/batchflow,Apache-2.0,2017-03-13 14:22:53.000,2026-04-16 14:26:46.000,45.0,33.0,205.0,17,True,batchflow,,,15.0,15.0,https://pypi.org/project/batchflow,2026-04-16 14:26:38.000,2026-04-16 14:26:38.000,0.10.1,26.0,,824.0,824.0,,,,,,,,3.0,,,,,,,,,,,,,,,,,,,,
360,typical,seandstewart/typical,"Typical: Fast, simple, & correct data-validation using Python 3 typing.",,data-validation,https://github.com/seandstewart/typical,9.0,https://github.com/seandstewart/typical,MIT,2019-03-15 01:24:36.000,2025-04-22 14:57:52.419,9.0,,184.0,17,False,typical,conda-forge/typical,,7.0,,https://pypi.org/project/typical,2024-09-09 15:55:59.000,2024-09-09 15:55:59.000,2.9.0,116.0,7.0,543.0,1812.0,https://anaconda.org/conda-forge/typical,2025-04-22 14:57:52.419,81253.0,,,,,3.0,,,,,,,,,2024-09-09 14:36:29,535.0,,110.0,99.0,,,,,,,
361,millify,azaitsev/millify,Convert long numbers into a human-readable format in Python.,,text,https://github.com/azaitsev/millify,1.0,https://github.com/azaitsev/millify,MIT,2018-01-15 01:27:12.000,2022-04-19 08:41:41.000,14.0,12.0,106.0,17,False,millify,,,1663.0,1648.0,https://pypi.org/project/millify,2018-01-15 02:19:08.000,2018-01-15 02:19:08.000,0.1.1,1.0,15.0,73147.0,73147.0,,,,,,,,3.0,,,,,,,,,,,,,,,,,,,,
362,dpark,douban/dpark,"Python clone of Spark, a MapReduce alike framework in Python.",,data-pipelines,https://github.com/douban/dpark,36.0,https://github.com/douban/dpark,BSD-3-Clause,2012-04-11 08:35:06.000,2020-12-25 10:36:06.000,530.0,1.0,2680.0,16,False,dpark,,,8.0,8.0,https://pypi.org/project/dpark,2018-07-27 04:11:36.000,2018-07-27 04:11:36.000,0.5.0,19.0,,25.0,25.0,,,,,,,,3.0,['spark'],,,,,,,,,,,,,,,,,,,
363,kale,kubeflow-kale/kale,Convert JupyterNotebooks to Kubeflow Pipelines deployments.,,data-pipelines,https://github.com/kubeflow/kale,29.0,,Apache-2.0,,2026-08-07 17:23:34.000,158.0,,699.0,16,True,kubeflow-kale,,,,,https://pypi.org/project/kubeflow-kale,2026-08-07 17:23:34.000,2026-08-07 17:23:34.000,2.2.0,24.0,,1258.0,1258.0,,,,,,,,3.0,['jupyter'],,,,,,,,,,,,,,,,,,,
364,macropy,lihaoyi/macropy,"Macros in Python: quasiquotes, case classes, LINQ and more!.",,others,https://github.com/lihaoyi/macropy,19.0,https://github.com/lihaoyi/macropy,MIT,2013-04-15 14:47:29.000,2018-05-11 23:17:05.000,139.0,16.0,2504.0,15,False,macropy3,,,30.0,,https://pypi.org/project/macropy3,2018-05-11 23:17:05.000,,,4.0,30.0,419.0,419.0,,,,,,,,3.0,,,,,,,,,,,,,,,,,,,,
365,wssh,aluzzardi/wssh,SSH to WebSockets Bridge.,,infrastructure,https://github.com/aluzzardi/wssh,9.0,https://github.com/aluzzardi/wssh,MIT,2012-07-24 05:26:41.000,2019-02-12 13:08:18.000,275.0,26.0,1297.0,15,False,wssh,,,13.0,13.0,https://pypi.org/project/wssh,2012-07-24 09:27:02.000,2012-07-24 09:27:02.000,0.1.0,1.0,,58.0,58.0,,,,,,,,3.0,,,,,,,,,,,,,,,,,,,,
366,db.py,yhat/db.py,db.py is an easier way to interact with your databases.,,db-clients,https://github.com/yhat/db.py,24.0,https://github.com/yhat/db.py,BSD-2-Clause,2014-10-26 15:36:57.000,2021-08-02 12:32:38.000,111.0,33.0,1215.0,15,False,db.py,,,2.0,,https://pypi.org/project/db.py,2017-03-31 14:41:57.000,2017-03-31 14:41:57.000,0.5.3,35.0,2.0,746.0,746.0,,,,,,,,3.0,,,,,,,,,,,,,,,,,,,,
367,colout,nojhan/colout,Color text streams with a polished command line interface.,,cli-helpers,https://github.com/nojhan/colout,31.0,https://github.com/nojhan/colout,GPL-3.0,2012-03-31 10:39:00.000,2024-10-14 12:43:37.000,59.0,14.0,1164.0,15,False,colout,,,9.0,9.0,https://pypi.org/project/colout,2020-06-21 20:05:59.000,2020-06-21 20:05:59.000,0.12.0,6.0,,890.0,890.0,,,,,,,,3.0,,,,,,,,,,,,,,,,,,,,
368,stackless,stackless-dev/stackless,The Stackless Python programming language.,,python-implementations,https://github.com/stackless-dev/stackless,1002.0,https://github.com/stackless-dev/stackless,,2017-09-05 14:36:10.000,2025-02-13 14:11:16.000,64.0,12.0,1052.0,15,False,,,,,,,,,,,,,,,,,,,,,3.0,,,,,,,,,2025-02-13 14:11:16,106030.0,2.0,40.0,256.0,,,,,,,
369,Databolt Flow,d6t/d6tflow,Python library for building highly effective data science workflows.,,data-pipelines,https://github.com/d6t/d6tflow,16.0,https://github.com/d6t/d6tflow,MIT,2019-02-03 01:51:22.000,2024-02-20 02:03:46.000,77.0,11.0,951.0,15,False,d6tflow,,,32.0,32.0,https://pypi.org/project/d6tflow,2024-02-20 02:03:46.000,2024-02-20 02:03:46.000,0.2.8,25.0,,173.0,173.0,,,,,,,,3.0,,,,,,,,,,,,,,,,,,,,
370,mrq,pricingassistant/mrq,Mr. Queue - A distributed worker task queue in Python using Redis & gevent.,,data-pipelines,https://github.com/pricingassistant/mrq,40.0,https://github.com/pricingassistant/mrq,MIT,2014-02-13 09:32:40.000,2023-06-13 19:16:57.000,114.0,64.0,883.0,15,False,mrq,,,36.0,36.0,https://pypi.org/project/mrq,2018-08-31 16:03:04.000,2018-08-31 16:03:04.000,0.9.10,70.0,,96.0,96.0,,,,,,,,3.0,,,,,,,,,,,,,,,,,,,,
371,cleverdict,PFython/cleverdict,A JSON-friendly data structure which allows both object attributes and dictionary keys and values to be used..,,data-structures,https://github.com/PFython/cleverdict,7.0,https://github.com/PFython/cleverdict,MIT,2020-06-20 05:07:58.000,2022-05-14 19:19:05.000,9.0,13.0,91.0,15,False,cleverdict,,,53.0,48.0,https://pypi.org/project/cleverdict,2022-02-15 06:59:08.000,2022-02-15 06:59:08.000,1.9.2,28.0,5.0,1393.0,1393.0,,,,,,,,3.0,,,,,,,,,,,,,,,,,,,,
372,pdfmux,NameetP/pdfmux,"PDF extraction that audits its own output and certifies any other extractors, catching pages they silently dropped...",,data-loading,https://github.com/NameetP/pdfmux,6.0,https://github.com/NameetP/pdfmux,MIT,2026-03-03 19:34:01.060,2026-07-27 17:39:52.000,12.0,11.0,77.0,15,False,pdfmux,,,5.0,,https://pypi.org/project/pdfmux,2026-07-27 17:39:22.000,2026-07-27 17:39:22.000,1.8.7,26.0,5.0,1240.0,1240.0,,,,,,,,3.0,"['python', 'pdf', 'markdown']",,,,,,,,,,,,,,,,,,,
373,daffy,vertti/daffy,"Lightweight DataFrame validation decorators for Pandas, Polars, Modin, and PyArrow. No custom types required.",,data-containers,https://github.com/vertti/daffy,9.0,https://github.com/vertti/daffy,MIT,2021-01-31 09:27:29.000,2026-08-10 07:08:39.000,5.0,1.0,58.0,15,False,daffy,,,6.0,6.0,https://pypi.org/project/daffy,2026-08-10 07:08:39.000,2026-08-10 07:08:39.000,3.1.0,57.0,,3372.0,3372.0,,,,,,,,3.0,['pandas'],,,,,,,,,,,,,,,,,,,
374,py2neo,py2neo-org/py2neo,Python client library and toolkit for Neo4j.,,db-clients,https://py2neo.org/,37.0,,Apache-2.0,2017-06-20 17:55:13.297,2025-04-22 14:56:37.891,,,,15,False,py2neo,conda-forge/py2neo,,147.0,,https://pypi.org/project/py2neo,2023-10-20 15:18:09.000,2023-10-20 15:18:09.000,2021.2.4,115.0,147.0,58601.0,60763.0,https://anaconda.org/conda-forge/py2neo,2025-04-22 14:56:37.891,240049.0,,,,,3.0,,,,,,,,,,,,,,,,,,,,
375,spark-deep-learning,databricks/spark-deep-learning,Deep Learning Pipelines for Apache Spark.,,data-pipelines,https://github.com/databricks/spark-deep-learning,17.0,https://github.com/databricks/spark-deep-learning,Apache-2.0,2017-05-31 17:30:28.000,2023-03-30 20:19:05.000,496.0,87.0,1996.0,14,False,,,,57.0,57.0,,,,,,,,,,,,,,,,3.0,['spark'],,,,,,,,,,,,,,,,,,,
376,Mara Pipelines,mara/mara-pipelines,"A lightweight opinionated ETL framework, halfway between plain scripts and Apache Airflow.",,data-pipelines,https://github.com/mara/mara-pipelines,17.0,https://github.com/mara/mara-pipelines,MIT,2018-03-31 20:37:22.000,2023-12-15 16:14:47.000,102.0,26.0,2082.0,13,False,mara-pipelines,,,1.0,,https://pypi.org/project/mara-pipelines,2023-12-06 18:12:20.000,2023-12-06 18:12:20.000,3.5.0,8.0,1.0,57.0,57.0,,,,,,,,3.0,,,,,,,,,,,,,,,,,,,,
377,Bounter,RaRe-Technologies/bounter,Counter for large datasets.,,data-containers,https://github.com/RaRe-Technologies/bounter,9.0,,MIT,,2022-11-20 08:18:00.871,46.0,,933.0,13,False,bounter,,,42.0,38.0,https://pypi.org/project/bounter,2022-11-20 08:18:00.871,2022-11-20 08:18:00.871,1.2.0,8.0,4.0,220.0,220.0,,,,,,,,3.0,,,,,,,,,,,,,,,,,,,,
378,csvs-to-sqlite,simonw/csvs-to-sqlite,Convert CSV files into a SQLite database.,,data-loading,https://github.com/simonw/csvs-to-sqlite,8.0,https://github.com/simonw/csvs-to-sqlite,Apache-2.0,2017-11-13 06:38:21.000,2025-04-10 17:01:58.000,70.0,41.0,898.0,13,False,csvs-to-sqlite,,,2.0,,https://pypi.org/project/csvs-to-sqlite,2025-04-10 17:01:58.000,2025-04-10 17:01:58.000,1.3.1,17.0,2.0,456.0,456.0,,,,,,,,3.0,,,,,,,,,,,,,,,,,,,,
379,SuperSQLite,plasticityai/supersqlite,A supercharged SQLite library for Python.,,db-clients,https://github.com/plasticityai/supersqlite,2.0,https://github.com/plasticityai/supersqlite,MIT,2018-11-09 08:20:26.000,2020-05-09 09:06:06.000,24.0,8.0,719.0,13,False,supersqlite,,,16.0,13.0,https://pypi.org/project/supersqlite,2018-11-22 02:36:46.000,2018-11-22 02:36:46.000,0.0.78,57.0,3.0,59.0,59.0,,,,,,,,3.0,,,,,,,,,,,,,,,,,,,,
380,lazydata,rstojnic/lazydata,Lazydata: Scalable data dependencies for Python projects.,,db-clients,https://github.com/rstojnic/lazydata,6.0,https://github.com/rstojnic/lazydata,Apache-2.0,2018-08-21 12:44:27.000,2019-02-13 18:15:09.000,24.0,10.0,622.0,13,False,lazydata,,,11.0,11.0,https://pypi.org/project/lazydata,2018-09-18 21:25:30.000,2018-09-18 21:25:30.000,1.0.19,19.0,,12.0,12.0,,,,,,,,3.0,,,,,,,,,,,,,,,,,,,,
381,validr,guyskk/validr,"A simple, fast, extensible python library for data validation.",,data-validation,https://github.com/guyskk/validr,7.0,https://github.com/guyskk/validr,MIT,2015-09-05 05:47:04.000,2024-07-09 17:38:26.000,12.0,8.0,222.0,13,False,validr,,,6.0,,https://pypi.org/project/validr,2023-12-13 20:40:33.000,2023-12-13 20:40:33.000,1.2.2,24.0,6.0,756.0,756.0,,,,,,,,3.0,,,,,,,,,,,,,,,,,,,,
382,gsheets-db-api,betodealmeida/gsheets-db-api,A Python DB-API and SQLAlchemy dialect to Google Spreasheets.,,db-clients,https://github.com/betodealmeida/gsheets-db-api,3.0,https://github.com/betodealmeida/gsheets-db-api,MIT,2018-09-10 22:07:02.000,2022-12-08 11:32:58.000,16.0,16.0,213.0,13,False,gsheetsdb,,,1.0,,https://pypi.org/project/gsheetsdb,2022-01-05 03:28:15.000,2021-02-17 21:00:28.000,0.1.13,15.0,1.0,4903.0,4903.0,,,,,,,,3.0,,,,,,,,,,,,,,,,,,,,
383,pyston,pyston/pyston,(No longer maintained) A faster and highly-compatible implementation of the Python programming language.,,python-implementations,https://github.com/pyston/pyston,1039.0,https://github.com/pyston/pyston,Apache-2.0,2021-03-01 22:38:24.000,2024-08-12 16:30:59.000,96.0,49.0,2505.0,12,False,,,,,,,,,,,,,,,,,,,,,3.0,,,,,,,,,,,,,,,,,,,,
384,Pipeless,pipeless-ai/pipeless,An open-source framework to create and deploy computer vision applications in minutes.,,computer-vision,https://github.com/pipeless-ai/pipeless,8.0,https://github.com/pipeless-ai/pipeless,Apache-2.0,2023-07-21 17:22:24.000,2024-05-08 10:13:19.000,52.0,17.0,851.0,12,False,pipeless-ai,,,2.0,,https://pypi.org/project/pipeless-ai,2023-11-02 12:42:21.000,2023-11-02 12:42:21.000,0.1.19,20.0,2.0,56.0,56.0,,,,,,,,1.0,,,,,,,,,,,,,,,,,,,,
385,Botflow,kkyon/botflow,"Python Fast Data driven programming framework for Data pipeline work( Web Crawler,Machine Learning,Quantitative..",,data-pipelines,https://github.com/kkyon/botflow,11.0,https://github.com/kkyon/botflow,BSD-3-Clause,2018-08-20 03:13:31.000,2018-09-14 14:38:32.000,51.0,,741.0,12,False,botflow,,,4.0,4.0,https://pypi.org/project/botflow,2018-09-14 14:38:32.000,2018-09-14 14:38:32.000,0.2.0,5.0,,20.0,20.0,,,,,,,,3.0,,,,,,,,,,,,,,,,,,,,
386,bodywork-core,bodywork-ml/bodywork-core,ML pipeline orchestration and model deployments on Kubernetes.,,data-pipelines,https://github.com/bodywork-ml/bodywork-core,4.0,https://github.com/bodywork-ml/bodywork-core,AGPL-3.0,2020-11-17 11:38:17.000,2023-08-18 06:42:48.000,22.0,21.0,434.0,12,False,bodywork,,,,,https://pypi.org/project/bodywork,2022-07-04 09:43:53.000,2022-07-04 09:43:53.000,3.0.12,62.0,,196.0,196.0,,,,,,,,3.0,,,,,,,,,,,,,,,,,,,,
387,PandaPy,firmai/pandapy,PandaPy has the speed of NumPy and the usability of Pandas 10x to 50x faster (by @firmai).,,data-containers,https://github.com/firmai/pandapy,3.0,https://github.com/firmai/pandapy,MIT,2020-01-15 18:21:23.000,2021-10-20 11:36:04.000,56.0,2.0,489.0,11,False,pandapy,,,9.0,9.0,https://pypi.org/project/pandapy,2020-01-25 23:10:32.000,,,22.0,,17.0,17.0,,,,,,,,3.0,['pandas'],,,,,,,,,,,,,,,,,,,
388,Grai,grai-io/grai-core,"Platform to programmatically manage, test, and debug data infrastructure.",,infrastructure,https://github.com/grai-io/grai-core,15.0,https://github.com/grai-io/grai-core,MIT-0,2022-06-09 16:16:22.000,2026-01-30 20:28:25.000,20.0,51.0,314.0,11,False,the-guide,,,,,https://pypi.org/project/the-guide,2023-08-11 19:02:53.000,2023-08-11 19:02:53.000,0.1.36,1.0,,5.0,5.0,,,,,,,,3.0,,,,,,,,,,,,,,,,,,,,
389,Squirrel,merantix-momentum/squirrel-core,"A Python library that enables ML teams to share, load, and transform data in a collaborative, flexible, and efficient..",,data-loading,https://github.com/merantix-momentum/squirrel-core,17.0,https://github.com/merantix-momentum/squirrel-core,Apache-2.0,2022-02-11 08:15:36.000,2025-01-23 12:07:28.000,8.0,3.0,283.0,11,False,squirrel-core,squirrel-core,,1.0,,https://pypi.org/project/squirrel-core,2025-01-23 12:07:28.000,2024-10-07 11:53:56.000,0.20.2,118.0,,148.0,148.0,https://anaconda.org/anaconda/squirrel-core,2022-11-18 08:24:02.000,,,,,,3.0,,,,,,,,,,,,,,,,1.0,,,,
390,datajob,vincentclaes/datajob,Build and deploy a serverless data pipeline on AWS with no effort.,,data-pipelines,https://github.com/vincentclaes/datajob,7.0,https://github.com/vincentclaes/datajob,Apache-2.0,2020-10-22 19:07:31.000,2022-12-09 09:29:43.000,18.0,18.0,101.0,11,False,datajob,,,3.0,3.0,https://pypi.org/project/datajob,2022-11-22 19:10:35.164,2022-11-22 19:10:35.164,0.11.0,13.0,,46.0,46.0,,,,,,,,3.0,,,,,,,,,,,,,,,,,,,,
391,onecite,HzaCode/OneCite,"An intelligent toolkit to automatically parse, complete, and format academic references.",,cli-helpers,https://github.com/HzaCode/OneCite,2.0,https://github.com/HzaCode/OneCite,MIT,2025-08-13 02:58:01.497,2026-04-17 16:14:17.000,8.0,1.0,56.0,11,False,onecite,,,,,https://pypi.org/project/onecite,2026-04-17 16:14:17.000,2026-04-17 16:14:17.000,0.1.1,13.0,,168.0,168.0,,,,,,,,3.0,,,,,,,,,,,,,,,,,,,,
392,RasgoQL,rasgointelligence/RasgoQL,"Write python locally, execute SQL in your data warehouse.",,data-pipelines,https://github.com/rasgointelligence/RasgoQL,10.0,https://github.com/rasgointelligence/RasgoQL,AGPL-3.0,2022-01-23 01:39:32.000,2022-07-05 16:55:25.000,12.0,6.0,268.0,10,False,rasgoql,,,,,https://pypi.org/project/rasgoql,2022-07-05 16:55:25.000,2022-07-05 16:55:25.000,1.6.4,33.0,,119.0,119.0,,,,,,,,3.0,,,,,,,,,,,,,,,,,,,,
393,dataklasses,dabeaz/dataklasses,A different spin on dataclasses.,,data-validation,https://github.com/dabeaz/dataklasses,3.0,https://github.com/dabeaz/dataklasses,,2021-12-19 23:40:48.000,2022-01-07 12:58:17.000,28.0,1.0,739.0,7,False,,,,,,,,,,,,,,,,,,,,,3.0,,,,,,,,,,,,,,,,,,,,
394,cl-python,metawilm/cl-python,An implementation of Python in Common Lisp.,,python-implementations,https://github.com/metawilm/cl-python,12.0,https://github.com/metawilm/cl-python,,2009-05-14 18:00:17.000,2017-11-08 09:37:08.000,25.0,3.0,242.0,7,False,,,,,,,,,,,,,,,,,,,,,3.0,,,,,,,,,,,,,,,,,,,,
395,Wayback-Archive,GeiserX/Wayback-Archive,Download complete websites from the Wayback Machine with full asset preservation for offline viewing.,,data-loading,https://github.com/GeiserX/Wayback-Archive,3.0,https://github.com/GeiserX/Wayback-Archive,GPL-3.0,2026-04-06 19:01:39.399,2026-08-20 14:01:46.000,7.0,1.0,27.0,6,False,,,,,,,,,,,,,,,,,,,,,3.0,,,,,,,,,,,,,,,,,,,,
